2025-02-27 14:44:52 [[32MINFO[39M]: API rodando em ambiente: development {
  "service": "poker-game-api"
}
2025-02-27 14:44:52 [[32MINFO[39M]: Poker Game API Server iniciado {
  "service": "poker-game-api",
  "port": "3000",
  "environment": "development"
}
2025-02-27 14:44:52 [[32MINFO[39M]: Documentação Swagger disponível em http://localhost:3000/api-docs {
  "service": "poker-game-api"
}
2025-02-27 14:53:41 [[32MINFO[39M]: API rodando em ambiente: development {
  "service": "poker-game-api"
}
2025-02-27 14:53:41 [[32MINFO[39M]: Poker Game API Server iniciado {
  "service": "poker-game-api",
  "port": "3001",
  "environment": "development"
}
2025-02-27 14:53:41 [[32MINFO[39M]: Documentação Swagger disponível em http://localhost:3001/api-docs {
  "service": "poker-game-api"
}
2025-02-27 14:54:26 [[34MDEBUG[39M]: Request Details {
  "service": "poker-game-api",
  "method": "POST",
  "url": "/game/join",
  "params": {},
  "query": {}
}
2025-02-27 14:54:26 [[32MHTTP[39M]: POST /game/join 404 10.091 ms {
  "service": "poker-game-api"
}
2025-02-27 14:54:28 [[34MDEBUG[39M]: Request Details {
  "service": "poker-game-api",
  "method": "POST",
  "url": "/game/join",
  "params": {},
  "query": {}
}
2025-02-27 14:54:28 [[32MHTTP[39M]: POST /game/join 404 2.197 ms {
  "service": "poker-game-api"
}
2025-02-27 14:54:30 [[34MDEBUG[39M]: Request Details {
  "service": "poker-game-api",
  "method": "POST",
  "url": "/game/join",
  "params": {},
  "query": {}
}
2025-02-27 14:54:30 [[32MHTTP[39M]: POST /game/join 404 2.848 ms {
  "service": "poker-game-api"
}
2025-02-27 14:54:32 [[34MDEBUG[39M]: Request Details {
  "service": "poker-game-api",
  "method": "POST",
  "url": "/game/join",
  "params": {},
  "query": {}
}
2025-02-27 14:54:32 [[32MHTTP[39M]: POST /game/join 404 2.049 ms {
  "service": "poker-game-api"
}
2025-02-27 14:54:34 [[34MDEBUG[39M]: Request Details {
  "service": "poker-game-api",
  "method": "POST",
  "url": "/game/join",
  "params": {},
  "query": {}
}
2025-02-27 14:54:34 [[32MHTTP[39M]: POST /game/join 404 1.384 ms {
  "service": "poker-game-api"
}
2025-02-27 14:59:36 [[32MINFO[39M]: API rodando em ambiente: development {
  "service": "poker-game-api"
}
2025-02-27 14:59:36 [[32MINFO[39M]: Poker Game API Server iniciado {
  "service": "poker-game-api",
  "port": "3001",
  "environment": "development"
}
2025-02-27 14:59:36 [[32MINFO[39M]: Documentação Swagger disponível em http://localhost:3001/api-docs {
  "service": "poker-game-api"
}
2025-02-27 15:01:16 [[32MINFO[39M]: API rodando em ambiente: development {
  "service": "poker-game-api"
}
2025-02-27 15:01:16 [[32MINFO[39M]: Poker Game API Server iniciado {
  "service": "poker-game-api",
  "port": "3001",
  "environment": "development"
}
2025-02-27 15:01:16 [[32MINFO[39M]: Documentação Swagger disponível em http://localhost:3001/api-docs {
  "service": "poker-game-api"
}
2025-02-27 15:01:19 [[34MDEBUG[39M]: Request Details {
  "service": "poker-game-api",
  "method": "GET",
  "url": "/api-docs/",
  "params": {},
  "query": {}
}
2025-02-27 15:01:19 [[32MHTTP[39M]: GET /api-docs/ 304 6.369 ms {
  "service": "poker-game-api"
}
2025-02-27 15:01:19 [[34MDEBUG[39M]: Request Details {
  "service": "poker-game-api",
  "method": "GET",
  "url": "/api-docs/swagger-ui.css",
  "params": {},
  "query": {}
}
2025-02-27 15:01:19 [[32MHTTP[39M]: GET /api-docs/swagger-ui.css 304 2.498 ms {
  "service": "poker-game-api"
}
2025-02-27 15:01:19 [[34MDEBUG[39M]: Request Details {
  "service": "poker-game-api",
  "method": "GET",
  "url": "/api-docs/swagger-ui-bundle.js",
  "params": {},
  "query": {}
}
2025-02-27 15:01:19 [[32MHTTP[39M]: GET /api-docs/swagger-ui-bundle.js 304 0.921 ms {
  "service": "poker-game-api"
}
2025-02-27 15:01:19 [[34MDEBUG[39M]: Request Details {
  "service": "poker-game-api",
  "method": "GET",
  "url": "/api-docs/swagger-ui-init.js",
  "params": {},
  "query": {}
}
2025-02-27 15:01:19 [[32MHTTP[39M]: GET /api-docs/swagger-ui-init.js 304 3.310 ms {
  "service": "poker-game-api"
}
2025-02-27 15:01:19 [[34MDEBUG[39M]: Request Details {
  "service": "poker-game-api",
  "method": "GET",
  "url": "/api-docs/swagger-ui-standalone-preset.js",
  "params": {},
  "query": {}
}
2025-02-27 15:01:19 [[32MHTTP[39M]: GET /api-docs/swagger-ui-standalone-preset.js 304 1.514 ms {
  "service": "poker-game-api"
}
2025-02-27 15:01:19 [[34MDEBUG[39M]: Request Details {
  "service": "poker-game-api",
  "method": "GET",
  "url": "/api-docs/favicon-32x32.png",
  "params": {},
  "query": {}
}
2025-02-27 15:01:19 [[32MHTTP[39M]: GET /api-docs/favicon-32x32.png 304 0.908 ms {
  "service": "poker-game-api"
}
2025-02-27 15:01:19 [[34MDEBUG[39M]: Request Details {
  "service": "poker-game-api",
  "method": "GET",
  "url": "/api-docs/favicon-32x32.png",
  "params": {},
  "query": {}
}
2025-02-27 15:01:19 [[32MHTTP[39M]: GET /api-docs/favicon-32x32.png 304 0.760 ms {
  "service": "poker-game-api"
}
2025-02-27 15:01:31 [[34MDEBUG[39M]: Request Details {
  "service": "poker-game-api",
  "method": "POST",
  "url": "/game/join",
  "params": {},
  "query": {}
}
2025-02-27 15:01:31 [[32MHTTP[39M]: POST /game/join 404 7.298 ms {
  "service": "poker-game-api"
}
2025-02-27 15:01:33 [[34MDEBUG[39M]: Request Details {
  "service": "poker-game-api",
  "method": "POST",
  "url": "/game/join",
  "params": {},
  "query": {}
}
2025-02-27 15:01:33 [[32MHTTP[39M]: POST /game/join 404 2.690 ms {
  "service": "poker-game-api"
}
2025-02-27 15:01:35 [[34MDEBUG[39M]: Request Details {
  "service": "poker-game-api",
  "method": "POST",
  "url": "/game/join",
  "params": {},
  "query": {}
}
2025-02-27 15:01:35 [[32MHTTP[39M]: POST /game/join 404 0.957 ms {
  "service": "poker-game-api"
}
2025-02-27 15:01:37 [[34MDEBUG[39M]: Request Details {
  "service": "poker-game-api",
  "method": "POST",
  "url": "/game/join",
  "params": {},
  "query": {}
}
2025-02-27 15:01:37 [[32MHTTP[39M]: POST /game/join 404 3.438 ms {
  "service": "poker-game-api"
}
2025-02-27 15:04:21 [[34MDEBUG[39M]: Request Details {
  "service": "poker-game-api",
  "method": "POST",
  "url": "/api/game/join",
  "params": {},
  "query": {}
}
2025-02-27 15:04:21 [[32MINFO[39M]: Game created with ID: 40a836d9-51df-40cc-a168-5c1cbedc5f72 {
  "service": "poker-game-api"
}
2025-02-27 15:04:21 [[32MINFO[39M]: Player joined game {
  "service": "poker-game-api",
  "gameId": "40a836d9-51df-40cc-a168-5c1cbedc5f72",
  "playerId": "adac1262-ed2c-465e-828b-a366806e27c7",
  "playerName": "TestPlayer"
}
2025-02-27 15:04:21 [[32MHTTP[39M]: POST /api/game/join 200 2.199 ms {
  "service": "poker-game-api"
}
2025-02-27 15:04:29 [[34MDEBUG[39M]: Request Details {
  "service": "poker-game-api",
  "method": "POST",
  "url": "/api/game/ready/adac1262-ed2c-465e-828b-a366806e27c7",
  "params": {},
  "query": {}
}
2025-02-27 15:04:29 [[34MDEBUG[39M]: Player marked as ready {
  "service": "poker-game-api",
  "gameId": "40a836d9-51df-40cc-a168-5c1cbedc5f72",
  "playerId": "adac1262-ed2c-465e-828b-a366806e27c7",
  "playerName": "TestPlayer"
}
2025-02-27 15:04:29 [[32MHTTP[39M]: POST /api/game/ready/adac1262-ed2c-465e-828b-a366806e27c7 200 1.163 ms {
  "service": "poker-game-api"
}
2025-02-27 15:04:39 [[34MDEBUG[39M]: Request Details {
  "service": "poker-game-api",
  "method": "GET",
  "url": "/api/game/state/adac1262-ed2c-465e-828b-a366806e27c7",
  "params": {},
  "query": {}
}
2025-02-27 15:04:39 [[34MDEBUG[39M]: Game state retrieved {
  "service": "poker-game-api",
  "gameId": "40a836d9-51df-40cc-a168-5c1cbedc5f72",
  "playerId": "adac1262-ed2c-465e-828b-a366806e27c7",
  "gamePhase": "waiting",
  "isGameOver": false
}
2025-02-27 15:04:39 [[32MHTTP[39M]: GET /api/game/state/adac1262-ed2c-465e-828b-a366806e27c7 200 0.694 ms {
  "service": "poker-game-api"
}
2025-02-27 15:05:57 [[34MDEBUG[39M]: Request Details {
  "service": "poker-game-api",
  "method": "POST",
  "url": "/api/game/join",
  "params": {},
  "query": {}
}
2025-02-27 15:05:57 [[32MINFO[39M]: Player joined game {
  "service": "poker-game-api",
  "gameId": "40a836d9-51df-40cc-a168-5c1cbedc5f72",
  "playerId": "284b7242-b5bc-47f1-84c8-133564e8bc6f",
  "playerName": "Poker Player"
}
2025-02-27 15:05:57 [[32MHTTP[39M]: POST /api/game/join 200 1.186 ms {
  "service": "poker-game-api"
}
2025-02-27 15:05:57 [[34MDEBUG[39M]: Request Details {
  "service": "poker-game-api",
  "method": "POST",
  "url": "/api/game/ready/284b7242-b5bc-47f1-84c8-133564e8bc6f",
  "params": {},
  "query": {}
}
2025-02-27 15:05:57 [[34MDEBUG[39M]: Player marked as ready {
  "service": "poker-game-api",
  "gameId": "40a836d9-51df-40cc-a168-5c1cbedc5f72",
  "playerId": "284b7242-b5bc-47f1-84c8-133564e8bc6f",
  "playerName": "Poker Player"
}
2025-02-27 15:05:57 [[32MINFO[39M]: Game started {
  "service": "poker-game-api",
  "gameId": "40a836d9-51df-40cc-a168-5c1cbedc5f72",
  "players": [
    {
      "id": "adac1262-ed2c-465e-828b-a366806e27c7",
      "name": "TestPlayer"
    },
    {
      "id": "284b7242-b5bc-47f1-84c8-133564e8bc6f",
      "name": "Poker Player"
    }
  ]
}
2025-02-27 15:05:57 [[32MHTTP[39M]: POST /api/game/ready/284b7242-b5bc-47f1-84c8-133564e8bc6f 200 0.676 ms {
  "service": "poker-game-api"
}
2025-02-27 15:05:59 [[34MDEBUG[39M]: Request Details {
  "service": "poker-game-api",
  "method": "GET",
  "url": "/api/game/state/284b7242-b5bc-47f1-84c8-133564e8bc6f",
  "params": {},
  "query": {}
}
2025-02-27 15:05:59 [[34MDEBUG[39M]: Game state retrieved {
  "service": "poker-game-api",
  "gameId": "40a836d9-51df-40cc-a168-5c1cbedc5f72",
  "playerId": "284b7242-b5bc-47f1-84c8-133564e8bc6f",
  "gamePhase": "preflop",
  "isGameOver": false
}
2025-02-27 15:05:59 [[32MHTTP[39M]: GET /api/game/state/284b7242-b5bc-47f1-84c8-133564e8bc6f 200 1.127 ms {
  "service": "poker-game-api"
}
2025-02-27 15:06:01 [[34MDEBUG[39M]: Request Details {
  "service": "poker-game-api",
  "method": "GET",
  "url": "/api/game/state/284b7242-b5bc-47f1-84c8-133564e8bc6f",
  "params": {},
  "query": {}
}
2025-02-27 15:06:01 [[34MDEBUG[39M]: Game state retrieved {
  "service": "poker-game-api",
  "gameId": "40a836d9-51df-40cc-a168-5c1cbedc5f72",
  "playerId": "284b7242-b5bc-47f1-84c8-133564e8bc6f",
  "gamePhase": "preflop",
  "isGameOver": false
}
2025-02-27 15:06:01 [[32MHTTP[39M]: GET /api/game/state/284b7242-b5bc-47f1-84c8-133564e8bc6f 200 2.266 ms {
  "service": "poker-game-api"
}
2025-02-27 15:06:03 [[34MDEBUG[39M]: Request Details {
  "service": "poker-game-api",
  "method": "GET",
  "url": "/api/game/state/284b7242-b5bc-47f1-84c8-133564e8bc6f",
  "params": {},
  "query": {}
}
2025-02-27 15:06:03 [[34MDEBUG[39M]: Game state retrieved {
  "service": "poker-game-api",
  "gameId": "40a836d9-51df-40cc-a168-5c1cbedc5f72",
  "playerId": "284b7242-b5bc-47f1-84c8-133564e8bc6f",
  "gamePhase": "preflop",
  "isGameOver": false
}
2025-02-27 15:06:03 [[32MHTTP[39M]: GET /api/game/state/284b7242-b5bc-47f1-84c8-133564e8bc6f 200 1.692 ms {
  "service": "poker-game-api"
}
2025-02-27 15:06:05 [[34MDEBUG[39M]: Request Details {
  "service": "poker-game-api",
  "method": "GET",
  "url": "/api/game/state/284b7242-b5bc-47f1-84c8-133564e8bc6f",
  "params": {},
  "query": {}
}
2025-02-27 15:06:05 [[34MDEBUG[39M]: Game state retrieved {
  "service": "poker-game-api",
  "gameId": "40a836d9-51df-40cc-a168-5c1cbedc5f72",
  "playerId": "284b7242-b5bc-47f1-84c8-133564e8bc6f",
  "gamePhase": "preflop",
  "isGameOver": false
}
2025-02-27 15:06:05 [[32MHTTP[39M]: GET /api/game/state/284b7242-b5bc-47f1-84c8-133564e8bc6f 200 1.903 ms {
  "service": "poker-game-api"
}
2025-02-27 15:06:07 [[34MDEBUG[39M]: Request Details {
  "service": "poker-game-api",
  "method": "GET",
  "url": "/api/game/state/284b7242-b5bc-47f1-84c8-133564e8bc6f",
  "params": {},
  "query": {}
}
2025-02-27 15:06:07 [[34MDEBUG[39M]: Game state retrieved {
  "service": "poker-game-api",
  "gameId": "40a836d9-51df-40cc-a168-5c1cbedc5f72",
  "playerId": "284b7242-b5bc-47f1-84c8-133564e8bc6f",
  "gamePhase": "preflop",
  "isGameOver": false
}
2025-02-27 15:06:07 [[32MHTTP[39M]: GET /api/game/state/284b7242-b5bc-47f1-84c8-133564e8bc6f 200 1.632 ms {
  "service": "poker-game-api"
}
2025-02-27 15:06:09 [[34MDEBUG[39M]: Request Details {
  "service": "poker-game-api",
  "method": "GET",
  "url": "/api/game/state/284b7242-b5bc-47f1-84c8-133564e8bc6f",
  "params": {},
  "query": {}
}
2025-02-27 15:06:09 [[34MDEBUG[39M]: Game state retrieved {
  "service": "poker-game-api",
  "gameId": "40a836d9-51df-40cc-a168-5c1cbedc5f72",
  "playerId": "284b7242-b5bc-47f1-84c8-133564e8bc6f",
  "gamePhase": "preflop",
  "isGameOver": false
}
2025-02-27 15:06:09 [[32MHTTP[39M]: GET /api/game/state/284b7242-b5bc-47f1-84c8-133564e8bc6f 200 1.742 ms {
  "service": "poker-game-api"
}
2025-02-27 15:06:11 [[34MDEBUG[39M]: Request Details {
  "service": "poker-game-api",
  "method": "GET",
  "url": "/api/game/state/284b7242-b5bc-47f1-84c8-133564e8bc6f",
  "params": {},
  "query": {}
}
2025-02-27 15:06:11 [[34MDEBUG[39M]: Game state retrieved {
  "service": "poker-game-api",
  "gameId": "40a836d9-51df-40cc-a168-5c1cbedc5f72",
  "playerId": "284b7242-b5bc-47f1-84c8-133564e8bc6f",
  "gamePhase": "preflop",
  "isGameOver": false
}
2025-02-27 15:06:11 [[32MHTTP[39M]: GET /api/game/state/284b7242-b5bc-47f1-84c8-133564e8bc6f 200 1.649 ms {
  "service": "poker-game-api"
}
2025-02-27 15:06:13 [[34MDEBUG[39M]: Request Details {
  "service": "poker-game-api",
  "method": "GET",
  "url": "/api/game/state/284b7242-b5bc-47f1-84c8-133564e8bc6f",
  "params": {},
  "query": {}
}
2025-02-27 15:06:13 [[34MDEBUG[39M]: Game state retrieved {
  "service": "poker-game-api",
  "gameId": "40a836d9-51df-40cc-a168-5c1cbedc5f72",
  "playerId": "284b7242-b5bc-47f1-84c8-133564e8bc6f",
  "gamePhase": "preflop",
  "isGameOver": false
}
2025-02-27 15:06:13 [[32MHTTP[39M]: GET /api/game/state/284b7242-b5bc-47f1-84c8-133564e8bc6f 200 1.406 ms {
  "service": "poker-game-api"
}
2025-02-27 15:06:15 [[34MDEBUG[39M]: Request Details {
  "service": "poker-game-api",
  "method": "GET",
  "url": "/api/game/state/284b7242-b5bc-47f1-84c8-133564e8bc6f",
  "params": {},
  "query": {}
}
2025-02-27 15:06:15 [[34MDEBUG[39M]: Game state retrieved {
  "service": "poker-game-api",
  "gameId": "40a836d9-51df-40cc-a168-5c1cbedc5f72",
  "playerId": "284b7242-b5bc-47f1-84c8-133564e8bc6f",
  "gamePhase": "preflop",
  "isGameOver": false
}
2025-02-27 15:06:15 [[32MHTTP[39M]: GET /api/game/state/284b7242-b5bc-47f1-84c8-133564e8bc6f 200 1.645 ms {
  "service": "poker-game-api"
}
2025-02-27 15:06:17 [[34MDEBUG[39M]: Request Details {
  "service": "poker-game-api",
  "method": "GET",
  "url": "/api/game/state/284b7242-b5bc-47f1-84c8-133564e8bc6f",
  "params": {},
  "query": {}
}
2025-02-27 15:06:17 [[34MDEBUG[39M]: Game state retrieved {
  "service": "poker-game-api",
  "gameId": "40a836d9-51df-40cc-a168-5c1cbedc5f72",
  "playerId": "284b7242-b5bc-47f1-84c8-133564e8bc6f",
  "gamePhase": "preflop",
  "isGameOver": false
}
2025-02-27 15:06:17 [[32MHTTP[39M]: GET /api/game/state/284b7242-b5bc-47f1-84c8-133564e8bc6f 200 1.625 ms {
  "service": "poker-game-api"
}
2025-02-27 15:06:19 [[34MDEBUG[39M]: Request Details {
  "service": "poker-game-api",
  "method": "GET",
  "url": "/api/game/state/284b7242-b5bc-47f1-84c8-133564e8bc6f",
  "params": {},
  "query": {}
}
2025-02-27 15:06:19 [[34MDEBUG[39M]: Game state retrieved {
  "service": "poker-game-api",
  "gameId": "40a836d9-51df-40cc-a168-5c1cbedc5f72",
  "playerId": "284b7242-b5bc-47f1-84c8-133564e8bc6f",
  "gamePhase": "preflop",
  "isGameOver": false
}
2025-02-27 15:06:19 [[32MHTTP[39M]: GET /api/game/state/284b7242-b5bc-47f1-84c8-133564e8bc6f 200 1.221 ms {
  "service": "poker-game-api"
}
2025-02-27 15:06:21 [[34MDEBUG[39M]: Request Details {
  "service": "poker-game-api",
  "method": "GET",
  "url": "/api/game/state/284b7242-b5bc-47f1-84c8-133564e8bc6f",
  "params": {},
  "query": {}
}
2025-02-27 15:06:21 [[34MDEBUG[39M]: Game state retrieved {
  "service": "poker-game-api",
  "gameId": "40a836d9-51df-40cc-a168-5c1cbedc5f72",
  "playerId": "284b7242-b5bc-47f1-84c8-133564e8bc6f",
  "gamePhase": "preflop",
  "isGameOver": false
}
2025-02-27 15:06:21 [[32MHTTP[39M]: GET /api/game/state/284b7242-b5bc-47f1-84c8-133564e8bc6f 200 1.401 ms {
  "service": "poker-game-api"
}
2025-02-27 15:06:23 [[34MDEBUG[39M]: Request Details {
  "service": "poker-game-api",
  "method": "GET",
  "url": "/api/game/state/284b7242-b5bc-47f1-84c8-133564e8bc6f",
  "params": {},
  "query": {}
}
2025-02-27 15:06:23 [[34MDEBUG[39M]: Game state retrieved {
  "service": "poker-game-api",
  "gameId": "40a836d9-51df-40cc-a168-5c1cbedc5f72",
  "playerId": "284b7242-b5bc-47f1-84c8-133564e8bc6f",
  "gamePhase": "preflop",
  "isGameOver": false
}
2025-02-27 15:06:23 [[32MHTTP[39M]: GET /api/game/state/284b7242-b5bc-47f1-84c8-133564e8bc6f 200 1.419 ms {
  "service": "poker-game-api"
}
2025-02-27 15:06:25 [[34MDEBUG[39M]: Request Details {
  "service": "poker-game-api",
  "method": "GET",
  "url": "/api/game/state/284b7242-b5bc-47f1-84c8-133564e8bc6f",
  "params": {},
  "query": {}
}
2025-02-27 15:06:25 [[34MDEBUG[39M]: Game state retrieved {
  "service": "poker-game-api",
  "gameId": "40a836d9-51df-40cc-a168-5c1cbedc5f72",
  "playerId": "284b7242-b5bc-47f1-84c8-133564e8bc6f",
  "gamePhase": "preflop",
  "isGameOver": false
}
2025-02-27 15:06:25 [[32MHTTP[39M]: GET /api/game/state/284b7242-b5bc-47f1-84c8-133564e8bc6f 200 1.257 ms {
  "service": "poker-game-api"
}
2025-02-27 15:06:27 [[34MDEBUG[39M]: Request Details {
  "service": "poker-game-api",
  "method": "GET",
  "url": "/api/game/state/284b7242-b5bc-47f1-84c8-133564e8bc6f",
  "params": {},
  "query": {}
}
2025-02-27 15:06:27 [[34MDEBUG[39M]: Game state retrieved {
  "service": "poker-game-api",
  "gameId": "40a836d9-51df-40cc-a168-5c1cbedc5f72",
  "playerId": "284b7242-b5bc-47f1-84c8-133564e8bc6f",
  "gamePhase": "preflop",
  "isGameOver": false
}
2025-02-27 15:06:27 [[32MHTTP[39M]: GET /api/game/state/284b7242-b5bc-47f1-84c8-133564e8bc6f 200 1.687 ms {
  "service": "poker-game-api"
}
2025-02-27 15:06:29 [[34MDEBUG[39M]: Request Details {
  "service": "poker-game-api",
  "method": "GET",
  "url": "/api/game/state/284b7242-b5bc-47f1-84c8-133564e8bc6f",
  "params": {},
  "query": {}
}
2025-02-27 15:06:29 [[34MDEBUG[39M]: Game state retrieved {
  "service": "poker-game-api",
  "gameId": "40a836d9-51df-40cc-a168-5c1cbedc5f72",
  "playerId": "284b7242-b5bc-47f1-84c8-133564e8bc6f",
  "gamePhase": "preflop",
  "isGameOver": false
}
2025-02-27 15:06:29 [[32MHTTP[39M]: GET /api/game/state/284b7242-b5bc-47f1-84c8-133564e8bc6f 200 1.204 ms {
  "service": "poker-game-api"
}
2025-02-27 15:06:31 [[34MDEBUG[39M]: Request Details {
  "service": "poker-game-api",
  "method": "GET",
  "url": "/api/game/state/284b7242-b5bc-47f1-84c8-133564e8bc6f",
  "params": {},
  "query": {}
}
2025-02-27 15:06:31 [[34MDEBUG[39M]: Game state retrieved {
  "service": "poker-game-api",
  "gameId": "40a836d9-51df-40cc-a168-5c1cbedc5f72",
  "playerId": "284b7242-b5bc-47f1-84c8-133564e8bc6f",
  "gamePhase": "preflop",
  "isGameOver": false
}
2025-02-27 15:06:31 [[32MHTTP[39M]: GET /api/game/state/284b7242-b5bc-47f1-84c8-133564e8bc6f 200 1.279 ms {
  "service": "poker-game-api"
}
2025-02-27 15:06:33 [[34MDEBUG[39M]: Request Details {
  "service": "poker-game-api",
  "method": "GET",
  "url": "/api/game/state/284b7242-b5bc-47f1-84c8-133564e8bc6f",
  "params": {},
  "query": {}
}
2025-02-27 15:06:33 [[34MDEBUG[39M]: Game state retrieved {
  "service": "poker-game-api",
  "gameId": "40a836d9-51df-40cc-a168-5c1cbedc5f72",
  "playerId": "284b7242-b5bc-47f1-84c8-133564e8bc6f",
  "gamePhase": "preflop",
  "isGameOver": false
}
2025-02-27 15:06:33 [[32MHTTP[39M]: GET /api/game/state/284b7242-b5bc-47f1-84c8-133564e8bc6f 200 0.642 ms {
  "service": "poker-game-api"
}
2025-02-27 15:06:35 [[34MDEBUG[39M]: Request Details {
  "service": "poker-game-api",
  "method": "GET",
  "url": "/api/game/state/284b7242-b5bc-47f1-84c8-133564e8bc6f",
  "params": {},
  "query": {}
}
2025-02-27 15:06:35 [[34MDEBUG[39M]: Game state retrieved {
  "service": "poker-game-api",
  "gameId": "40a836d9-51df-40cc-a168-5c1cbedc5f72",
  "playerId": "284b7242-b5bc-47f1-84c8-133564e8bc6f",
  "gamePhase": "preflop",
  "isGameOver": false
}
2025-02-27 15:06:35 [[32MHTTP[39M]: GET /api/game/state/284b7242-b5bc-47f1-84c8-133564e8bc6f 200 1.587 ms {
  "service": "poker-game-api"
}
2025-02-27 15:06:37 [[34MDEBUG[39M]: Request Details {
  "service": "poker-game-api",
  "method": "GET",
  "url": "/api/game/state/284b7242-b5bc-47f1-84c8-133564e8bc6f",
  "params": {},
  "query": {}
}
2025-02-27 15:06:37 [[34MDEBUG[39M]: Game state retrieved {
  "service": "poker-game-api",
  "gameId": "40a836d9-51df-40cc-a168-5c1cbedc5f72",
  "playerId": "284b7242-b5bc-47f1-84c8-133564e8bc6f",
  "gamePhase": "preflop",
  "isGameOver": false
}
2025-02-27 15:06:37 [[32MHTTP[39M]: GET /api/game/state/284b7242-b5bc-47f1-84c8-133564e8bc6f 200 1.155 ms {
  "service": "poker-game-api"
}
2025-02-27 15:06:39 [[34MDEBUG[39M]: Request Details {
  "service": "poker-game-api",
  "method": "GET",
  "url": "/api/game/state/284b7242-b5bc-47f1-84c8-133564e8bc6f",
  "params": {},
  "query": {}
}
2025-02-27 15:06:39 [[34MDEBUG[39M]: Game state retrieved {
  "service": "poker-game-api",
  "gameId": "40a836d9-51df-40cc-a168-5c1cbedc5f72",
  "playerId": "284b7242-b5bc-47f1-84c8-133564e8bc6f",
  "gamePhase": "preflop",
  "isGameOver": false
}
2025-02-27 15:06:39 [[32MHTTP[39M]: GET /api/game/state/284b7242-b5bc-47f1-84c8-133564e8bc6f 200 1.949 ms {
  "service": "poker-game-api"
}
2025-02-27 15:06:41 [[34MDEBUG[39M]: Request Details {
  "service": "poker-game-api",
  "method": "GET",
  "url": "/api/game/state/284b7242-b5bc-47f1-84c8-133564e8bc6f",
  "params": {},
  "query": {}
}
2025-02-27 15:06:41 [[34MDEBUG[39M]: Game state retrieved {
  "service": "poker-game-api",
  "gameId": "40a836d9-51df-40cc-a168-5c1cbedc5f72",
  "playerId": "284b7242-b5bc-47f1-84c8-133564e8bc6f",
  "gamePhase": "preflop",
  "isGameOver": false
}
2025-02-27 15:06:41 [[32MHTTP[39M]: GET /api/game/state/284b7242-b5bc-47f1-84c8-133564e8bc6f 200 1.457 ms {
  "service": "poker-game-api"
}
2025-02-27 15:06:43 [[34MDEBUG[39M]: Request Details {
  "service": "poker-game-api",
  "method": "GET",
  "url": "/api/game/state/284b7242-b5bc-47f1-84c8-133564e8bc6f",
  "params": {},
  "query": {}
}
2025-02-27 15:06:43 [[34MDEBUG[39M]: Game state retrieved {
  "service": "poker-game-api",
  "gameId": "40a836d9-51df-40cc-a168-5c1cbedc5f72",
  "playerId": "284b7242-b5bc-47f1-84c8-133564e8bc6f",
  "gamePhase": "preflop",
  "isGameOver": false
}
2025-02-27 15:06:43 [[32MHTTP[39M]: GET /api/game/state/284b7242-b5bc-47f1-84c8-133564e8bc6f 200 0.698 ms {
  "service": "poker-game-api"
}
2025-02-27 15:06:45 [[34MDEBUG[39M]: Request Details {
  "service": "poker-game-api",
  "method": "GET",
  "url": "/api/game/state/284b7242-b5bc-47f1-84c8-133564e8bc6f",
  "params": {},
  "query": {}
}
2025-02-27 15:06:45 [[34MDEBUG[39M]: Game state retrieved {
  "service": "poker-game-api",
  "gameId": "40a836d9-51df-40cc-a168-5c1cbedc5f72",
  "playerId": "284b7242-b5bc-47f1-84c8-133564e8bc6f",
  "gamePhase": "preflop",
  "isGameOver": false
}
2025-02-27 15:06:45 [[32MHTTP[39M]: GET /api/game/state/284b7242-b5bc-47f1-84c8-133564e8bc6f 200 0.850 ms {
  "service": "poker-game-api"
}
2025-02-27 15:06:47 [[34MDEBUG[39M]: Request Details {
  "service": "poker-game-api",
  "method": "GET",
  "url": "/api/game/state/284b7242-b5bc-47f1-84c8-133564e8bc6f",
  "params": {},
  "query": {}
}
2025-02-27 15:06:47 [[34MDEBUG[39M]: Game state retrieved {
  "service": "poker-game-api",
  "gameId": "40a836d9-51df-40cc-a168-5c1cbedc5f72",
  "playerId": "284b7242-b5bc-47f1-84c8-133564e8bc6f",
  "gamePhase": "preflop",
  "isGameOver": false
}
2025-02-27 15:06:47 [[32MHTTP[39M]: GET /api/game/state/284b7242-b5bc-47f1-84c8-133564e8bc6f 200 1.324 ms {
  "service": "poker-game-api"
}
2025-02-27 15:06:49 [[34MDEBUG[39M]: Request Details {
  "service": "poker-game-api",
  "method": "GET",
  "url": "/api/game/state/284b7242-b5bc-47f1-84c8-133564e8bc6f",
  "params": {},
  "query": {}
}
2025-02-27 15:06:49 [[34MDEBUG[39M]: Game state retrieved {
  "service": "poker-game-api",
  "gameId": "40a836d9-51df-40cc-a168-5c1cbedc5f72",
  "playerId": "284b7242-b5bc-47f1-84c8-133564e8bc6f",
  "gamePhase": "preflop",
  "isGameOver": false
}
2025-02-27 15:06:49 [[32MHTTP[39M]: GET /api/game/state/284b7242-b5bc-47f1-84c8-133564e8bc6f 200 0.601 ms {
  "service": "poker-game-api"
}
2025-02-27 15:06:51 [[34MDEBUG[39M]: Request Details {
  "service": "poker-game-api",
  "method": "GET",
  "url": "/api/game/state/284b7242-b5bc-47f1-84c8-133564e8bc6f",
  "params": {},
  "query": {}
}
2025-02-27 15:06:51 [[34MDEBUG[39M]: Game state retrieved {
  "service": "poker-game-api",
  "gameId": "40a836d9-51df-40cc-a168-5c1cbedc5f72",
  "playerId": "284b7242-b5bc-47f1-84c8-133564e8bc6f",
  "gamePhase": "preflop",
  "isGameOver": false
}
2025-02-27 15:06:51 [[32MHTTP[39M]: GET /api/game/state/284b7242-b5bc-47f1-84c8-133564e8bc6f 200 1.621 ms {
  "service": "poker-game-api"
}
2025-02-27 15:06:53 [[34MDEBUG[39M]: Request Details {
  "service": "poker-game-api",
  "method": "GET",
  "url": "/api/game/state/284b7242-b5bc-47f1-84c8-133564e8bc6f",
  "params": {},
  "query": {}
}
2025-02-27 15:06:53 [[34MDEBUG[39M]: Game state retrieved {
  "service": "poker-game-api",
  "gameId": "40a836d9-51df-40cc-a168-5c1cbedc5f72",
  "playerId": "284b7242-b5bc-47f1-84c8-133564e8bc6f",
  "gamePhase": "preflop",
  "isGameOver": false
}
2025-02-27 15:06:53 [[32MHTTP[39M]: GET /api/game/state/284b7242-b5bc-47f1-84c8-133564e8bc6f 200 1.518 ms {
  "service": "poker-game-api"
}
2025-02-27 15:06:55 [[34MDEBUG[39M]: Request Details {
  "service": "poker-game-api",
  "method": "GET",
  "url": "/api/game/state/284b7242-b5bc-47f1-84c8-133564e8bc6f",
  "params": {},
  "query": {}
}
2025-02-27 15:06:55 [[34MDEBUG[39M]: Game state retrieved {
  "service": "poker-game-api",
  "gameId": "40a836d9-51df-40cc-a168-5c1cbedc5f72",
  "playerId": "284b7242-b5bc-47f1-84c8-133564e8bc6f",
  "gamePhase": "preflop",
  "isGameOver": false
}
2025-02-27 15:06:55 [[32MHTTP[39M]: GET /api/game/state/284b7242-b5bc-47f1-84c8-133564e8bc6f 200 1.431 ms {
  "service": "poker-game-api"
}
2025-02-27 15:06:57 [[34MDEBUG[39M]: Request Details {
  "service": "poker-game-api",
  "method": "GET",
  "url": "/api/game/state/284b7242-b5bc-47f1-84c8-133564e8bc6f",
  "params": {},
  "query": {}
}
2025-02-27 15:06:57 [[34MDEBUG[39M]: Game state retrieved {
  "service": "poker-game-api",
  "gameId": "40a836d9-51df-40cc-a168-5c1cbedc5f72",
  "playerId": "284b7242-b5bc-47f1-84c8-133564e8bc6f",
  "gamePhase": "preflop",
  "isGameOver": false
}
2025-02-27 15:06:57 [[32MHTTP[39M]: GET /api/game/state/284b7242-b5bc-47f1-84c8-133564e8bc6f 200 1.584 ms {
  "service": "poker-game-api"
}
2025-02-27 15:06:59 [[34MDEBUG[39M]: Request Details {
  "service": "poker-game-api",
  "method": "GET",
  "url": "/api/game/state/284b7242-b5bc-47f1-84c8-133564e8bc6f",
  "params": {},
  "query": {}
}
2025-02-27 15:06:59 [[34MDEBUG[39M]: Game state retrieved {
  "service": "poker-game-api",
  "gameId": "40a836d9-51df-40cc-a168-5c1cbedc5f72",
  "playerId": "284b7242-b5bc-47f1-84c8-133564e8bc6f",
  "gamePhase": "preflop",
  "isGameOver": false
}
2025-02-27 15:06:59 [[32MHTTP[39M]: GET /api/game/state/284b7242-b5bc-47f1-84c8-133564e8bc6f 200 1.568 ms {
  "service": "poker-game-api"
}
2025-02-27 15:07:01 [[34MDEBUG[39M]: Request Details {
  "service": "poker-game-api",
  "method": "GET",
  "url": "/api/game/state/284b7242-b5bc-47f1-84c8-133564e8bc6f",
  "params": {},
  "query": {}
}
2025-02-27 15:07:01 [[34MDEBUG[39M]: Game state retrieved {
  "service": "poker-game-api",
  "gameId": "40a836d9-51df-40cc-a168-5c1cbedc5f72",
  "playerId": "284b7242-b5bc-47f1-84c8-133564e8bc6f",
  "gamePhase": "preflop",
  "isGameOver": false
}
2025-02-27 15:07:01 [[32MHTTP[39M]: GET /api/game/state/284b7242-b5bc-47f1-84c8-133564e8bc6f 200 1.269 ms {
  "service": "poker-game-api"
}
2025-02-27 15:07:03 [[34MDEBUG[39M]: Request Details {
  "service": "poker-game-api",
  "method": "GET",
  "url": "/api/game/state/284b7242-b5bc-47f1-84c8-133564e8bc6f",
  "params": {},
  "query": {}
}
2025-02-27 15:07:03 [[34MDEBUG[39M]: Game state retrieved {
  "service": "poker-game-api",
  "gameId": "40a836d9-51df-40cc-a168-5c1cbedc5f72",
  "playerId": "284b7242-b5bc-47f1-84c8-133564e8bc6f",
  "gamePhase": "preflop",
  "isGameOver": false
}
2025-02-27 15:07:03 [[32MHTTP[39M]: GET /api/game/state/284b7242-b5bc-47f1-84c8-133564e8bc6f 200 1.147 ms {
  "service": "poker-game-api"
}
2025-02-27 15:07:05 [[34MDEBUG[39M]: Request Details {
  "service": "poker-game-api",
  "method": "GET",
  "url": "/api/game/state/284b7242-b5bc-47f1-84c8-133564e8bc6f",
  "params": {},
  "query": {}
}
2025-02-27 15:07:05 [[34MDEBUG[39M]: Game state retrieved {
  "service": "poker-game-api",
  "gameId": "40a836d9-51df-40cc-a168-5c1cbedc5f72",
  "playerId": "284b7242-b5bc-47f1-84c8-133564e8bc6f",
  "gamePhase": "preflop",
  "isGameOver": false
}
2025-02-27 15:07:05 [[32MHTTP[39M]: GET /api/game/state/284b7242-b5bc-47f1-84c8-133564e8bc6f 200 1.346 ms {
  "service": "poker-game-api"
}
2025-02-27 15:07:07 [[34MDEBUG[39M]: Request Details {
  "service": "poker-game-api",
  "method": "GET",
  "url": "/api/game/state/284b7242-b5bc-47f1-84c8-133564e8bc6f",
  "params": {},
  "query": {}
}
2025-02-27 15:07:07 [[34MDEBUG[39M]: Game state retrieved {
  "service": "poker-game-api",
  "gameId": "40a836d9-51df-40cc-a168-5c1cbedc5f72",
  "playerId": "284b7242-b5bc-47f1-84c8-133564e8bc6f",
  "gamePhase": "preflop",
  "isGameOver": false
}
2025-02-27 15:07:07 [[32MHTTP[39M]: GET /api/game/state/284b7242-b5bc-47f1-84c8-133564e8bc6f 200 1.117 ms {
  "service": "poker-game-api"
}
2025-02-27 15:07:09 [[34MDEBUG[39M]: Request Details {
  "service": "poker-game-api",
  "method": "GET",
  "url": "/api/game/state/284b7242-b5bc-47f1-84c8-133564e8bc6f",
  "params": {},
  "query": {}
}
2025-02-27 15:07:09 [[34MDEBUG[39M]: Game state retrieved {
  "service": "poker-game-api",
  "gameId": "40a836d9-51df-40cc-a168-5c1cbedc5f72",
  "playerId": "284b7242-b5bc-47f1-84c8-133564e8bc6f",
  "gamePhase": "preflop",
  "isGameOver": false
}
2025-02-27 15:07:09 [[32MHTTP[39M]: GET /api/game/state/284b7242-b5bc-47f1-84c8-133564e8bc6f 200 1.181 ms {
  "service": "poker-game-api"
}
2025-02-27 15:07:11 [[34MDEBUG[39M]: Request Details {
  "service": "poker-game-api",
  "method": "GET",
  "url": "/api/game/state/284b7242-b5bc-47f1-84c8-133564e8bc6f",
  "params": {},
  "query": {}
}
2025-02-27 15:07:11 [[34MDEBUG[39M]: Game state retrieved {
  "service": "poker-game-api",
  "gameId": "40a836d9-51df-40cc-a168-5c1cbedc5f72",
  "playerId": "284b7242-b5bc-47f1-84c8-133564e8bc6f",
  "gamePhase": "preflop",
  "isGameOver": false
}
2025-02-27 15:07:11 [[32MHTTP[39M]: GET /api/game/state/284b7242-b5bc-47f1-84c8-133564e8bc6f 200 1.377 ms {
  "service": "poker-game-api"
}
2025-02-27 15:07:13 [[34MDEBUG[39M]: Request Details {
  "service": "poker-game-api",
  "method": "GET",
  "url": "/api/game/state/284b7242-b5bc-47f1-84c8-133564e8bc6f",
  "params": {},
  "query": {}
}
2025-02-27 15:07:13 [[34MDEBUG[39M]: Game state retrieved {
  "service": "poker-game-api",
  "gameId": "40a836d9-51df-40cc-a168-5c1cbedc5f72",
  "playerId": "284b7242-b5bc-47f1-84c8-133564e8bc6f",
  "gamePhase": "preflop",
  "isGameOver": false
}
2025-02-27 15:07:13 [[32MHTTP[39M]: GET /api/game/state/284b7242-b5bc-47f1-84c8-133564e8bc6f 200 1.197 ms {
  "service": "poker-game-api"
}
2025-02-27 15:07:15 [[34MDEBUG[39M]: Request Details {
  "service": "poker-game-api",
  "method": "GET",
  "url": "/api/game/state/284b7242-b5bc-47f1-84c8-133564e8bc6f",
  "params": {},
  "query": {}
}
2025-02-27 15:07:15 [[34MDEBUG[39M]: Game state retrieved {
  "service": "poker-game-api",
  "gameId": "40a836d9-51df-40cc-a168-5c1cbedc5f72",
  "playerId": "284b7242-b5bc-47f1-84c8-133564e8bc6f",
  "gamePhase": "preflop",
  "isGameOver": false
}
2025-02-27 15:07:15 [[32MHTTP[39M]: GET /api/game/state/284b7242-b5bc-47f1-84c8-133564e8bc6f 200 1.030 ms {
  "service": "poker-game-api"
}
2025-02-27 15:07:17 [[34MDEBUG[39M]: Request Details {
  "service": "poker-game-api",
  "method": "GET",
  "url": "/api/game/state/284b7242-b5bc-47f1-84c8-133564e8bc6f",
  "params": {},
  "query": {}
}
2025-02-27 15:07:17 [[34MDEBUG[39M]: Game state retrieved {
  "service": "poker-game-api",
  "gameId": "40a836d9-51df-40cc-a168-5c1cbedc5f72",
  "playerId": "284b7242-b5bc-47f1-84c8-133564e8bc6f",
  "gamePhase": "preflop",
  "isGameOver": false
}
2025-02-27 15:07:17 [[32MHTTP[39M]: GET /api/game/state/284b7242-b5bc-47f1-84c8-133564e8bc6f 200 1.732 ms {
  "service": "poker-game-api"
}
2025-02-27 15:07:19 [[34MDEBUG[39M]: Request Details {
  "service": "poker-game-api",
  "method": "GET",
  "url": "/api/game/state/284b7242-b5bc-47f1-84c8-133564e8bc6f",
  "params": {},
  "query": {}
}
2025-02-27 15:07:19 [[34MDEBUG[39M]: Game state retrieved {
  "service": "poker-game-api",
  "gameId": "40a836d9-51df-40cc-a168-5c1cbedc5f72",
  "playerId": "284b7242-b5bc-47f1-84c8-133564e8bc6f",
  "gamePhase": "preflop",
  "isGameOver": false
}
2025-02-27 15:07:19 [[32MHTTP[39M]: GET /api/game/state/284b7242-b5bc-47f1-84c8-133564e8bc6f 200 1.458 ms {
  "service": "poker-game-api"
}
2025-02-27 15:07:21 [[34MDEBUG[39M]: Request Details {
  "service": "poker-game-api",
  "method": "GET",
  "url": "/api/game/state/284b7242-b5bc-47f1-84c8-133564e8bc6f",
  "params": {},
  "query": {}
}
2025-02-27 15:07:21 [[34MDEBUG[39M]: Game state retrieved {
  "service": "poker-game-api",
  "gameId": "40a836d9-51df-40cc-a168-5c1cbedc5f72",
  "playerId": "284b7242-b5bc-47f1-84c8-133564e8bc6f",
  "gamePhase": "preflop",
  "isGameOver": false
}
2025-02-27 15:07:21 [[32MHTTP[39M]: GET /api/game/state/284b7242-b5bc-47f1-84c8-133564e8bc6f 200 0.373 ms {
  "service": "poker-game-api"
}
2025-02-27 15:07:23 [[34MDEBUG[39M]: Request Details {
  "service": "poker-game-api",
  "method": "GET",
  "url": "/api/game/state/284b7242-b5bc-47f1-84c8-133564e8bc6f",
  "params": {},
  "query": {}
}
2025-02-27 15:07:23 [[34MDEBUG[39M]: Game state retrieved {
  "service": "poker-game-api",
  "gameId": "40a836d9-51df-40cc-a168-5c1cbedc5f72",
  "playerId": "284b7242-b5bc-47f1-84c8-133564e8bc6f",
  "gamePhase": "preflop",
  "isGameOver": false
}
2025-02-27 15:07:23 [[32MHTTP[39M]: GET /api/game/state/284b7242-b5bc-47f1-84c8-133564e8bc6f 200 1.219 ms {
  "service": "poker-game-api"
}
2025-02-27 15:07:25 [[34MDEBUG[39M]: Request Details {
  "service": "poker-game-api",
  "method": "GET",
  "url": "/api/game/state/284b7242-b5bc-47f1-84c8-133564e8bc6f",
  "params": {},
  "query": {}
}
2025-02-27 15:07:25 [[34MDEBUG[39M]: Game state retrieved {
  "service": "poker-game-api",
  "gameId": "40a836d9-51df-40cc-a168-5c1cbedc5f72",
  "playerId": "284b7242-b5bc-47f1-84c8-133564e8bc6f",
  "gamePhase": "preflop",
  "isGameOver": false
}
2025-02-27 15:07:25 [[32MHTTP[39M]: GET /api/game/state/284b7242-b5bc-47f1-84c8-133564e8bc6f 200 1.321 ms {
  "service": "poker-game-api"
}
2025-02-27 15:07:27 [[34MDEBUG[39M]: Request Details {
  "service": "poker-game-api",
  "method": "GET",
  "url": "/api/game/state/284b7242-b5bc-47f1-84c8-133564e8bc6f",
  "params": {},
  "query": {}
}
2025-02-27 15:07:27 [[34MDEBUG[39M]: Game state retrieved {
  "service": "poker-game-api",
  "gameId": "40a836d9-51df-40cc-a168-5c1cbedc5f72",
  "playerId": "284b7242-b5bc-47f1-84c8-133564e8bc6f",
  "gamePhase": "preflop",
  "isGameOver": false
}
2025-02-27 15:07:27 [[32MHTTP[39M]: GET /api/game/state/284b7242-b5bc-47f1-84c8-133564e8bc6f 200 0.731 ms {
  "service": "poker-game-api"
}
2025-02-27 15:07:29 [[34MDEBUG[39M]: Request Details {
  "service": "poker-game-api",
  "method": "GET",
  "url": "/api/game/state/284b7242-b5bc-47f1-84c8-133564e8bc6f",
  "params": {},
  "query": {}
}
2025-02-27 15:07:29 [[34MDEBUG[39M]: Game state retrieved {
  "service": "poker-game-api",
  "gameId": "40a836d9-51df-40cc-a168-5c1cbedc5f72",
  "playerId": "284b7242-b5bc-47f1-84c8-133564e8bc6f",
  "gamePhase": "preflop",
  "isGameOver": false
}
2025-02-27 15:07:29 [[32MHTTP[39M]: GET /api/game/state/284b7242-b5bc-47f1-84c8-133564e8bc6f 200 1.259 ms {
  "service": "poker-game-api"
}
2025-02-27 15:07:31 [[34MDEBUG[39M]: Request Details {
  "service": "poker-game-api",
  "method": "GET",
  "url": "/api/game/state/284b7242-b5bc-47f1-84c8-133564e8bc6f",
  "params": {},
  "query": {}
}
2025-02-27 15:07:31 [[34MDEBUG[39M]: Game state retrieved {
  "service": "poker-game-api",
  "gameId": "40a836d9-51df-40cc-a168-5c1cbedc5f72",
  "playerId": "284b7242-b5bc-47f1-84c8-133564e8bc6f",
  "gamePhase": "preflop",
  "isGameOver": false
}
2025-02-27 15:07:31 [[32MHTTP[39M]: GET /api/game/state/284b7242-b5bc-47f1-84c8-133564e8bc6f 200 1.157 ms {
  "service": "poker-game-api"
}
2025-02-27 15:07:33 [[34MDEBUG[39M]: Request Details {
  "service": "poker-game-api",
  "method": "GET",
  "url": "/api/game/state/284b7242-b5bc-47f1-84c8-133564e8bc6f",
  "params": {},
  "query": {}
}
2025-02-27 15:07:33 [[34MDEBUG[39M]: Game state retrieved {
  "service": "poker-game-api",
  "gameId": "40a836d9-51df-40cc-a168-5c1cbedc5f72",
  "playerId": "284b7242-b5bc-47f1-84c8-133564e8bc6f",
  "gamePhase": "preflop",
  "isGameOver": false
}
2025-02-27 15:07:33 [[32MHTTP[39M]: GET /api/game/state/284b7242-b5bc-47f1-84c8-133564e8bc6f 200 0.448 ms {
  "service": "poker-game-api"
}
2025-02-27 15:07:35 [[34MDEBUG[39M]: Request Details {
  "service": "poker-game-api",
  "method": "GET",
  "url": "/api/game/state/284b7242-b5bc-47f1-84c8-133564e8bc6f",
  "params": {},
  "query": {}
}
2025-02-27 15:07:35 [[34MDEBUG[39M]: Game state retrieved {
  "service": "poker-game-api",
  "gameId": "40a836d9-51df-40cc-a168-5c1cbedc5f72",
  "playerId": "284b7242-b5bc-47f1-84c8-133564e8bc6f",
  "gamePhase": "preflop",
  "isGameOver": false
}
2025-02-27 15:07:35 [[32MHTTP[39M]: GET /api/game/state/284b7242-b5bc-47f1-84c8-133564e8bc6f 200 0.351 ms {
  "service": "poker-game-api"
}
2025-02-27 15:07:37 [[34MDEBUG[39M]: Request Details {
  "service": "poker-game-api",
  "method": "GET",
  "url": "/api/game/state/284b7242-b5bc-47f1-84c8-133564e8bc6f",
  "params": {},
  "query": {}
}
2025-02-27 15:07:37 [[34MDEBUG[39M]: Game state retrieved {
  "service": "poker-game-api",
  "gameId": "40a836d9-51df-40cc-a168-5c1cbedc5f72",
  "playerId": "284b7242-b5bc-47f1-84c8-133564e8bc6f",
  "gamePhase": "preflop",
  "isGameOver": false
}
2025-02-27 15:07:37 [[32MHTTP[39M]: GET /api/game/state/284b7242-b5bc-47f1-84c8-133564e8bc6f 200 1.437 ms {
  "service": "poker-game-api"
}
2025-02-27 15:07:39 [[34MDEBUG[39M]: Request Details {
  "service": "poker-game-api",
  "method": "GET",
  "url": "/api/game/state/284b7242-b5bc-47f1-84c8-133564e8bc6f",
  "params": {},
  "query": {}
}
2025-02-27 15:07:39 [[34MDEBUG[39M]: Game state retrieved {
  "service": "poker-game-api",
  "gameId": "40a836d9-51df-40cc-a168-5c1cbedc5f72",
  "playerId": "284b7242-b5bc-47f1-84c8-133564e8bc6f",
  "gamePhase": "preflop",
  "isGameOver": false
}
2025-02-27 15:07:39 [[32MHTTP[39M]: GET /api/game/state/284b7242-b5bc-47f1-84c8-133564e8bc6f 200 1.791 ms {
  "service": "poker-game-api"
}
2025-02-27 15:07:41 [[34MDEBUG[39M]: Request Details {
  "service": "poker-game-api",
  "method": "GET",
  "url": "/api/game/state/284b7242-b5bc-47f1-84c8-133564e8bc6f",
  "params": {},
  "query": {}
}
2025-02-27 15:07:41 [[34MDEBUG[39M]: Game state retrieved {
  "service": "poker-game-api",
  "gameId": "40a836d9-51df-40cc-a168-5c1cbedc5f72",
  "playerId": "284b7242-b5bc-47f1-84c8-133564e8bc6f",
  "gamePhase": "preflop",
  "isGameOver": false
}
2025-02-27 15:07:41 [[32MHTTP[39M]: GET /api/game/state/284b7242-b5bc-47f1-84c8-133564e8bc6f 200 0.431 ms {
  "service": "poker-game-api"
}
2025-02-27 15:07:43 [[34MDEBUG[39M]: Request Details {
  "service": "poker-game-api",
  "method": "GET",
  "url": "/api/game/state/284b7242-b5bc-47f1-84c8-133564e8bc6f",
  "params": {},
  "query": {}
}
2025-02-27 15:07:43 [[34MDEBUG[39M]: Game state retrieved {
  "service": "poker-game-api",
  "gameId": "40a836d9-51df-40cc-a168-5c1cbedc5f72",
  "playerId": "284b7242-b5bc-47f1-84c8-133564e8bc6f",
  "gamePhase": "preflop",
  "isGameOver": false
}
2025-02-27 15:07:43 [[32MHTTP[39M]: GET /api/game/state/284b7242-b5bc-47f1-84c8-133564e8bc6f 200 1.179 ms {
  "service": "poker-game-api"
}
2025-02-27 15:07:45 [[34MDEBUG[39M]: Request Details {
  "service": "poker-game-api",
  "method": "GET",
  "url": "/api/game/state/284b7242-b5bc-47f1-84c8-133564e8bc6f",
  "params": {},
  "query": {}
}
2025-02-27 15:07:45 [[34MDEBUG[39M]: Game state retrieved {
  "service": "poker-game-api",
  "gameId": "40a836d9-51df-40cc-a168-5c1cbedc5f72",
  "playerId": "284b7242-b5bc-47f1-84c8-133564e8bc6f",
  "gamePhase": "preflop",
  "isGameOver": false
}
2025-02-27 15:07:45 [[32MHTTP[39M]: GET /api/game/state/284b7242-b5bc-47f1-84c8-133564e8bc6f 200 0.553 ms {
  "service": "poker-game-api"
}
2025-02-27 15:07:47 [[34MDEBUG[39M]: Request Details {
  "service": "poker-game-api",
  "method": "GET",
  "url": "/api/game/state/284b7242-b5bc-47f1-84c8-133564e8bc6f",
  "params": {},
  "query": {}
}
2025-02-27 15:07:47 [[34MDEBUG[39M]: Game state retrieved {
  "service": "poker-game-api",
  "gameId": "40a836d9-51df-40cc-a168-5c1cbedc5f72",
  "playerId": "284b7242-b5bc-47f1-84c8-133564e8bc6f",
  "gamePhase": "preflop",
  "isGameOver": false
}
2025-02-27 15:07:47 [[32MHTTP[39M]: GET /api/game/state/284b7242-b5bc-47f1-84c8-133564e8bc6f 200 0.444 ms {
  "service": "poker-game-api"
}
2025-02-27 15:07:49 [[34MDEBUG[39M]: Request Details {
  "service": "poker-game-api",
  "method": "GET",
  "url": "/api/game/state/284b7242-b5bc-47f1-84c8-133564e8bc6f",
  "params": {},
  "query": {}
}
2025-02-27 15:07:49 [[34MDEBUG[39M]: Game state retrieved {
  "service": "poker-game-api",
  "gameId": "40a836d9-51df-40cc-a168-5c1cbedc5f72",
  "playerId": "284b7242-b5bc-47f1-84c8-133564e8bc6f",
  "gamePhase": "preflop",
  "isGameOver": false
}
2025-02-27 15:07:49 [[32MHTTP[39M]: GET /api/game/state/284b7242-b5bc-47f1-84c8-133564e8bc6f 200 0.587 ms {
  "service": "poker-game-api"
}
2025-02-27 15:07:51 [[34MDEBUG[39M]: Request Details {
  "service": "poker-game-api",
  "method": "GET",
  "url": "/api/game/state/284b7242-b5bc-47f1-84c8-133564e8bc6f",
  "params": {},
  "query": {}
}
2025-02-27 15:07:51 [[34MDEBUG[39M]: Game state retrieved {
  "service": "poker-game-api",
  "gameId": "40a836d9-51df-40cc-a168-5c1cbedc5f72",
  "playerId": "284b7242-b5bc-47f1-84c8-133564e8bc6f",
  "gamePhase": "preflop",
  "isGameOver": false
}
2025-02-27 15:07:51 [[32MHTTP[39M]: GET /api/game/state/284b7242-b5bc-47f1-84c8-133564e8bc6f 200 1.610 ms {
  "service": "poker-game-api"
}
2025-02-27 15:07:53 [[34MDEBUG[39M]: Request Details {
  "service": "poker-game-api",
  "method": "GET",
  "url": "/api/game/state/284b7242-b5bc-47f1-84c8-133564e8bc6f",
  "params": {},
  "query": {}
}
2025-02-27 15:07:53 [[34MDEBUG[39M]: Game state retrieved {
  "service": "poker-game-api",
  "gameId": "40a836d9-51df-40cc-a168-5c1cbedc5f72",
  "playerId": "284b7242-b5bc-47f1-84c8-133564e8bc6f",
  "gamePhase": "preflop",
  "isGameOver": false
}
2025-02-27 15:07:53 [[32MHTTP[39M]: GET /api/game/state/284b7242-b5bc-47f1-84c8-133564e8bc6f 200 0.857 ms {
  "service": "poker-game-api"
}
2025-02-27 15:07:55 [[34MDEBUG[39M]: Request Details {
  "service": "poker-game-api",
  "method": "GET",
  "url": "/api/game/state/284b7242-b5bc-47f1-84c8-133564e8bc6f",
  "params": {},
  "query": {}
}
2025-02-27 15:07:55 [[34MDEBUG[39M]: Game state retrieved {
  "service": "poker-game-api",
  "gameId": "40a836d9-51df-40cc-a168-5c1cbedc5f72",
  "playerId": "284b7242-b5bc-47f1-84c8-133564e8bc6f",
  "gamePhase": "preflop",
  "isGameOver": false
}
2025-02-27 15:07:55 [[32MHTTP[39M]: GET /api/game/state/284b7242-b5bc-47f1-84c8-133564e8bc6f 200 1.322 ms {
  "service": "poker-game-api"
}
2025-02-27 15:07:57 [[34MDEBUG[39M]: Request Details {
  "service": "poker-game-api",
  "method": "GET",
  "url": "/api/game/state/284b7242-b5bc-47f1-84c8-133564e8bc6f",
  "params": {},
  "query": {}
}
2025-02-27 15:07:57 [[34MDEBUG[39M]: Game state retrieved {
  "service": "poker-game-api",
  "gameId": "40a836d9-51df-40cc-a168-5c1cbedc5f72",
  "playerId": "284b7242-b5bc-47f1-84c8-133564e8bc6f",
  "gamePhase": "preflop",
  "isGameOver": false
}
2025-02-27 15:07:57 [[32MHTTP[39M]: GET /api/game/state/284b7242-b5bc-47f1-84c8-133564e8bc6f 200 0.347 ms {
  "service": "poker-game-api"
}
2025-02-27 15:07:59 [[34MDEBUG[39M]: Request Details {
  "service": "poker-game-api",
  "method": "GET",
  "url": "/api/game/state/284b7242-b5bc-47f1-84c8-133564e8bc6f",
  "params": {},
  "query": {}
}
2025-02-27 15:07:59 [[34MDEBUG[39M]: Game state retrieved {
  "service": "poker-game-api",
  "gameId": "40a836d9-51df-40cc-a168-5c1cbedc5f72",
  "playerId": "284b7242-b5bc-47f1-84c8-133564e8bc6f",
  "gamePhase": "preflop",
  "isGameOver": false
}
2025-02-27 15:07:59 [[32MHTTP[39M]: GET /api/game/state/284b7242-b5bc-47f1-84c8-133564e8bc6f 200 1.152 ms {
  "service": "poker-game-api"
}
2025-02-27 15:08:01 [[34MDEBUG[39M]: Request Details {
  "service": "poker-game-api",
  "method": "GET",
  "url": "/api/game/state/284b7242-b5bc-47f1-84c8-133564e8bc6f",
  "params": {},
  "query": {}
}
2025-02-27 15:08:01 [[34MDEBUG[39M]: Game state retrieved {
  "service": "poker-game-api",
  "gameId": "40a836d9-51df-40cc-a168-5c1cbedc5f72",
  "playerId": "284b7242-b5bc-47f1-84c8-133564e8bc6f",
  "gamePhase": "preflop",
  "isGameOver": false
}
2025-02-27 15:08:01 [[32MHTTP[39M]: GET /api/game/state/284b7242-b5bc-47f1-84c8-133564e8bc6f 200 1.359 ms {
  "service": "poker-game-api"
}
2025-02-27 15:08:03 [[34MDEBUG[39M]: Request Details {
  "service": "poker-game-api",
  "method": "GET",
  "url": "/api/game/state/284b7242-b5bc-47f1-84c8-133564e8bc6f",
  "params": {},
  "query": {}
}
2025-02-27 15:08:03 [[34MDEBUG[39M]: Game state retrieved {
  "service": "poker-game-api",
  "gameId": "40a836d9-51df-40cc-a168-5c1cbedc5f72",
  "playerId": "284b7242-b5bc-47f1-84c8-133564e8bc6f",
  "gamePhase": "preflop",
  "isGameOver": false
}
2025-02-27 15:08:03 [[32MHTTP[39M]: GET /api/game/state/284b7242-b5bc-47f1-84c8-133564e8bc6f 200 1.161 ms {
  "service": "poker-game-api"
}
2025-02-27 15:08:05 [[34MDEBUG[39M]: Request Details {
  "service": "poker-game-api",
  "method": "GET",
  "url": "/api/game/state/284b7242-b5bc-47f1-84c8-133564e8bc6f",
  "params": {},
  "query": {}
}
2025-02-27 15:08:05 [[34MDEBUG[39M]: Game state retrieved {
  "service": "poker-game-api",
  "gameId": "40a836d9-51df-40cc-a168-5c1cbedc5f72",
  "playerId": "284b7242-b5bc-47f1-84c8-133564e8bc6f",
  "gamePhase": "preflop",
  "isGameOver": false
}
2025-02-27 15:08:06 [[32MHTTP[39M]: GET /api/game/state/284b7242-b5bc-47f1-84c8-133564e8bc6f 200 1.669 ms {
  "service": "poker-game-api"
}
2025-02-27 15:08:07 [[34MDEBUG[39M]: Request Details {
  "service": "poker-game-api",
  "method": "GET",
  "url": "/api/game/state/284b7242-b5bc-47f1-84c8-133564e8bc6f",
  "params": {},
  "query": {}
}
2025-02-27 15:08:08 [[34MDEBUG[39M]: Game state retrieved {
  "service": "poker-game-api",
  "gameId": "40a836d9-51df-40cc-a168-5c1cbedc5f72",
  "playerId": "284b7242-b5bc-47f1-84c8-133564e8bc6f",
  "gamePhase": "preflop",
  "isGameOver": false
}
2025-02-27 15:08:08 [[32MHTTP[39M]: GET /api/game/state/284b7242-b5bc-47f1-84c8-133564e8bc6f 200 1.542 ms {
  "service": "poker-game-api"
}
2025-02-27 15:08:10 [[34MDEBUG[39M]: Request Details {
  "service": "poker-game-api",
  "method": "GET",
  "url": "/api/game/state/284b7242-b5bc-47f1-84c8-133564e8bc6f",
  "params": {},
  "query": {}
}
2025-02-27 15:08:10 [[34MDEBUG[39M]: Game state retrieved {
  "service": "poker-game-api",
  "gameId": "40a836d9-51df-40cc-a168-5c1cbedc5f72",
  "playerId": "284b7242-b5bc-47f1-84c8-133564e8bc6f",
  "gamePhase": "preflop",
  "isGameOver": false
}
2025-02-27 15:08:10 [[32MHTTP[39M]: GET /api/game/state/284b7242-b5bc-47f1-84c8-133564e8bc6f 200 1.102 ms {
  "service": "poker-game-api"
}
2025-02-27 15:08:12 [[34MDEBUG[39M]: Request Details {
  "service": "poker-game-api",
  "method": "GET",
  "url": "/api/game/state/284b7242-b5bc-47f1-84c8-133564e8bc6f",
  "params": {},
  "query": {}
}
2025-02-27 15:08:12 [[34MDEBUG[39M]: Game state retrieved {
  "service": "poker-game-api",
  "gameId": "40a836d9-51df-40cc-a168-5c1cbedc5f72",
  "playerId": "284b7242-b5bc-47f1-84c8-133564e8bc6f",
  "gamePhase": "preflop",
  "isGameOver": false
}
2025-02-27 15:08:12 [[32MHTTP[39M]: GET /api/game/state/284b7242-b5bc-47f1-84c8-133564e8bc6f 200 1.265 ms {
  "service": "poker-game-api"
}
2025-02-27 15:08:14 [[34MDEBUG[39M]: Request Details {
  "service": "poker-game-api",
  "method": "GET",
  "url": "/api/game/state/284b7242-b5bc-47f1-84c8-133564e8bc6f",
  "params": {},
  "query": {}
}
2025-02-27 15:08:14 [[34MDEBUG[39M]: Game state retrieved {
  "service": "poker-game-api",
  "gameId": "40a836d9-51df-40cc-a168-5c1cbedc5f72",
  "playerId": "284b7242-b5bc-47f1-84c8-133564e8bc6f",
  "gamePhase": "preflop",
  "isGameOver": false
}
2025-02-27 15:08:14 [[32MHTTP[39M]: GET /api/game/state/284b7242-b5bc-47f1-84c8-133564e8bc6f 200 1.712 ms {
  "service": "poker-game-api"
}
2025-02-27 15:08:16 [[34MDEBUG[39M]: Request Details {
  "service": "poker-game-api",
  "method": "GET",
  "url": "/api/game/state/284b7242-b5bc-47f1-84c8-133564e8bc6f",
  "params": {},
  "query": {}
}
2025-02-27 15:08:16 [[34MDEBUG[39M]: Game state retrieved {
  "service": "poker-game-api",
  "gameId": "40a836d9-51df-40cc-a168-5c1cbedc5f72",
  "playerId": "284b7242-b5bc-47f1-84c8-133564e8bc6f",
  "gamePhase": "preflop",
  "isGameOver": false
}
2025-02-27 15:08:16 [[32MHTTP[39M]: GET /api/game/state/284b7242-b5bc-47f1-84c8-133564e8bc6f 200 1.215 ms {
  "service": "poker-game-api"
}
2025-02-27 15:08:18 [[34MDEBUG[39M]: Request Details {
  "service": "poker-game-api",
  "method": "GET",
  "url": "/api/game/state/284b7242-b5bc-47f1-84c8-133564e8bc6f",
  "params": {},
  "query": {}
}
2025-02-27 15:08:18 [[34MDEBUG[39M]: Game state retrieved {
  "service": "poker-game-api",
  "gameId": "40a836d9-51df-40cc-a168-5c1cbedc5f72",
  "playerId": "284b7242-b5bc-47f1-84c8-133564e8bc6f",
  "gamePhase": "preflop",
  "isGameOver": false
}
2025-02-27 15:08:18 [[32MHTTP[39M]: GET /api/game/state/284b7242-b5bc-47f1-84c8-133564e8bc6f 200 1.202 ms {
  "service": "poker-game-api"
}
2025-02-27 15:08:20 [[34MDEBUG[39M]: Request Details {
  "service": "poker-game-api",
  "method": "GET",
  "url": "/api/game/state/284b7242-b5bc-47f1-84c8-133564e8bc6f",
  "params": {},
  "query": {}
}
2025-02-27 15:08:20 [[34MDEBUG[39M]: Game state retrieved {
  "service": "poker-game-api",
  "gameId": "40a836d9-51df-40cc-a168-5c1cbedc5f72",
  "playerId": "284b7242-b5bc-47f1-84c8-133564e8bc6f",
  "gamePhase": "preflop",
  "isGameOver": false
}
2025-02-27 15:08:20 [[32MHTTP[39M]: GET /api/game/state/284b7242-b5bc-47f1-84c8-133564e8bc6f 200 0.860 ms {
  "service": "poker-game-api"
}
2025-02-27 15:08:22 [[34MDEBUG[39M]: Request Details {
  "service": "poker-game-api",
  "method": "GET",
  "url": "/api/game/state/284b7242-b5bc-47f1-84c8-133564e8bc6f",
  "params": {},
  "query": {}
}
2025-02-27 15:08:22 [[34MDEBUG[39M]: Game state retrieved {
  "service": "poker-game-api",
  "gameId": "40a836d9-51df-40cc-a168-5c1cbedc5f72",
  "playerId": "284b7242-b5bc-47f1-84c8-133564e8bc6f",
  "gamePhase": "preflop",
  "isGameOver": false
}
2025-02-27 15:08:22 [[32MHTTP[39M]: GET /api/game/state/284b7242-b5bc-47f1-84c8-133564e8bc6f 200 1.864 ms {
  "service": "poker-game-api"
}
2025-02-27 15:08:24 [[34MDEBUG[39M]: Request Details {
  "service": "poker-game-api",
  "method": "GET",
  "url": "/api/game/state/284b7242-b5bc-47f1-84c8-133564e8bc6f",
  "params": {},
  "query": {}
}
2025-02-27 15:08:24 [[34MDEBUG[39M]: Game state retrieved {
  "service": "poker-game-api",
  "gameId": "40a836d9-51df-40cc-a168-5c1cbedc5f72",
  "playerId": "284b7242-b5bc-47f1-84c8-133564e8bc6f",
  "gamePhase": "preflop",
  "isGameOver": false
}
2025-02-27 15:08:24 [[32MHTTP[39M]: GET /api/game/state/284b7242-b5bc-47f1-84c8-133564e8bc6f 200 1.390 ms {
  "service": "poker-game-api"
}
2025-02-27 15:08:26 [[34MDEBUG[39M]: Request Details {
  "service": "poker-game-api",
  "method": "GET",
  "url": "/api/game/state/284b7242-b5bc-47f1-84c8-133564e8bc6f",
  "params": {},
  "query": {}
}
2025-02-27 15:08:26 [[34MDEBUG[39M]: Game state retrieved {
  "service": "poker-game-api",
  "gameId": "40a836d9-51df-40cc-a168-5c1cbedc5f72",
  "playerId": "284b7242-b5bc-47f1-84c8-133564e8bc6f",
  "gamePhase": "preflop",
  "isGameOver": false
}
2025-02-27 15:08:26 [[32MHTTP[39M]: GET /api/game/state/284b7242-b5bc-47f1-84c8-133564e8bc6f 200 1.613 ms {
  "service": "poker-game-api"
}
2025-02-27 15:08:28 [[34MDEBUG[39M]: Request Details {
  "service": "poker-game-api",
  "method": "GET",
  "url": "/api/game/state/284b7242-b5bc-47f1-84c8-133564e8bc6f",
  "params": {},
  "query": {}
}
2025-02-27 15:08:28 [[34MDEBUG[39M]: Game state retrieved {
  "service": "poker-game-api",
  "gameId": "40a836d9-51df-40cc-a168-5c1cbedc5f72",
  "playerId": "284b7242-b5bc-47f1-84c8-133564e8bc6f",
  "gamePhase": "preflop",
  "isGameOver": false
}
2025-02-27 15:08:28 [[32MHTTP[39M]: GET /api/game/state/284b7242-b5bc-47f1-84c8-133564e8bc6f 200 1.581 ms {
  "service": "poker-game-api"
}
2025-02-27 15:08:30 [[34MDEBUG[39M]: Request Details {
  "service": "poker-game-api",
  "method": "GET",
  "url": "/api/game/state/284b7242-b5bc-47f1-84c8-133564e8bc6f",
  "params": {},
  "query": {}
}
2025-02-27 15:08:30 [[34MDEBUG[39M]: Game state retrieved {
  "service": "poker-game-api",
  "gameId": "40a836d9-51df-40cc-a168-5c1cbedc5f72",
  "playerId": "284b7242-b5bc-47f1-84c8-133564e8bc6f",
  "gamePhase": "preflop",
  "isGameOver": false
}
2025-02-27 15:08:30 [[32MHTTP[39M]: GET /api/game/state/284b7242-b5bc-47f1-84c8-133564e8bc6f 200 1.438 ms {
  "service": "poker-game-api"
}
2025-02-27 15:08:32 [[34MDEBUG[39M]: Request Details {
  "service": "poker-game-api",
  "method": "GET",
  "url": "/api/game/state/284b7242-b5bc-47f1-84c8-133564e8bc6f",
  "params": {},
  "query": {}
}
2025-02-27 15:08:32 [[34MDEBUG[39M]: Game state retrieved {
  "service": "poker-game-api",
  "gameId": "40a836d9-51df-40cc-a168-5c1cbedc5f72",
  "playerId": "284b7242-b5bc-47f1-84c8-133564e8bc6f",
  "gamePhase": "preflop",
  "isGameOver": false
}
2025-02-27 15:08:32 [[32MHTTP[39M]: GET /api/game/state/284b7242-b5bc-47f1-84c8-133564e8bc6f 200 1.781 ms {
  "service": "poker-game-api"
}
2025-02-27 15:08:34 [[34MDEBUG[39M]: Request Details {
  "service": "poker-game-api",
  "method": "GET",
  "url": "/api/game/state/284b7242-b5bc-47f1-84c8-133564e8bc6f",
  "params": {},
  "query": {}
}
2025-02-27 15:08:34 [[34MDEBUG[39M]: Game state retrieved {
  "service": "poker-game-api",
  "gameId": "40a836d9-51df-40cc-a168-5c1cbedc5f72",
  "playerId": "284b7242-b5bc-47f1-84c8-133564e8bc6f",
  "gamePhase": "preflop",
  "isGameOver": false
}
2025-02-27 15:08:34 [[32MHTTP[39M]: GET /api/game/state/284b7242-b5bc-47f1-84c8-133564e8bc6f 200 2.403 ms {
  "service": "poker-game-api"
}
2025-02-27 15:08:36 [[34MDEBUG[39M]: Request Details {
  "service": "poker-game-api",
  "method": "GET",
  "url": "/api/game/state/284b7242-b5bc-47f1-84c8-133564e8bc6f",
  "params": {},
  "query": {}
}
2025-02-27 15:08:36 [[34MDEBUG[39M]: Game state retrieved {
  "service": "poker-game-api",
  "gameId": "40a836d9-51df-40cc-a168-5c1cbedc5f72",
  "playerId": "284b7242-b5bc-47f1-84c8-133564e8bc6f",
  "gamePhase": "preflop",
  "isGameOver": false
}
2025-02-27 15:08:36 [[32MHTTP[39M]: GET /api/game/state/284b7242-b5bc-47f1-84c8-133564e8bc6f 200 1.319 ms {
  "service": "poker-game-api"
}
2025-02-27 15:08:38 [[34MDEBUG[39M]: Request Details {
  "service": "poker-game-api",
  "method": "GET",
  "url": "/api/game/state/284b7242-b5bc-47f1-84c8-133564e8bc6f",
  "params": {},
  "query": {}
}
2025-02-27 15:08:38 [[34MDEBUG[39M]: Game state retrieved {
  "service": "poker-game-api",
  "gameId": "40a836d9-51df-40cc-a168-5c1cbedc5f72",
  "playerId": "284b7242-b5bc-47f1-84c8-133564e8bc6f",
  "gamePhase": "preflop",
  "isGameOver": false
}
2025-02-27 15:08:38 [[32MHTTP[39M]: GET /api/game/state/284b7242-b5bc-47f1-84c8-133564e8bc6f 200 1.206 ms {
  "service": "poker-game-api"
}
2025-02-27 15:08:40 [[34MDEBUG[39M]: Request Details {
  "service": "poker-game-api",
  "method": "GET",
  "url": "/api/game/state/284b7242-b5bc-47f1-84c8-133564e8bc6f",
  "params": {},
  "query": {}
}
2025-02-27 15:08:40 [[34MDEBUG[39M]: Game state retrieved {
  "service": "poker-game-api",
  "gameId": "40a836d9-51df-40cc-a168-5c1cbedc5f72",
  "playerId": "284b7242-b5bc-47f1-84c8-133564e8bc6f",
  "gamePhase": "preflop",
  "isGameOver": false
}
2025-02-27 15:08:40 [[32MHTTP[39M]: GET /api/game/state/284b7242-b5bc-47f1-84c8-133564e8bc6f 200 2.190 ms {
  "service": "poker-game-api"
}
2025-02-27 15:08:42 [[34MDEBUG[39M]: Request Details {
  "service": "poker-game-api",
  "method": "GET",
  "url": "/api/game/state/284b7242-b5bc-47f1-84c8-133564e8bc6f",
  "params": {},
  "query": {}
}
2025-02-27 15:08:42 [[34MDEBUG[39M]: Game state retrieved {
  "service": "poker-game-api",
  "gameId": "40a836d9-51df-40cc-a168-5c1cbedc5f72",
  "playerId": "284b7242-b5bc-47f1-84c8-133564e8bc6f",
  "gamePhase": "preflop",
  "isGameOver": false
}
2025-02-27 15:08:42 [[32MHTTP[39M]: GET /api/game/state/284b7242-b5bc-47f1-84c8-133564e8bc6f 200 1.648 ms {
  "service": "poker-game-api"
}
2025-02-27 15:08:44 [[34MDEBUG[39M]: Request Details {
  "service": "poker-game-api",
  "method": "GET",
  "url": "/api/game/state/284b7242-b5bc-47f1-84c8-133564e8bc6f",
  "params": {},
  "query": {}
}
2025-02-27 15:08:44 [[34MDEBUG[39M]: Game state retrieved {
  "service": "poker-game-api",
  "gameId": "40a836d9-51df-40cc-a168-5c1cbedc5f72",
  "playerId": "284b7242-b5bc-47f1-84c8-133564e8bc6f",
  "gamePhase": "preflop",
  "isGameOver": false
}
2025-02-27 15:08:44 [[32MHTTP[39M]: GET /api/game/state/284b7242-b5bc-47f1-84c8-133564e8bc6f 200 0.907 ms {
  "service": "poker-game-api"
}
2025-02-27 15:08:46 [[34MDEBUG[39M]: Request Details {
  "service": "poker-game-api",
  "method": "GET",
  "url": "/api/game/state/284b7242-b5bc-47f1-84c8-133564e8bc6f",
  "params": {},
  "query": {}
}
2025-02-27 15:08:46 [[34MDEBUG[39M]: Game state retrieved {
  "service": "poker-game-api",
  "gameId": "40a836d9-51df-40cc-a168-5c1cbedc5f72",
  "playerId": "284b7242-b5bc-47f1-84c8-133564e8bc6f",
  "gamePhase": "preflop",
  "isGameOver": false
}
2025-02-27 15:08:46 [[32MHTTP[39M]: GET /api/game/state/284b7242-b5bc-47f1-84c8-133564e8bc6f 200 1.130 ms {
  "service": "poker-game-api"
}
2025-02-27 15:08:48 [[34MDEBUG[39M]: Request Details {
  "service": "poker-game-api",
  "method": "GET",
  "url": "/api/game/state/284b7242-b5bc-47f1-84c8-133564e8bc6f",
  "params": {},
  "query": {}
}
2025-02-27 15:08:48 [[34MDEBUG[39M]: Game state retrieved {
  "service": "poker-game-api",
  "gameId": "40a836d9-51df-40cc-a168-5c1cbedc5f72",
  "playerId": "284b7242-b5bc-47f1-84c8-133564e8bc6f",
  "gamePhase": "preflop",
  "isGameOver": false
}
2025-02-27 15:08:48 [[32MHTTP[39M]: GET /api/game/state/284b7242-b5bc-47f1-84c8-133564e8bc6f 200 1.137 ms {
  "service": "poker-game-api"
}
2025-02-27 15:08:50 [[34MDEBUG[39M]: Request Details {
  "service": "poker-game-api",
  "method": "GET",
  "url": "/api/game/state/284b7242-b5bc-47f1-84c8-133564e8bc6f",
  "params": {},
  "query": {}
}
2025-02-27 15:08:50 [[34MDEBUG[39M]: Game state retrieved {
  "service": "poker-game-api",
  "gameId": "40a836d9-51df-40cc-a168-5c1cbedc5f72",
  "playerId": "284b7242-b5bc-47f1-84c8-133564e8bc6f",
  "gamePhase": "preflop",
  "isGameOver": false
}
2025-02-27 15:08:50 [[32MHTTP[39M]: GET /api/game/state/284b7242-b5bc-47f1-84c8-133564e8bc6f 200 1.417 ms {
  "service": "poker-game-api"
}
2025-02-27 15:08:52 [[34MDEBUG[39M]: Request Details {
  "service": "poker-game-api",
  "method": "GET",
  "url": "/api/game/state/284b7242-b5bc-47f1-84c8-133564e8bc6f",
  "params": {},
  "query": {}
}
2025-02-27 15:08:52 [[34MDEBUG[39M]: Game state retrieved {
  "service": "poker-game-api",
  "gameId": "40a836d9-51df-40cc-a168-5c1cbedc5f72",
  "playerId": "284b7242-b5bc-47f1-84c8-133564e8bc6f",
  "gamePhase": "preflop",
  "isGameOver": false
}
2025-02-27 15:08:52 [[32MHTTP[39M]: GET /api/game/state/284b7242-b5bc-47f1-84c8-133564e8bc6f 200 1.466 ms {
  "service": "poker-game-api"
}
2025-02-27 15:08:54 [[34MDEBUG[39M]: Request Details {
  "service": "poker-game-api",
  "method": "GET",
  "url": "/api/game/state/284b7242-b5bc-47f1-84c8-133564e8bc6f",
  "params": {},
  "query": {}
}
2025-02-27 15:08:54 [[34MDEBUG[39M]: Game state retrieved {
  "service": "poker-game-api",
  "gameId": "40a836d9-51df-40cc-a168-5c1cbedc5f72",
  "playerId": "284b7242-b5bc-47f1-84c8-133564e8bc6f",
  "gamePhase": "preflop",
  "isGameOver": false
}
2025-02-27 15:08:54 [[32MHTTP[39M]: GET /api/game/state/284b7242-b5bc-47f1-84c8-133564e8bc6f 200 0.824 ms {
  "service": "poker-game-api"
}
2025-02-27 15:08:56 [[34MDEBUG[39M]: Request Details {
  "service": "poker-game-api",
  "method": "GET",
  "url": "/api/game/state/284b7242-b5bc-47f1-84c8-133564e8bc6f",
  "params": {},
  "query": {}
}
2025-02-27 15:08:56 [[34MDEBUG[39M]: Game state retrieved {
  "service": "poker-game-api",
  "gameId": "40a836d9-51df-40cc-a168-5c1cbedc5f72",
  "playerId": "284b7242-b5bc-47f1-84c8-133564e8bc6f",
  "gamePhase": "preflop",
  "isGameOver": false
}
2025-02-27 15:08:56 [[32MHTTP[39M]: GET /api/game/state/284b7242-b5bc-47f1-84c8-133564e8bc6f 200 1.383 ms {
  "service": "poker-game-api"
}
2025-02-27 15:08:58 [[34MDEBUG[39M]: Request Details {
  "service": "poker-game-api",
  "method": "GET",
  "url": "/api/game/state/284b7242-b5bc-47f1-84c8-133564e8bc6f",
  "params": {},
  "query": {}
}
2025-02-27 15:08:58 [[34MDEBUG[39M]: Game state retrieved {
  "service": "poker-game-api",
  "gameId": "40a836d9-51df-40cc-a168-5c1cbedc5f72",
  "playerId": "284b7242-b5bc-47f1-84c8-133564e8bc6f",
  "gamePhase": "preflop",
  "isGameOver": false
}
2025-02-27 15:08:58 [[32MHTTP[39M]: GET /api/game/state/284b7242-b5bc-47f1-84c8-133564e8bc6f 200 1.561 ms {
  "service": "poker-game-api"
}
2025-02-27 15:09:00 [[34MDEBUG[39M]: Request Details {
  "service": "poker-game-api",
  "method": "GET",
  "url": "/api/game/state/284b7242-b5bc-47f1-84c8-133564e8bc6f",
  "params": {},
  "query": {}
}
2025-02-27 15:09:00 [[34MDEBUG[39M]: Game state retrieved {
  "service": "poker-game-api",
  "gameId": "40a836d9-51df-40cc-a168-5c1cbedc5f72",
  "playerId": "284b7242-b5bc-47f1-84c8-133564e8bc6f",
  "gamePhase": "preflop",
  "isGameOver": false
}
2025-02-27 15:09:00 [[32MHTTP[39M]: GET /api/game/state/284b7242-b5bc-47f1-84c8-133564e8bc6f 200 1.392 ms {
  "service": "poker-game-api"
}
2025-02-27 15:09:02 [[34MDEBUG[39M]: Request Details {
  "service": "poker-game-api",
  "method": "GET",
  "url": "/api/game/state/284b7242-b5bc-47f1-84c8-133564e8bc6f",
  "params": {},
  "query": {}
}
2025-02-27 15:09:02 [[34MDEBUG[39M]: Game state retrieved {
  "service": "poker-game-api",
  "gameId": "40a836d9-51df-40cc-a168-5c1cbedc5f72",
  "playerId": "284b7242-b5bc-47f1-84c8-133564e8bc6f",
  "gamePhase": "preflop",
  "isGameOver": false
}
2025-02-27 15:09:02 [[32MHTTP[39M]: GET /api/game/state/284b7242-b5bc-47f1-84c8-133564e8bc6f 200 1.206 ms {
  "service": "poker-game-api"
}
2025-02-27 15:09:04 [[34MDEBUG[39M]: Request Details {
  "service": "poker-game-api",
  "method": "GET",
  "url": "/api/game/state/284b7242-b5bc-47f1-84c8-133564e8bc6f",
  "params": {},
  "query": {}
}
2025-02-27 15:09:04 [[34MDEBUG[39M]: Game state retrieved {
  "service": "poker-game-api",
  "gameId": "40a836d9-51df-40cc-a168-5c1cbedc5f72",
  "playerId": "284b7242-b5bc-47f1-84c8-133564e8bc6f",
  "gamePhase": "preflop",
  "isGameOver": false
}
2025-02-27 15:09:04 [[32MHTTP[39M]: GET /api/game/state/284b7242-b5bc-47f1-84c8-133564e8bc6f 200 1.215 ms {
  "service": "poker-game-api"
}
2025-02-27 15:09:06 [[34MDEBUG[39M]: Request Details {
  "service": "poker-game-api",
  "method": "GET",
  "url": "/api/game/state/284b7242-b5bc-47f1-84c8-133564e8bc6f",
  "params": {},
  "query": {}
}
2025-02-27 15:09:06 [[34MDEBUG[39M]: Game state retrieved {
  "service": "poker-game-api",
  "gameId": "40a836d9-51df-40cc-a168-5c1cbedc5f72",
  "playerId": "284b7242-b5bc-47f1-84c8-133564e8bc6f",
  "gamePhase": "preflop",
  "isGameOver": false
}
2025-02-27 15:09:06 [[32MHTTP[39M]: GET /api/game/state/284b7242-b5bc-47f1-84c8-133564e8bc6f 200 1.392 ms {
  "service": "poker-game-api"
}
2025-02-27 15:09:08 [[34MDEBUG[39M]: Request Details {
  "service": "poker-game-api",
  "method": "GET",
  "url": "/api/game/state/284b7242-b5bc-47f1-84c8-133564e8bc6f",
  "params": {},
  "query": {}
}
2025-02-27 15:09:08 [[34MDEBUG[39M]: Game state retrieved {
  "service": "poker-game-api",
  "gameId": "40a836d9-51df-40cc-a168-5c1cbedc5f72",
  "playerId": "284b7242-b5bc-47f1-84c8-133564e8bc6f",
  "gamePhase": "preflop",
  "isGameOver": false
}
2025-02-27 15:09:08 [[32MHTTP[39M]: GET /api/game/state/284b7242-b5bc-47f1-84c8-133564e8bc6f 200 1.358 ms {
  "service": "poker-game-api"
}
2025-02-27 15:09:10 [[34MDEBUG[39M]: Request Details {
  "service": "poker-game-api",
  "method": "GET",
  "url": "/api/game/state/284b7242-b5bc-47f1-84c8-133564e8bc6f",
  "params": {},
  "query": {}
}
2025-02-27 15:09:10 [[34MDEBUG[39M]: Game state retrieved {
  "service": "poker-game-api",
  "gameId": "40a836d9-51df-40cc-a168-5c1cbedc5f72",
  "playerId": "284b7242-b5bc-47f1-84c8-133564e8bc6f",
  "gamePhase": "preflop",
  "isGameOver": false
}
2025-02-27 15:09:10 [[32MHTTP[39M]: GET /api/game/state/284b7242-b5bc-47f1-84c8-133564e8bc6f 200 1.212 ms {
  "service": "poker-game-api"
}
2025-02-27 15:09:12 [[34MDEBUG[39M]: Request Details {
  "service": "poker-game-api",
  "method": "GET",
  "url": "/api/game/state/284b7242-b5bc-47f1-84c8-133564e8bc6f",
  "params": {},
  "query": {}
}
2025-02-27 15:09:12 [[34MDEBUG[39M]: Game state retrieved {
  "service": "poker-game-api",
  "gameId": "40a836d9-51df-40cc-a168-5c1cbedc5f72",
  "playerId": "284b7242-b5bc-47f1-84c8-133564e8bc6f",
  "gamePhase": "preflop",
  "isGameOver": false
}
2025-02-27 15:09:12 [[32MHTTP[39M]: GET /api/game/state/284b7242-b5bc-47f1-84c8-133564e8bc6f 200 1.013 ms {
  "service": "poker-game-api"
}
2025-02-27 15:09:14 [[34MDEBUG[39M]: Request Details {
  "service": "poker-game-api",
  "method": "GET",
  "url": "/api/game/state/284b7242-b5bc-47f1-84c8-133564e8bc6f",
  "params": {},
  "query": {}
}
2025-02-27 15:09:14 [[34MDEBUG[39M]: Game state retrieved {
  "service": "poker-game-api",
  "gameId": "40a836d9-51df-40cc-a168-5c1cbedc5f72",
  "playerId": "284b7242-b5bc-47f1-84c8-133564e8bc6f",
  "gamePhase": "preflop",
  "isGameOver": false
}
2025-02-27 15:09:14 [[32MHTTP[39M]: GET /api/game/state/284b7242-b5bc-47f1-84c8-133564e8bc6f 200 1.406 ms {
  "service": "poker-game-api"
}
2025-02-27 15:09:16 [[34MDEBUG[39M]: Request Details {
  "service": "poker-game-api",
  "method": "GET",
  "url": "/api/game/state/284b7242-b5bc-47f1-84c8-133564e8bc6f",
  "params": {},
  "query": {}
}
2025-02-27 15:09:16 [[34MDEBUG[39M]: Game state retrieved {
  "service": "poker-game-api",
  "gameId": "40a836d9-51df-40cc-a168-5c1cbedc5f72",
  "playerId": "284b7242-b5bc-47f1-84c8-133564e8bc6f",
  "gamePhase": "preflop",
  "isGameOver": false
}
2025-02-27 15:09:16 [[32MHTTP[39M]: GET /api/game/state/284b7242-b5bc-47f1-84c8-133564e8bc6f 200 1.287 ms {
  "service": "poker-game-api"
}
2025-02-27 15:09:18 [[34MDEBUG[39M]: Request Details {
  "service": "poker-game-api",
  "method": "GET",
  "url": "/api/game/state/284b7242-b5bc-47f1-84c8-133564e8bc6f",
  "params": {},
  "query": {}
}
2025-02-27 15:09:18 [[34MDEBUG[39M]: Game state retrieved {
  "service": "poker-game-api",
  "gameId": "40a836d9-51df-40cc-a168-5c1cbedc5f72",
  "playerId": "284b7242-b5bc-47f1-84c8-133564e8bc6f",
  "gamePhase": "preflop",
  "isGameOver": false
}
2025-02-27 15:09:18 [[32MHTTP[39M]: GET /api/game/state/284b7242-b5bc-47f1-84c8-133564e8bc6f 200 1.266 ms {
  "service": "poker-game-api"
}
2025-02-27 15:09:20 [[34MDEBUG[39M]: Request Details {
  "service": "poker-game-api",
  "method": "GET",
  "url": "/api/game/state/284b7242-b5bc-47f1-84c8-133564e8bc6f",
  "params": {},
  "query": {}
}
2025-02-27 15:09:20 [[34MDEBUG[39M]: Game state retrieved {
  "service": "poker-game-api",
  "gameId": "40a836d9-51df-40cc-a168-5c1cbedc5f72",
  "playerId": "284b7242-b5bc-47f1-84c8-133564e8bc6f",
  "gamePhase": "preflop",
  "isGameOver": false
}
2025-02-27 15:09:20 [[32MHTTP[39M]: GET /api/game/state/284b7242-b5bc-47f1-84c8-133564e8bc6f 200 1.112 ms {
  "service": "poker-game-api"
}
2025-02-27 15:09:22 [[34MDEBUG[39M]: Request Details {
  "service": "poker-game-api",
  "method": "GET",
  "url": "/api/game/state/284b7242-b5bc-47f1-84c8-133564e8bc6f",
  "params": {},
  "query": {}
}
2025-02-27 15:09:22 [[34MDEBUG[39M]: Game state retrieved {
  "service": "poker-game-api",
  "gameId": "40a836d9-51df-40cc-a168-5c1cbedc5f72",
  "playerId": "284b7242-b5bc-47f1-84c8-133564e8bc6f",
  "gamePhase": "preflop",
  "isGameOver": false
}
2025-02-27 15:09:22 [[32MHTTP[39M]: GET /api/game/state/284b7242-b5bc-47f1-84c8-133564e8bc6f 200 0.428 ms {
  "service": "poker-game-api"
}
2025-02-27 15:09:24 [[34MDEBUG[39M]: Request Details {
  "service": "poker-game-api",
  "method": "GET",
  "url": "/api/game/state/284b7242-b5bc-47f1-84c8-133564e8bc6f",
  "params": {},
  "query": {}
}
2025-02-27 15:09:24 [[34MDEBUG[39M]: Game state retrieved {
  "service": "poker-game-api",
  "gameId": "40a836d9-51df-40cc-a168-5c1cbedc5f72",
  "playerId": "284b7242-b5bc-47f1-84c8-133564e8bc6f",
  "gamePhase": "preflop",
  "isGameOver": false
}
2025-02-27 15:09:24 [[32MHTTP[39M]: GET /api/game/state/284b7242-b5bc-47f1-84c8-133564e8bc6f 200 0.493 ms {
  "service": "poker-game-api"
}
2025-02-27 15:09:26 [[34MDEBUG[39M]: Request Details {
  "service": "poker-game-api",
  "method": "GET",
  "url": "/api/game/state/284b7242-b5bc-47f1-84c8-133564e8bc6f",
  "params": {},
  "query": {}
}
2025-02-27 15:09:26 [[34MDEBUG[39M]: Game state retrieved {
  "service": "poker-game-api",
  "gameId": "40a836d9-51df-40cc-a168-5c1cbedc5f72",
  "playerId": "284b7242-b5bc-47f1-84c8-133564e8bc6f",
  "gamePhase": "preflop",
  "isGameOver": false
}
2025-02-27 15:09:26 [[32MHTTP[39M]: GET /api/game/state/284b7242-b5bc-47f1-84c8-133564e8bc6f 200 1.295 ms {
  "service": "poker-game-api"
}
2025-02-27 15:09:28 [[34MDEBUG[39M]: Request Details {
  "service": "poker-game-api",
  "method": "GET",
  "url": "/api/game/state/284b7242-b5bc-47f1-84c8-133564e8bc6f",
  "params": {},
  "query": {}
}
2025-02-27 15:09:28 [[34MDEBUG[39M]: Game state retrieved {
  "service": "poker-game-api",
  "gameId": "40a836d9-51df-40cc-a168-5c1cbedc5f72",
  "playerId": "284b7242-b5bc-47f1-84c8-133564e8bc6f",
  "gamePhase": "preflop",
  "isGameOver": false
}
2025-02-27 15:09:28 [[32MHTTP[39M]: GET /api/game/state/284b7242-b5bc-47f1-84c8-133564e8bc6f 200 1.464 ms {
  "service": "poker-game-api"
}
2025-02-27 15:09:30 [[34MDEBUG[39M]: Request Details {
  "service": "poker-game-api",
  "method": "GET",
  "url": "/api/game/state/284b7242-b5bc-47f1-84c8-133564e8bc6f",
  "params": {},
  "query": {}
}
2025-02-27 15:09:30 [[34MDEBUG[39M]: Game state retrieved {
  "service": "poker-game-api",
  "gameId": "40a836d9-51df-40cc-a168-5c1cbedc5f72",
  "playerId": "284b7242-b5bc-47f1-84c8-133564e8bc6f",
  "gamePhase": "preflop",
  "isGameOver": false
}
2025-02-27 15:09:30 [[32MHTTP[39M]: GET /api/game/state/284b7242-b5bc-47f1-84c8-133564e8bc6f 200 1.831 ms {
  "service": "poker-game-api"
}
2025-02-27 15:09:32 [[34MDEBUG[39M]: Request Details {
  "service": "poker-game-api",
  "method": "GET",
  "url": "/api/game/state/284b7242-b5bc-47f1-84c8-133564e8bc6f",
  "params": {},
  "query": {}
}
2025-02-27 15:09:32 [[34MDEBUG[39M]: Game state retrieved {
  "service": "poker-game-api",
  "gameId": "40a836d9-51df-40cc-a168-5c1cbedc5f72",
  "playerId": "284b7242-b5bc-47f1-84c8-133564e8bc6f",
  "gamePhase": "preflop",
  "isGameOver": false
}
2025-02-27 15:09:32 [[32MHTTP[39M]: GET /api/game/state/284b7242-b5bc-47f1-84c8-133564e8bc6f 200 0.359 ms {
  "service": "poker-game-api"
}
2025-02-27 15:09:34 [[34MDEBUG[39M]: Request Details {
  "service": "poker-game-api",
  "method": "GET",
  "url": "/api/game/state/284b7242-b5bc-47f1-84c8-133564e8bc6f",
  "params": {},
  "query": {}
}
2025-02-27 15:09:34 [[34MDEBUG[39M]: Game state retrieved {
  "service": "poker-game-api",
  "gameId": "40a836d9-51df-40cc-a168-5c1cbedc5f72",
  "playerId": "284b7242-b5bc-47f1-84c8-133564e8bc6f",
  "gamePhase": "preflop",
  "isGameOver": false
}
2025-02-27 15:09:34 [[32MHTTP[39M]: GET /api/game/state/284b7242-b5bc-47f1-84c8-133564e8bc6f 200 1.112 ms {
  "service": "poker-game-api"
}
2025-02-27 15:09:36 [[34MDEBUG[39M]: Request Details {
  "service": "poker-game-api",
  "method": "GET",
  "url": "/api/game/state/284b7242-b5bc-47f1-84c8-133564e8bc6f",
  "params": {},
  "query": {}
}
2025-02-27 15:09:36 [[34MDEBUG[39M]: Game state retrieved {
  "service": "poker-game-api",
  "gameId": "40a836d9-51df-40cc-a168-5c1cbedc5f72",
  "playerId": "284b7242-b5bc-47f1-84c8-133564e8bc6f",
  "gamePhase": "preflop",
  "isGameOver": false
}
2025-02-27 15:09:36 [[32MHTTP[39M]: GET /api/game/state/284b7242-b5bc-47f1-84c8-133564e8bc6f 200 0.388 ms {
  "service": "poker-game-api"
}
2025-02-27 15:09:38 [[34MDEBUG[39M]: Request Details {
  "service": "poker-game-api",
  "method": "GET",
  "url": "/api/game/state/284b7242-b5bc-47f1-84c8-133564e8bc6f",
  "params": {},
  "query": {}
}
2025-02-27 15:09:38 [[34MDEBUG[39M]: Game state retrieved {
  "service": "poker-game-api",
  "gameId": "40a836d9-51df-40cc-a168-5c1cbedc5f72",
  "playerId": "284b7242-b5bc-47f1-84c8-133564e8bc6f",
  "gamePhase": "preflop",
  "isGameOver": false
}
2025-02-27 15:09:38 [[32MHTTP[39M]: GET /api/game/state/284b7242-b5bc-47f1-84c8-133564e8bc6f 200 0.898 ms {
  "service": "poker-game-api"
}
2025-02-27 15:09:40 [[34MDEBUG[39M]: Request Details {
  "service": "poker-game-api",
  "method": "GET",
  "url": "/api/game/state/284b7242-b5bc-47f1-84c8-133564e8bc6f",
  "params": {},
  "query": {}
}
2025-02-27 15:09:40 [[34MDEBUG[39M]: Game state retrieved {
  "service": "poker-game-api",
  "gameId": "40a836d9-51df-40cc-a168-5c1cbedc5f72",
  "playerId": "284b7242-b5bc-47f1-84c8-133564e8bc6f",
  "gamePhase": "preflop",
  "isGameOver": false
}
2025-02-27 15:09:40 [[32MHTTP[39M]: GET /api/game/state/284b7242-b5bc-47f1-84c8-133564e8bc6f 200 1.128 ms {
  "service": "poker-game-api"
}
2025-02-27 15:09:42 [[34MDEBUG[39M]: Request Details {
  "service": "poker-game-api",
  "method": "GET",
  "url": "/api/game/state/284b7242-b5bc-47f1-84c8-133564e8bc6f",
  "params": {},
  "query": {}
}
2025-02-27 15:09:42 [[34MDEBUG[39M]: Game state retrieved {
  "service": "poker-game-api",
  "gameId": "40a836d9-51df-40cc-a168-5c1cbedc5f72",
  "playerId": "284b7242-b5bc-47f1-84c8-133564e8bc6f",
  "gamePhase": "preflop",
  "isGameOver": false
}
2025-02-27 15:09:42 [[32MHTTP[39M]: GET /api/game/state/284b7242-b5bc-47f1-84c8-133564e8bc6f 200 1.806 ms {
  "service": "poker-game-api"
}
2025-02-27 15:09:44 [[34MDEBUG[39M]: Request Details {
  "service": "poker-game-api",
  "method": "GET",
  "url": "/api/game/state/284b7242-b5bc-47f1-84c8-133564e8bc6f",
  "params": {},
  "query": {}
}
2025-02-27 15:09:44 [[34MDEBUG[39M]: Game state retrieved {
  "service": "poker-game-api",
  "gameId": "40a836d9-51df-40cc-a168-5c1cbedc5f72",
  "playerId": "284b7242-b5bc-47f1-84c8-133564e8bc6f",
  "gamePhase": "preflop",
  "isGameOver": false
}
2025-02-27 15:09:44 [[32MHTTP[39M]: GET /api/game/state/284b7242-b5bc-47f1-84c8-133564e8bc6f 200 1.220 ms {
  "service": "poker-game-api"
}
2025-02-27 15:09:46 [[34MDEBUG[39M]: Request Details {
  "service": "poker-game-api",
  "method": "GET",
  "url": "/api/game/state/284b7242-b5bc-47f1-84c8-133564e8bc6f",
  "params": {},
  "query": {}
}
2025-02-27 15:09:46 [[34MDEBUG[39M]: Game state retrieved {
  "service": "poker-game-api",
  "gameId": "40a836d9-51df-40cc-a168-5c1cbedc5f72",
  "playerId": "284b7242-b5bc-47f1-84c8-133564e8bc6f",
  "gamePhase": "preflop",
  "isGameOver": false
}
2025-02-27 15:09:46 [[32MHTTP[39M]: GET /api/game/state/284b7242-b5bc-47f1-84c8-133564e8bc6f 200 1.291 ms {
  "service": "poker-game-api"
}
2025-02-27 15:09:48 [[34MDEBUG[39M]: Request Details {
  "service": "poker-game-api",
  "method": "GET",
  "url": "/api/game/state/284b7242-b5bc-47f1-84c8-133564e8bc6f",
  "params": {},
  "query": {}
}
2025-02-27 15:09:48 [[34MDEBUG[39M]: Game state retrieved {
  "service": "poker-game-api",
  "gameId": "40a836d9-51df-40cc-a168-5c1cbedc5f72",
  "playerId": "284b7242-b5bc-47f1-84c8-133564e8bc6f",
  "gamePhase": "preflop",
  "isGameOver": false
}
2025-02-27 15:09:48 [[32MHTTP[39M]: GET /api/game/state/284b7242-b5bc-47f1-84c8-133564e8bc6f 200 1.928 ms {
  "service": "poker-game-api"
}
2025-02-27 15:09:50 [[34MDEBUG[39M]: Request Details {
  "service": "poker-game-api",
  "method": "GET",
  "url": "/api/game/state/284b7242-b5bc-47f1-84c8-133564e8bc6f",
  "params": {},
  "query": {}
}
2025-02-27 15:09:50 [[34MDEBUG[39M]: Game state retrieved {
  "service": "poker-game-api",
  "gameId": "40a836d9-51df-40cc-a168-5c1cbedc5f72",
  "playerId": "284b7242-b5bc-47f1-84c8-133564e8bc6f",
  "gamePhase": "preflop",
  "isGameOver": false
}
2025-02-27 15:09:50 [[32MHTTP[39M]: GET /api/game/state/284b7242-b5bc-47f1-84c8-133564e8bc6f 200 1.170 ms {
  "service": "poker-game-api"
}
2025-02-27 15:09:52 [[34MDEBUG[39M]: Request Details {
  "service": "poker-game-api",
  "method": "GET",
  "url": "/api/game/state/284b7242-b5bc-47f1-84c8-133564e8bc6f",
  "params": {},
  "query": {}
}
2025-02-27 15:09:52 [[34MDEBUG[39M]: Game state retrieved {
  "service": "poker-game-api",
  "gameId": "40a836d9-51df-40cc-a168-5c1cbedc5f72",
  "playerId": "284b7242-b5bc-47f1-84c8-133564e8bc6f",
  "gamePhase": "preflop",
  "isGameOver": false
}
2025-02-27 15:09:52 [[32MHTTP[39M]: GET /api/game/state/284b7242-b5bc-47f1-84c8-133564e8bc6f 200 1.915 ms {
  "service": "poker-game-api"
}
2025-02-27 15:09:54 [[34MDEBUG[39M]: Request Details {
  "service": "poker-game-api",
  "method": "GET",
  "url": "/api/game/state/284b7242-b5bc-47f1-84c8-133564e8bc6f",
  "params": {},
  "query": {}
}
2025-02-27 15:09:54 [[34MDEBUG[39M]: Game state retrieved {
  "service": "poker-game-api",
  "gameId": "40a836d9-51df-40cc-a168-5c1cbedc5f72",
  "playerId": "284b7242-b5bc-47f1-84c8-133564e8bc6f",
  "gamePhase": "preflop",
  "isGameOver": false
}
2025-02-27 15:09:54 [[32MHTTP[39M]: GET /api/game/state/284b7242-b5bc-47f1-84c8-133564e8bc6f 200 1.154 ms {
  "service": "poker-game-api"
}
2025-02-27 15:09:56 [[34MDEBUG[39M]: Request Details {
  "service": "poker-game-api",
  "method": "GET",
  "url": "/api/game/state/284b7242-b5bc-47f1-84c8-133564e8bc6f",
  "params": {},
  "query": {}
}
2025-02-27 15:09:56 [[34MDEBUG[39M]: Game state retrieved {
  "service": "poker-game-api",
  "gameId": "40a836d9-51df-40cc-a168-5c1cbedc5f72",
  "playerId": "284b7242-b5bc-47f1-84c8-133564e8bc6f",
  "gamePhase": "preflop",
  "isGameOver": false
}
2025-02-27 15:09:56 [[32MHTTP[39M]: GET /api/game/state/284b7242-b5bc-47f1-84c8-133564e8bc6f 200 1.076 ms {
  "service": "poker-game-api"
}
2025-02-27 15:09:58 [[34MDEBUG[39M]: Request Details {
  "service": "poker-game-api",
  "method": "GET",
  "url": "/api/game/state/284b7242-b5bc-47f1-84c8-133564e8bc6f",
  "params": {},
  "query": {}
}
2025-02-27 15:09:58 [[34MDEBUG[39M]: Game state retrieved {
  "service": "poker-game-api",
  "gameId": "40a836d9-51df-40cc-a168-5c1cbedc5f72",
  "playerId": "284b7242-b5bc-47f1-84c8-133564e8bc6f",
  "gamePhase": "preflop",
  "isGameOver": false
}
2025-02-27 15:09:58 [[32MHTTP[39M]: GET /api/game/state/284b7242-b5bc-47f1-84c8-133564e8bc6f 200 1.347 ms {
  "service": "poker-game-api"
}
2025-02-27 15:10:00 [[34MDEBUG[39M]: Request Details {
  "service": "poker-game-api",
  "method": "GET",
  "url": "/api/game/state/284b7242-b5bc-47f1-84c8-133564e8bc6f",
  "params": {},
  "query": {}
}
2025-02-27 15:10:00 [[34MDEBUG[39M]: Game state retrieved {
  "service": "poker-game-api",
  "gameId": "40a836d9-51df-40cc-a168-5c1cbedc5f72",
  "playerId": "284b7242-b5bc-47f1-84c8-133564e8bc6f",
  "gamePhase": "preflop",
  "isGameOver": false
}
2025-02-27 15:10:00 [[32MHTTP[39M]: GET /api/game/state/284b7242-b5bc-47f1-84c8-133564e8bc6f 200 1.389 ms {
  "service": "poker-game-api"
}
2025-02-27 15:10:02 [[34MDEBUG[39M]: Request Details {
  "service": "poker-game-api",
  "method": "GET",
  "url": "/api/game/state/284b7242-b5bc-47f1-84c8-133564e8bc6f",
  "params": {},
  "query": {}
}
2025-02-27 15:10:02 [[34MDEBUG[39M]: Game state retrieved {
  "service": "poker-game-api",
  "gameId": "40a836d9-51df-40cc-a168-5c1cbedc5f72",
  "playerId": "284b7242-b5bc-47f1-84c8-133564e8bc6f",
  "gamePhase": "preflop",
  "isGameOver": false
}
2025-02-27 15:10:02 [[32MHTTP[39M]: GET /api/game/state/284b7242-b5bc-47f1-84c8-133564e8bc6f 200 1.968 ms {
  "service": "poker-game-api"
}
2025-02-27 15:10:04 [[34MDEBUG[39M]: Request Details {
  "service": "poker-game-api",
  "method": "GET",
  "url": "/api/game/state/284b7242-b5bc-47f1-84c8-133564e8bc6f",
  "params": {},
  "query": {}
}
2025-02-27 15:10:04 [[34MDEBUG[39M]: Game state retrieved {
  "service": "poker-game-api",
  "gameId": "40a836d9-51df-40cc-a168-5c1cbedc5f72",
  "playerId": "284b7242-b5bc-47f1-84c8-133564e8bc6f",
  "gamePhase": "preflop",
  "isGameOver": false
}
2025-02-27 15:10:04 [[32MHTTP[39M]: GET /api/game/state/284b7242-b5bc-47f1-84c8-133564e8bc6f 200 0.890 ms {
  "service": "poker-game-api"
}
2025-02-27 15:10:06 [[34MDEBUG[39M]: Request Details {
  "service": "poker-game-api",
  "method": "GET",
  "url": "/api/game/state/284b7242-b5bc-47f1-84c8-133564e8bc6f",
  "params": {},
  "query": {}
}
2025-02-27 15:10:06 [[34MDEBUG[39M]: Game state retrieved {
  "service": "poker-game-api",
  "gameId": "40a836d9-51df-40cc-a168-5c1cbedc5f72",
  "playerId": "284b7242-b5bc-47f1-84c8-133564e8bc6f",
  "gamePhase": "preflop",
  "isGameOver": false
}
2025-02-27 15:10:06 [[32MHTTP[39M]: GET /api/game/state/284b7242-b5bc-47f1-84c8-133564e8bc6f 200 0.967 ms {
  "service": "poker-game-api"
}
2025-02-27 15:10:08 [[34MDEBUG[39M]: Request Details {
  "service": "poker-game-api",
  "method": "GET",
  "url": "/api/game/state/284b7242-b5bc-47f1-84c8-133564e8bc6f",
  "params": {},
  "query": {}
}
2025-02-27 15:10:08 [[34MDEBUG[39M]: Game state retrieved {
  "service": "poker-game-api",
  "gameId": "40a836d9-51df-40cc-a168-5c1cbedc5f72",
  "playerId": "284b7242-b5bc-47f1-84c8-133564e8bc6f",
  "gamePhase": "preflop",
  "isGameOver": false
}
2025-02-27 15:10:08 [[32MHTTP[39M]: GET /api/game/state/284b7242-b5bc-47f1-84c8-133564e8bc6f 200 1.599 ms {
  "service": "poker-game-api"
}
2025-02-27 15:10:10 [[34MDEBUG[39M]: Request Details {
  "service": "poker-game-api",
  "method": "GET",
  "url": "/api/game/state/284b7242-b5bc-47f1-84c8-133564e8bc6f",
  "params": {},
  "query": {}
}
2025-02-27 15:10:10 [[34MDEBUG[39M]: Game state retrieved {
  "service": "poker-game-api",
  "gameId": "40a836d9-51df-40cc-a168-5c1cbedc5f72",
  "playerId": "284b7242-b5bc-47f1-84c8-133564e8bc6f",
  "gamePhase": "preflop",
  "isGameOver": false
}
2025-02-27 15:10:10 [[32MHTTP[39M]: GET /api/game/state/284b7242-b5bc-47f1-84c8-133564e8bc6f 200 1.713 ms {
  "service": "poker-game-api"
}
2025-02-27 15:10:12 [[34MDEBUG[39M]: Request Details {
  "service": "poker-game-api",
  "method": "GET",
  "url": "/api/game/state/284b7242-b5bc-47f1-84c8-133564e8bc6f",
  "params": {},
  "query": {}
}
2025-02-27 15:10:12 [[34MDEBUG[39M]: Game state retrieved {
  "service": "poker-game-api",
  "gameId": "40a836d9-51df-40cc-a168-5c1cbedc5f72",
  "playerId": "284b7242-b5bc-47f1-84c8-133564e8bc6f",
  "gamePhase": "preflop",
  "isGameOver": false
}
2025-02-27 15:10:12 [[32MHTTP[39M]: GET /api/game/state/284b7242-b5bc-47f1-84c8-133564e8bc6f 200 1.293 ms {
  "service": "poker-game-api"
}
2025-02-27 15:10:14 [[34MDEBUG[39M]: Request Details {
  "service": "poker-game-api",
  "method": "GET",
  "url": "/api/game/state/284b7242-b5bc-47f1-84c8-133564e8bc6f",
  "params": {},
  "query": {}
}
2025-02-27 15:10:14 [[34MDEBUG[39M]: Game state retrieved {
  "service": "poker-game-api",
  "gameId": "40a836d9-51df-40cc-a168-5c1cbedc5f72",
  "playerId": "284b7242-b5bc-47f1-84c8-133564e8bc6f",
  "gamePhase": "preflop",
  "isGameOver": false
}
2025-02-27 15:10:14 [[32MHTTP[39M]: GET /api/game/state/284b7242-b5bc-47f1-84c8-133564e8bc6f 200 1.256 ms {
  "service": "poker-game-api"
}
2025-02-27 15:10:16 [[34MDEBUG[39M]: Request Details {
  "service": "poker-game-api",
  "method": "GET",
  "url": "/api/game/state/284b7242-b5bc-47f1-84c8-133564e8bc6f",
  "params": {},
  "query": {}
}
2025-02-27 15:10:16 [[34MDEBUG[39M]: Game state retrieved {
  "service": "poker-game-api",
  "gameId": "40a836d9-51df-40cc-a168-5c1cbedc5f72",
  "playerId": "284b7242-b5bc-47f1-84c8-133564e8bc6f",
  "gamePhase": "preflop",
  "isGameOver": false
}
2025-02-27 15:10:16 [[32MHTTP[39M]: GET /api/game/state/284b7242-b5bc-47f1-84c8-133564e8bc6f 200 0.531 ms {
  "service": "poker-game-api"
}
2025-02-27 15:10:18 [[34MDEBUG[39M]: Request Details {
  "service": "poker-game-api",
  "method": "GET",
  "url": "/api/game/state/284b7242-b5bc-47f1-84c8-133564e8bc6f",
  "params": {},
  "query": {}
}
2025-02-27 15:10:18 [[34MDEBUG[39M]: Game state retrieved {
  "service": "poker-game-api",
  "gameId": "40a836d9-51df-40cc-a168-5c1cbedc5f72",
  "playerId": "284b7242-b5bc-47f1-84c8-133564e8bc6f",
  "gamePhase": "preflop",
  "isGameOver": false
}
2025-02-27 15:10:18 [[32MHTTP[39M]: GET /api/game/state/284b7242-b5bc-47f1-84c8-133564e8bc6f 200 1.106 ms {
  "service": "poker-game-api"
}
2025-02-27 15:10:20 [[34MDEBUG[39M]: Request Details {
  "service": "poker-game-api",
  "method": "GET",
  "url": "/api/game/state/284b7242-b5bc-47f1-84c8-133564e8bc6f",
  "params": {},
  "query": {}
}
2025-02-27 15:10:20 [[34MDEBUG[39M]: Game state retrieved {
  "service": "poker-game-api",
  "gameId": "40a836d9-51df-40cc-a168-5c1cbedc5f72",
  "playerId": "284b7242-b5bc-47f1-84c8-133564e8bc6f",
  "gamePhase": "preflop",
  "isGameOver": false
}
2025-02-27 15:10:20 [[32MHTTP[39M]: GET /api/game/state/284b7242-b5bc-47f1-84c8-133564e8bc6f 200 0.800 ms {
  "service": "poker-game-api"
}
2025-02-27 15:10:22 [[34MDEBUG[39M]: Request Details {
  "service": "poker-game-api",
  "method": "GET",
  "url": "/api/game/state/284b7242-b5bc-47f1-84c8-133564e8bc6f",
  "params": {},
  "query": {}
}
2025-02-27 15:10:22 [[34MDEBUG[39M]: Game state retrieved {
  "service": "poker-game-api",
  "gameId": "40a836d9-51df-40cc-a168-5c1cbedc5f72",
  "playerId": "284b7242-b5bc-47f1-84c8-133564e8bc6f",
  "gamePhase": "preflop",
  "isGameOver": false
}
2025-02-27 15:10:22 [[32MHTTP[39M]: GET /api/game/state/284b7242-b5bc-47f1-84c8-133564e8bc6f 200 1.298 ms {
  "service": "poker-game-api"
}
2025-02-27 15:10:24 [[34MDEBUG[39M]: Request Details {
  "service": "poker-game-api",
  "method": "GET",
  "url": "/api/game/state/284b7242-b5bc-47f1-84c8-133564e8bc6f",
  "params": {},
  "query": {}
}
2025-02-27 15:10:24 [[34MDEBUG[39M]: Game state retrieved {
  "service": "poker-game-api",
  "gameId": "40a836d9-51df-40cc-a168-5c1cbedc5f72",
  "playerId": "284b7242-b5bc-47f1-84c8-133564e8bc6f",
  "gamePhase": "preflop",
  "isGameOver": false
}
2025-02-27 15:10:24 [[32MHTTP[39M]: GET /api/game/state/284b7242-b5bc-47f1-84c8-133564e8bc6f 200 0.641 ms {
  "service": "poker-game-api"
}
2025-02-27 15:10:26 [[34MDEBUG[39M]: Request Details {
  "service": "poker-game-api",
  "method": "GET",
  "url": "/api/game/state/284b7242-b5bc-47f1-84c8-133564e8bc6f",
  "params": {},
  "query": {}
}
2025-02-27 15:10:26 [[34MDEBUG[39M]: Game state retrieved {
  "service": "poker-game-api",
  "gameId": "40a836d9-51df-40cc-a168-5c1cbedc5f72",
  "playerId": "284b7242-b5bc-47f1-84c8-133564e8bc6f",
  "gamePhase": "preflop",
  "isGameOver": false
}
2025-02-27 15:10:26 [[32MHTTP[39M]: GET /api/game/state/284b7242-b5bc-47f1-84c8-133564e8bc6f 200 1.475 ms {
  "service": "poker-game-api"
}
2025-02-27 15:10:28 [[34MDEBUG[39M]: Request Details {
  "service": "poker-game-api",
  "method": "GET",
  "url": "/api/game/state/284b7242-b5bc-47f1-84c8-133564e8bc6f",
  "params": {},
  "query": {}
}
2025-02-27 15:10:28 [[34MDEBUG[39M]: Game state retrieved {
  "service": "poker-game-api",
  "gameId": "40a836d9-51df-40cc-a168-5c1cbedc5f72",
  "playerId": "284b7242-b5bc-47f1-84c8-133564e8bc6f",
  "gamePhase": "preflop",
  "isGameOver": false
}
2025-02-27 15:10:28 [[32MHTTP[39M]: GET /api/game/state/284b7242-b5bc-47f1-84c8-133564e8bc6f 200 1.315 ms {
  "service": "poker-game-api"
}
2025-02-27 15:10:30 [[34MDEBUG[39M]: Request Details {
  "service": "poker-game-api",
  "method": "GET",
  "url": "/api/game/state/284b7242-b5bc-47f1-84c8-133564e8bc6f",
  "params": {},
  "query": {}
}
2025-02-27 15:10:30 [[34MDEBUG[39M]: Game state retrieved {
  "service": "poker-game-api",
  "gameId": "40a836d9-51df-40cc-a168-5c1cbedc5f72",
  "playerId": "284b7242-b5bc-47f1-84c8-133564e8bc6f",
  "gamePhase": "preflop",
  "isGameOver": false
}
2025-02-27 15:10:30 [[32MHTTP[39M]: GET /api/game/state/284b7242-b5bc-47f1-84c8-133564e8bc6f 200 0.987 ms {
  "service": "poker-game-api"
}
2025-02-27 15:10:32 [[34MDEBUG[39M]: Request Details {
  "service": "poker-game-api",
  "method": "GET",
  "url": "/api/game/state/284b7242-b5bc-47f1-84c8-133564e8bc6f",
  "params": {},
  "query": {}
}
2025-02-27 15:10:32 [[34MDEBUG[39M]: Game state retrieved {
  "service": "poker-game-api",
  "gameId": "40a836d9-51df-40cc-a168-5c1cbedc5f72",
  "playerId": "284b7242-b5bc-47f1-84c8-133564e8bc6f",
  "gamePhase": "preflop",
  "isGameOver": false
}
2025-02-27 15:10:32 [[32MHTTP[39M]: GET /api/game/state/284b7242-b5bc-47f1-84c8-133564e8bc6f 200 0.356 ms {
  "service": "poker-game-api"
}
2025-02-27 15:10:34 [[34MDEBUG[39M]: Request Details {
  "service": "poker-game-api",
  "method": "GET",
  "url": "/api/game/state/284b7242-b5bc-47f1-84c8-133564e8bc6f",
  "params": {},
  "query": {}
}
2025-02-27 15:10:34 [[34MDEBUG[39M]: Game state retrieved {
  "service": "poker-game-api",
  "gameId": "40a836d9-51df-40cc-a168-5c1cbedc5f72",
  "playerId": "284b7242-b5bc-47f1-84c8-133564e8bc6f",
  "gamePhase": "preflop",
  "isGameOver": false
}
2025-02-27 15:10:34 [[32MHTTP[39M]: GET /api/game/state/284b7242-b5bc-47f1-84c8-133564e8bc6f 200 0.370 ms {
  "service": "poker-game-api"
}
2025-02-27 15:10:36 [[34MDEBUG[39M]: Request Details {
  "service": "poker-game-api",
  "method": "GET",
  "url": "/api/game/state/284b7242-b5bc-47f1-84c8-133564e8bc6f",
  "params": {},
  "query": {}
}
2025-02-27 15:10:36 [[34MDEBUG[39M]: Game state retrieved {
  "service": "poker-game-api",
  "gameId": "40a836d9-51df-40cc-a168-5c1cbedc5f72",
  "playerId": "284b7242-b5bc-47f1-84c8-133564e8bc6f",
  "gamePhase": "preflop",
  "isGameOver": false
}
2025-02-27 15:10:36 [[32MHTTP[39M]: GET /api/game/state/284b7242-b5bc-47f1-84c8-133564e8bc6f 200 0.361 ms {
  "service": "poker-game-api"
}
2025-02-27 15:10:38 [[34MDEBUG[39M]: Request Details {
  "service": "poker-game-api",
  "method": "GET",
  "url": "/api/game/state/284b7242-b5bc-47f1-84c8-133564e8bc6f",
  "params": {},
  "query": {}
}
2025-02-27 15:10:38 [[34MDEBUG[39M]: Game state retrieved {
  "service": "poker-game-api",
  "gameId": "40a836d9-51df-40cc-a168-5c1cbedc5f72",
  "playerId": "284b7242-b5bc-47f1-84c8-133564e8bc6f",
  "gamePhase": "preflop",
  "isGameOver": false
}
2025-02-27 15:10:38 [[32MHTTP[39M]: GET /api/game/state/284b7242-b5bc-47f1-84c8-133564e8bc6f 200 0.843 ms {
  "service": "poker-game-api"
}
2025-02-27 15:10:40 [[34MDEBUG[39M]: Request Details {
  "service": "poker-game-api",
  "method": "GET",
  "url": "/api/game/state/284b7242-b5bc-47f1-84c8-133564e8bc6f",
  "params": {},
  "query": {}
}
2025-02-27 15:10:40 [[34MDEBUG[39M]: Game state retrieved {
  "service": "poker-game-api",
  "gameId": "40a836d9-51df-40cc-a168-5c1cbedc5f72",
  "playerId": "284b7242-b5bc-47f1-84c8-133564e8bc6f",
  "gamePhase": "preflop",
  "isGameOver": false
}
2025-02-27 15:10:40 [[32MHTTP[39M]: GET /api/game/state/284b7242-b5bc-47f1-84c8-133564e8bc6f 200 1.368 ms {
  "service": "poker-game-api"
}
2025-02-27 15:10:42 [[34MDEBUG[39M]: Request Details {
  "service": "poker-game-api",
  "method": "GET",
  "url": "/api/game/state/284b7242-b5bc-47f1-84c8-133564e8bc6f",
  "params": {},
  "query": {}
}
2025-02-27 15:10:42 [[34MDEBUG[39M]: Game state retrieved {
  "service": "poker-game-api",
  "gameId": "40a836d9-51df-40cc-a168-5c1cbedc5f72",
  "playerId": "284b7242-b5bc-47f1-84c8-133564e8bc6f",
  "gamePhase": "preflop",
  "isGameOver": false
}
2025-02-27 15:10:42 [[32MHTTP[39M]: GET /api/game/state/284b7242-b5bc-47f1-84c8-133564e8bc6f 200 0.402 ms {
  "service": "poker-game-api"
}
2025-02-27 15:10:44 [[34MDEBUG[39M]: Request Details {
  "service": "poker-game-api",
  "method": "GET",
  "url": "/api/game/state/284b7242-b5bc-47f1-84c8-133564e8bc6f",
  "params": {},
  "query": {}
}
2025-02-27 15:10:44 [[34MDEBUG[39M]: Game state retrieved {
  "service": "poker-game-api",
  "gameId": "40a836d9-51df-40cc-a168-5c1cbedc5f72",
  "playerId": "284b7242-b5bc-47f1-84c8-133564e8bc6f",
  "gamePhase": "preflop",
  "isGameOver": false
}
2025-02-27 15:10:44 [[32MHTTP[39M]: GET /api/game/state/284b7242-b5bc-47f1-84c8-133564e8bc6f 200 1.454 ms {
  "service": "poker-game-api"
}
2025-02-27 15:10:46 [[34MDEBUG[39M]: Request Details {
  "service": "poker-game-api",
  "method": "GET",
  "url": "/api/game/state/284b7242-b5bc-47f1-84c8-133564e8bc6f",
  "params": {},
  "query": {}
}
2025-02-27 15:10:46 [[34MDEBUG[39M]: Game state retrieved {
  "service": "poker-game-api",
  "gameId": "40a836d9-51df-40cc-a168-5c1cbedc5f72",
  "playerId": "284b7242-b5bc-47f1-84c8-133564e8bc6f",
  "gamePhase": "preflop",
  "isGameOver": false
}
2025-02-27 15:10:46 [[32MHTTP[39M]: GET /api/game/state/284b7242-b5bc-47f1-84c8-133564e8bc6f 200 1.115 ms {
  "service": "poker-game-api"
}
2025-02-27 15:10:48 [[34MDEBUG[39M]: Request Details {
  "service": "poker-game-api",
  "method": "GET",
  "url": "/api/game/state/284b7242-b5bc-47f1-84c8-133564e8bc6f",
  "params": {},
  "query": {}
}
2025-02-27 15:10:48 [[34MDEBUG[39M]: Game state retrieved {
  "service": "poker-game-api",
  "gameId": "40a836d9-51df-40cc-a168-5c1cbedc5f72",
  "playerId": "284b7242-b5bc-47f1-84c8-133564e8bc6f",
  "gamePhase": "preflop",
  "isGameOver": false
}
2025-02-27 15:10:48 [[32MHTTP[39M]: GET /api/game/state/284b7242-b5bc-47f1-84c8-133564e8bc6f 200 0.978 ms {
  "service": "poker-game-api"
}
2025-02-27 15:10:50 [[34MDEBUG[39M]: Request Details {
  "service": "poker-game-api",
  "method": "GET",
  "url": "/api/game/state/284b7242-b5bc-47f1-84c8-133564e8bc6f",
  "params": {},
  "query": {}
}
2025-02-27 15:10:50 [[34MDEBUG[39M]: Game state retrieved {
  "service": "poker-game-api",
  "gameId": "40a836d9-51df-40cc-a168-5c1cbedc5f72",
  "playerId": "284b7242-b5bc-47f1-84c8-133564e8bc6f",
  "gamePhase": "preflop",
  "isGameOver": false
}
2025-02-27 15:10:50 [[32MHTTP[39M]: GET /api/game/state/284b7242-b5bc-47f1-84c8-133564e8bc6f 200 1.343 ms {
  "service": "poker-game-api"
}
2025-02-27 15:10:52 [[34MDEBUG[39M]: Request Details {
  "service": "poker-game-api",
  "method": "GET",
  "url": "/api/game/state/284b7242-b5bc-47f1-84c8-133564e8bc6f",
  "params": {},
  "query": {}
}
2025-02-27 15:10:52 [[34MDEBUG[39M]: Game state retrieved {
  "service": "poker-game-api",
  "gameId": "40a836d9-51df-40cc-a168-5c1cbedc5f72",
  "playerId": "284b7242-b5bc-47f1-84c8-133564e8bc6f",
  "gamePhase": "preflop",
  "isGameOver": false
}
2025-02-27 15:10:52 [[32MHTTP[39M]: GET /api/game/state/284b7242-b5bc-47f1-84c8-133564e8bc6f 200 1.535 ms {
  "service": "poker-game-api"
}
2025-02-27 15:10:54 [[34MDEBUG[39M]: Request Details {
  "service": "poker-game-api",
  "method": "GET",
  "url": "/api/game/state/284b7242-b5bc-47f1-84c8-133564e8bc6f",
  "params": {},
  "query": {}
}
2025-02-27 15:10:54 [[34MDEBUG[39M]: Game state retrieved {
  "service": "poker-game-api",
  "gameId": "40a836d9-51df-40cc-a168-5c1cbedc5f72",
  "playerId": "284b7242-b5bc-47f1-84c8-133564e8bc6f",
  "gamePhase": "preflop",
  "isGameOver": false
}
2025-02-27 15:10:54 [[32MHTTP[39M]: GET /api/game/state/284b7242-b5bc-47f1-84c8-133564e8bc6f 200 0.378 ms {
  "service": "poker-game-api"
}
2025-02-27 15:10:56 [[34MDEBUG[39M]: Request Details {
  "service": "poker-game-api",
  "method": "GET",
  "url": "/api/game/state/284b7242-b5bc-47f1-84c8-133564e8bc6f",
  "params": {},
  "query": {}
}
2025-02-27 15:10:56 [[34MDEBUG[39M]: Game state retrieved {
  "service": "poker-game-api",
  "gameId": "40a836d9-51df-40cc-a168-5c1cbedc5f72",
  "playerId": "284b7242-b5bc-47f1-84c8-133564e8bc6f",
  "gamePhase": "preflop",
  "isGameOver": false
}
2025-02-27 15:10:56 [[32MHTTP[39M]: GET /api/game/state/284b7242-b5bc-47f1-84c8-133564e8bc6f 200 0.373 ms {
  "service": "poker-game-api"
}
2025-02-27 15:10:58 [[34MDEBUG[39M]: Request Details {
  "service": "poker-game-api",
  "method": "GET",
  "url": "/api/game/state/284b7242-b5bc-47f1-84c8-133564e8bc6f",
  "params": {},
  "query": {}
}
2025-02-27 15:10:58 [[34MDEBUG[39M]: Game state retrieved {
  "service": "poker-game-api",
  "gameId": "40a836d9-51df-40cc-a168-5c1cbedc5f72",
  "playerId": "284b7242-b5bc-47f1-84c8-133564e8bc6f",
  "gamePhase": "preflop",
  "isGameOver": false
}
2025-02-27 15:10:58 [[32MHTTP[39M]: GET /api/game/state/284b7242-b5bc-47f1-84c8-133564e8bc6f 200 0.366 ms {
  "service": "poker-game-api"
}
2025-02-27 15:11:00 [[34MDEBUG[39M]: Request Details {
  "service": "poker-game-api",
  "method": "GET",
  "url": "/api/game/state/284b7242-b5bc-47f1-84c8-133564e8bc6f",
  "params": {},
  "query": {}
}
2025-02-27 15:11:00 [[34MDEBUG[39M]: Game state retrieved {
  "service": "poker-game-api",
  "gameId": "40a836d9-51df-40cc-a168-5c1cbedc5f72",
  "playerId": "284b7242-b5bc-47f1-84c8-133564e8bc6f",
  "gamePhase": "preflop",
  "isGameOver": false
}
2025-02-27 15:11:00 [[32MHTTP[39M]: GET /api/game/state/284b7242-b5bc-47f1-84c8-133564e8bc6f 200 0.605 ms {
  "service": "poker-game-api"
}
2025-02-27 15:11:02 [[34MDEBUG[39M]: Request Details {
  "service": "poker-game-api",
  "method": "GET",
  "url": "/api/game/state/284b7242-b5bc-47f1-84c8-133564e8bc6f",
  "params": {},
  "query": {}
}
2025-02-27 15:11:02 [[34MDEBUG[39M]: Game state retrieved {
  "service": "poker-game-api",
  "gameId": "40a836d9-51df-40cc-a168-5c1cbedc5f72",
  "playerId": "284b7242-b5bc-47f1-84c8-133564e8bc6f",
  "gamePhase": "preflop",
  "isGameOver": false
}
2025-02-27 15:11:02 [[32MHTTP[39M]: GET /api/game/state/284b7242-b5bc-47f1-84c8-133564e8bc6f 200 0.395 ms {
  "service": "poker-game-api"
}
2025-02-27 15:11:04 [[34MDEBUG[39M]: Request Details {
  "service": "poker-game-api",
  "method": "GET",
  "url": "/api/game/state/284b7242-b5bc-47f1-84c8-133564e8bc6f",
  "params": {},
  "query": {}
}
2025-02-27 15:11:04 [[34MDEBUG[39M]: Game state retrieved {
  "service": "poker-game-api",
  "gameId": "40a836d9-51df-40cc-a168-5c1cbedc5f72",
  "playerId": "284b7242-b5bc-47f1-84c8-133564e8bc6f",
  "gamePhase": "preflop",
  "isGameOver": false
}
2025-02-27 15:11:04 [[32MHTTP[39M]: GET /api/game/state/284b7242-b5bc-47f1-84c8-133564e8bc6f 200 0.307 ms {
  "service": "poker-game-api"
}
2025-02-27 15:11:06 [[34MDEBUG[39M]: Request Details {
  "service": "poker-game-api",
  "method": "GET",
  "url": "/api/game/state/284b7242-b5bc-47f1-84c8-133564e8bc6f",
  "params": {},
  "query": {}
}
2025-02-27 15:11:06 [[34MDEBUG[39M]: Game state retrieved {
  "service": "poker-game-api",
  "gameId": "40a836d9-51df-40cc-a168-5c1cbedc5f72",
  "playerId": "284b7242-b5bc-47f1-84c8-133564e8bc6f",
  "gamePhase": "preflop",
  "isGameOver": false
}
2025-02-27 15:11:06 [[32MHTTP[39M]: GET /api/game/state/284b7242-b5bc-47f1-84c8-133564e8bc6f 200 0.372 ms {
  "service": "poker-game-api"
}
2025-02-27 15:11:08 [[34MDEBUG[39M]: Request Details {
  "service": "poker-game-api",
  "method": "GET",
  "url": "/api/game/state/284b7242-b5bc-47f1-84c8-133564e8bc6f",
  "params": {},
  "query": {}
}
2025-02-27 15:11:08 [[34MDEBUG[39M]: Game state retrieved {
  "service": "poker-game-api",
  "gameId": "40a836d9-51df-40cc-a168-5c1cbedc5f72",
  "playerId": "284b7242-b5bc-47f1-84c8-133564e8bc6f",
  "gamePhase": "preflop",
  "isGameOver": false
}
2025-02-27 15:11:08 [[32MHTTP[39M]: GET /api/game/state/284b7242-b5bc-47f1-84c8-133564e8bc6f 200 0.341 ms {
  "service": "poker-game-api"
}
2025-02-27 15:11:10 [[34MDEBUG[39M]: Request Details {
  "service": "poker-game-api",
  "method": "GET",
  "url": "/api/game/state/284b7242-b5bc-47f1-84c8-133564e8bc6f",
  "params": {},
  "query": {}
}
2025-02-27 15:11:10 [[34MDEBUG[39M]: Game state retrieved {
  "service": "poker-game-api",
  "gameId": "40a836d9-51df-40cc-a168-5c1cbedc5f72",
  "playerId": "284b7242-b5bc-47f1-84c8-133564e8bc6f",
  "gamePhase": "preflop",
  "isGameOver": false
}
2025-02-27 15:11:10 [[32MHTTP[39M]: GET /api/game/state/284b7242-b5bc-47f1-84c8-133564e8bc6f 200 1.219 ms {
  "service": "poker-game-api"
}
2025-02-27 15:11:12 [[34MDEBUG[39M]: Request Details {
  "service": "poker-game-api",
  "method": "GET",
  "url": "/api/game/state/284b7242-b5bc-47f1-84c8-133564e8bc6f",
  "params": {},
  "query": {}
}
2025-02-27 15:11:12 [[34MDEBUG[39M]: Game state retrieved {
  "service": "poker-game-api",
  "gameId": "40a836d9-51df-40cc-a168-5c1cbedc5f72",
  "playerId": "284b7242-b5bc-47f1-84c8-133564e8bc6f",
  "gamePhase": "preflop",
  "isGameOver": false
}
2025-02-27 15:11:12 [[32MHTTP[39M]: GET /api/game/state/284b7242-b5bc-47f1-84c8-133564e8bc6f 200 1.281 ms {
  "service": "poker-game-api"
}
2025-02-27 15:11:14 [[34MDEBUG[39M]: Request Details {
  "service": "poker-game-api",
  "method": "GET",
  "url": "/api/game/state/284b7242-b5bc-47f1-84c8-133564e8bc6f",
  "params": {},
  "query": {}
}
2025-02-27 15:11:14 [[34MDEBUG[39M]: Game state retrieved {
  "service": "poker-game-api",
  "gameId": "40a836d9-51df-40cc-a168-5c1cbedc5f72",
  "playerId": "284b7242-b5bc-47f1-84c8-133564e8bc6f",
  "gamePhase": "preflop",
  "isGameOver": false
}
2025-02-27 15:11:14 [[32MHTTP[39M]: GET /api/game/state/284b7242-b5bc-47f1-84c8-133564e8bc6f 200 1.069 ms {
  "service": "poker-game-api"
}
2025-02-27 15:11:16 [[34MDEBUG[39M]: Request Details {
  "service": "poker-game-api",
  "method": "GET",
  "url": "/api/game/state/284b7242-b5bc-47f1-84c8-133564e8bc6f",
  "params": {},
  "query": {}
}
2025-02-27 15:11:16 [[34MDEBUG[39M]: Game state retrieved {
  "service": "poker-game-api",
  "gameId": "40a836d9-51df-40cc-a168-5c1cbedc5f72",
  "playerId": "284b7242-b5bc-47f1-84c8-133564e8bc6f",
  "gamePhase": "preflop",
  "isGameOver": false
}
2025-02-27 15:11:16 [[32MHTTP[39M]: GET /api/game/state/284b7242-b5bc-47f1-84c8-133564e8bc6f 200 0.406 ms {
  "service": "poker-game-api"
}
2025-02-27 15:11:18 [[34MDEBUG[39M]: Request Details {
  "service": "poker-game-api",
  "method": "GET",
  "url": "/api/game/state/284b7242-b5bc-47f1-84c8-133564e8bc6f",
  "params": {},
  "query": {}
}
2025-02-27 15:11:18 [[34MDEBUG[39M]: Game state retrieved {
  "service": "poker-game-api",
  "gameId": "40a836d9-51df-40cc-a168-5c1cbedc5f72",
  "playerId": "284b7242-b5bc-47f1-84c8-133564e8bc6f",
  "gamePhase": "preflop",
  "isGameOver": false
}
2025-02-27 15:11:18 [[32MHTTP[39M]: GET /api/game/state/284b7242-b5bc-47f1-84c8-133564e8bc6f 200 0.362 ms {
  "service": "poker-game-api"
}
2025-02-27 15:11:20 [[34MDEBUG[39M]: Request Details {
  "service": "poker-game-api",
  "method": "GET",
  "url": "/api/game/state/284b7242-b5bc-47f1-84c8-133564e8bc6f",
  "params": {},
  "query": {}
}
2025-02-27 15:11:20 [[34MDEBUG[39M]: Game state retrieved {
  "service": "poker-game-api",
  "gameId": "40a836d9-51df-40cc-a168-5c1cbedc5f72",
  "playerId": "284b7242-b5bc-47f1-84c8-133564e8bc6f",
  "gamePhase": "preflop",
  "isGameOver": false
}
2025-02-27 15:11:20 [[32MHTTP[39M]: GET /api/game/state/284b7242-b5bc-47f1-84c8-133564e8bc6f 200 0.319 ms {
  "service": "poker-game-api"
}
2025-02-27 15:11:22 [[34MDEBUG[39M]: Request Details {
  "service": "poker-game-api",
  "method": "GET",
  "url": "/api/game/state/284b7242-b5bc-47f1-84c8-133564e8bc6f",
  "params": {},
  "query": {}
}
2025-02-27 15:11:22 [[34MDEBUG[39M]: Game state retrieved {
  "service": "poker-game-api",
  "gameId": "40a836d9-51df-40cc-a168-5c1cbedc5f72",
  "playerId": "284b7242-b5bc-47f1-84c8-133564e8bc6f",
  "gamePhase": "preflop",
  "isGameOver": false
}
2025-02-27 15:11:22 [[32MHTTP[39M]: GET /api/game/state/284b7242-b5bc-47f1-84c8-133564e8bc6f 200 1.316 ms {
  "service": "poker-game-api"
}
2025-02-27 15:11:24 [[34MDEBUG[39M]: Request Details {
  "service": "poker-game-api",
  "method": "GET",
  "url": "/api/game/state/284b7242-b5bc-47f1-84c8-133564e8bc6f",
  "params": {},
  "query": {}
}
2025-02-27 15:11:24 [[34MDEBUG[39M]: Game state retrieved {
  "service": "poker-game-api",
  "gameId": "40a836d9-51df-40cc-a168-5c1cbedc5f72",
  "playerId": "284b7242-b5bc-47f1-84c8-133564e8bc6f",
  "gamePhase": "preflop",
  "isGameOver": false
}
2025-02-27 15:11:24 [[32MHTTP[39M]: GET /api/game/state/284b7242-b5bc-47f1-84c8-133564e8bc6f 200 1.019 ms {
  "service": "poker-game-api"
}
2025-02-27 15:11:26 [[34MDEBUG[39M]: Request Details {
  "service": "poker-game-api",
  "method": "GET",
  "url": "/api/game/state/284b7242-b5bc-47f1-84c8-133564e8bc6f",
  "params": {},
  "query": {}
}
2025-02-27 15:11:26 [[34MDEBUG[39M]: Game state retrieved {
  "service": "poker-game-api",
  "gameId": "40a836d9-51df-40cc-a168-5c1cbedc5f72",
  "playerId": "284b7242-b5bc-47f1-84c8-133564e8bc6f",
  "gamePhase": "preflop",
  "isGameOver": false
}
2025-02-27 15:11:26 [[32MHTTP[39M]: GET /api/game/state/284b7242-b5bc-47f1-84c8-133564e8bc6f 200 0.414 ms {
  "service": "poker-game-api"
}
2025-02-27 15:11:28 [[34MDEBUG[39M]: Request Details {
  "service": "poker-game-api",
  "method": "GET",
  "url": "/api/game/state/284b7242-b5bc-47f1-84c8-133564e8bc6f",
  "params": {},
  "query": {}
}
2025-02-27 15:11:28 [[34MDEBUG[39M]: Game state retrieved {
  "service": "poker-game-api",
  "gameId": "40a836d9-51df-40cc-a168-5c1cbedc5f72",
  "playerId": "284b7242-b5bc-47f1-84c8-133564e8bc6f",
  "gamePhase": "preflop",
  "isGameOver": false
}
2025-02-27 15:11:28 [[32MHTTP[39M]: GET /api/game/state/284b7242-b5bc-47f1-84c8-133564e8bc6f 200 1.343 ms {
  "service": "poker-game-api"
}
2025-02-27 15:11:30 [[34MDEBUG[39M]: Request Details {
  "service": "poker-game-api",
  "method": "GET",
  "url": "/api/game/state/284b7242-b5bc-47f1-84c8-133564e8bc6f",
  "params": {},
  "query": {}
}
2025-02-27 15:11:30 [[34MDEBUG[39M]: Game state retrieved {
  "service": "poker-game-api",
  "gameId": "40a836d9-51df-40cc-a168-5c1cbedc5f72",
  "playerId": "284b7242-b5bc-47f1-84c8-133564e8bc6f",
  "gamePhase": "preflop",
  "isGameOver": false
}
2025-02-27 15:11:30 [[32MHTTP[39M]: GET /api/game/state/284b7242-b5bc-47f1-84c8-133564e8bc6f 200 0.325 ms {
  "service": "poker-game-api"
}
2025-02-27 15:11:32 [[34MDEBUG[39M]: Request Details {
  "service": "poker-game-api",
  "method": "GET",
  "url": "/api/game/state/284b7242-b5bc-47f1-84c8-133564e8bc6f",
  "params": {},
  "query": {}
}
2025-02-27 15:11:32 [[34MDEBUG[39M]: Game state retrieved {
  "service": "poker-game-api",
  "gameId": "40a836d9-51df-40cc-a168-5c1cbedc5f72",
  "playerId": "284b7242-b5bc-47f1-84c8-133564e8bc6f",
  "gamePhase": "preflop",
  "isGameOver": false
}
2025-02-27 15:11:32 [[32MHTTP[39M]: GET /api/game/state/284b7242-b5bc-47f1-84c8-133564e8bc6f 200 0.508 ms {
  "service": "poker-game-api"
}
2025-02-27 15:11:34 [[34MDEBUG[39M]: Request Details {
  "service": "poker-game-api",
  "method": "GET",
  "url": "/api/game/state/284b7242-b5bc-47f1-84c8-133564e8bc6f",
  "params": {},
  "query": {}
}
2025-02-27 15:11:34 [[34MDEBUG[39M]: Game state retrieved {
  "service": "poker-game-api",
  "gameId": "40a836d9-51df-40cc-a168-5c1cbedc5f72",
  "playerId": "284b7242-b5bc-47f1-84c8-133564e8bc6f",
  "gamePhase": "preflop",
  "isGameOver": false
}
2025-02-27 15:11:34 [[32MHTTP[39M]: GET /api/game/state/284b7242-b5bc-47f1-84c8-133564e8bc6f 200 1.458 ms {
  "service": "poker-game-api"
}
2025-02-27 15:11:36 [[34MDEBUG[39M]: Request Details {
  "service": "poker-game-api",
  "method": "GET",
  "url": "/api/game/state/284b7242-b5bc-47f1-84c8-133564e8bc6f",
  "params": {},
  "query": {}
}
2025-02-27 15:11:36 [[34MDEBUG[39M]: Game state retrieved {
  "service": "poker-game-api",
  "gameId": "40a836d9-51df-40cc-a168-5c1cbedc5f72",
  "playerId": "284b7242-b5bc-47f1-84c8-133564e8bc6f",
  "gamePhase": "preflop",
  "isGameOver": false
}
2025-02-27 15:11:36 [[32MHTTP[39M]: GET /api/game/state/284b7242-b5bc-47f1-84c8-133564e8bc6f 200 1.258 ms {
  "service": "poker-game-api"
}
2025-02-27 15:11:38 [[34MDEBUG[39M]: Request Details {
  "service": "poker-game-api",
  "method": "GET",
  "url": "/api/game/state/284b7242-b5bc-47f1-84c8-133564e8bc6f",
  "params": {},
  "query": {}
}
2025-02-27 15:11:38 [[34MDEBUG[39M]: Game state retrieved {
  "service": "poker-game-api",
  "gameId": "40a836d9-51df-40cc-a168-5c1cbedc5f72",
  "playerId": "284b7242-b5bc-47f1-84c8-133564e8bc6f",
  "gamePhase": "preflop",
  "isGameOver": false
}
2025-02-27 15:11:38 [[32MHTTP[39M]: GET /api/game/state/284b7242-b5bc-47f1-84c8-133564e8bc6f 200 1.183 ms {
  "service": "poker-game-api"
}
2025-02-27 15:11:40 [[34MDEBUG[39M]: Request Details {
  "service": "poker-game-api",
  "method": "GET",
  "url": "/api/game/state/284b7242-b5bc-47f1-84c8-133564e8bc6f",
  "params": {},
  "query": {}
}
2025-02-27 15:11:40 [[34MDEBUG[39M]: Game state retrieved {
  "service": "poker-game-api",
  "gameId": "40a836d9-51df-40cc-a168-5c1cbedc5f72",
  "playerId": "284b7242-b5bc-47f1-84c8-133564e8bc6f",
  "gamePhase": "preflop",
  "isGameOver": false
}
2025-02-27 15:11:40 [[32MHTTP[39M]: GET /api/game/state/284b7242-b5bc-47f1-84c8-133564e8bc6f 200 1.186 ms {
  "service": "poker-game-api"
}
2025-02-27 15:11:42 [[34MDEBUG[39M]: Request Details {
  "service": "poker-game-api",
  "method": "GET",
  "url": "/api/game/state/284b7242-b5bc-47f1-84c8-133564e8bc6f",
  "params": {},
  "query": {}
}
2025-02-27 15:11:42 [[34MDEBUG[39M]: Game state retrieved {
  "service": "poker-game-api",
  "gameId": "40a836d9-51df-40cc-a168-5c1cbedc5f72",
  "playerId": "284b7242-b5bc-47f1-84c8-133564e8bc6f",
  "gamePhase": "preflop",
  "isGameOver": false
}
2025-02-27 15:11:42 [[32MHTTP[39M]: GET /api/game/state/284b7242-b5bc-47f1-84c8-133564e8bc6f 200 0.376 ms {
  "service": "poker-game-api"
}
2025-02-27 15:11:44 [[34MDEBUG[39M]: Request Details {
  "service": "poker-game-api",
  "method": "GET",
  "url": "/api/game/state/284b7242-b5bc-47f1-84c8-133564e8bc6f",
  "params": {},
  "query": {}
}
2025-02-27 15:11:44 [[34MDEBUG[39M]: Game state retrieved {
  "service": "poker-game-api",
  "gameId": "40a836d9-51df-40cc-a168-5c1cbedc5f72",
  "playerId": "284b7242-b5bc-47f1-84c8-133564e8bc6f",
  "gamePhase": "preflop",
  "isGameOver": false
}
2025-02-27 15:11:44 [[32MHTTP[39M]: GET /api/game/state/284b7242-b5bc-47f1-84c8-133564e8bc6f 200 1.212 ms {
  "service": "poker-game-api"
}
2025-02-27 15:11:46 [[34MDEBUG[39M]: Request Details {
  "service": "poker-game-api",
  "method": "GET",
  "url": "/api/game/state/284b7242-b5bc-47f1-84c8-133564e8bc6f",
  "params": {},
  "query": {}
}
2025-02-27 15:11:46 [[34MDEBUG[39M]: Game state retrieved {
  "service": "poker-game-api",
  "gameId": "40a836d9-51df-40cc-a168-5c1cbedc5f72",
  "playerId": "284b7242-b5bc-47f1-84c8-133564e8bc6f",
  "gamePhase": "preflop",
  "isGameOver": false
}
2025-02-27 15:11:46 [[32MHTTP[39M]: GET /api/game/state/284b7242-b5bc-47f1-84c8-133564e8bc6f 200 1.517 ms {
  "service": "poker-game-api"
}
2025-02-27 15:11:48 [[34MDEBUG[39M]: Request Details {
  "service": "poker-game-api",
  "method": "GET",
  "url": "/api/game/state/284b7242-b5bc-47f1-84c8-133564e8bc6f",
  "params": {},
  "query": {}
}
2025-02-27 15:11:48 [[34MDEBUG[39M]: Game state retrieved {
  "service": "poker-game-api",
  "gameId": "40a836d9-51df-40cc-a168-5c1cbedc5f72",
  "playerId": "284b7242-b5bc-47f1-84c8-133564e8bc6f",
  "gamePhase": "preflop",
  "isGameOver": false
}
2025-02-27 15:11:48 [[32MHTTP[39M]: GET /api/game/state/284b7242-b5bc-47f1-84c8-133564e8bc6f 200 1.136 ms {
  "service": "poker-game-api"
}
2025-02-27 15:11:50 [[34MDEBUG[39M]: Request Details {
  "service": "poker-game-api",
  "method": "GET",
  "url": "/api/game/state/284b7242-b5bc-47f1-84c8-133564e8bc6f",
  "params": {},
  "query": {}
}
2025-02-27 15:11:50 [[34MDEBUG[39M]: Game state retrieved {
  "service": "poker-game-api",
  "gameId": "40a836d9-51df-40cc-a168-5c1cbedc5f72",
  "playerId": "284b7242-b5bc-47f1-84c8-133564e8bc6f",
  "gamePhase": "preflop",
  "isGameOver": false
}
2025-02-27 15:11:50 [[32MHTTP[39M]: GET /api/game/state/284b7242-b5bc-47f1-84c8-133564e8bc6f 200 1.211 ms {
  "service": "poker-game-api"
}
2025-02-27 15:11:52 [[34MDEBUG[39M]: Request Details {
  "service": "poker-game-api",
  "method": "GET",
  "url": "/api/game/state/284b7242-b5bc-47f1-84c8-133564e8bc6f",
  "params": {},
  "query": {}
}
2025-02-27 15:11:52 [[34MDEBUG[39M]: Game state retrieved {
  "service": "poker-game-api",
  "gameId": "40a836d9-51df-40cc-a168-5c1cbedc5f72",
  "playerId": "284b7242-b5bc-47f1-84c8-133564e8bc6f",
  "gamePhase": "preflop",
  "isGameOver": false
}
2025-02-27 15:11:52 [[32MHTTP[39M]: GET /api/game/state/284b7242-b5bc-47f1-84c8-133564e8bc6f 200 1.107 ms {
  "service": "poker-game-api"
}
2025-02-27 15:11:54 [[34MDEBUG[39M]: Request Details {
  "service": "poker-game-api",
  "method": "GET",
  "url": "/api/game/state/284b7242-b5bc-47f1-84c8-133564e8bc6f",
  "params": {},
  "query": {}
}
2025-02-27 15:11:54 [[34MDEBUG[39M]: Game state retrieved {
  "service": "poker-game-api",
  "gameId": "40a836d9-51df-40cc-a168-5c1cbedc5f72",
  "playerId": "284b7242-b5bc-47f1-84c8-133564e8bc6f",
  "gamePhase": "preflop",
  "isGameOver": false
}
2025-02-27 15:11:54 [[32MHTTP[39M]: GET /api/game/state/284b7242-b5bc-47f1-84c8-133564e8bc6f 200 0.436 ms {
  "service": "poker-game-api"
}
2025-02-27 15:11:56 [[34MDEBUG[39M]: Request Details {
  "service": "poker-game-api",
  "method": "GET",
  "url": "/api/game/state/284b7242-b5bc-47f1-84c8-133564e8bc6f",
  "params": {},
  "query": {}
}
2025-02-27 15:11:56 [[34MDEBUG[39M]: Game state retrieved {
  "service": "poker-game-api",
  "gameId": "40a836d9-51df-40cc-a168-5c1cbedc5f72",
  "playerId": "284b7242-b5bc-47f1-84c8-133564e8bc6f",
  "gamePhase": "preflop",
  "isGameOver": false
}
2025-02-27 15:11:56 [[32MHTTP[39M]: GET /api/game/state/284b7242-b5bc-47f1-84c8-133564e8bc6f 200 1.297 ms {
  "service": "poker-game-api"
}
2025-02-27 15:11:58 [[34MDEBUG[39M]: Request Details {
  "service": "poker-game-api",
  "method": "GET",
  "url": "/api/game/state/284b7242-b5bc-47f1-84c8-133564e8bc6f",
  "params": {},
  "query": {}
}
2025-02-27 15:11:58 [[34MDEBUG[39M]: Game state retrieved {
  "service": "poker-game-api",
  "gameId": "40a836d9-51df-40cc-a168-5c1cbedc5f72",
  "playerId": "284b7242-b5bc-47f1-84c8-133564e8bc6f",
  "gamePhase": "preflop",
  "isGameOver": false
}
2025-02-27 15:11:58 [[32MHTTP[39M]: GET /api/game/state/284b7242-b5bc-47f1-84c8-133564e8bc6f 200 1.242 ms {
  "service": "poker-game-api"
}
2025-02-27 15:12:00 [[34MDEBUG[39M]: Request Details {
  "service": "poker-game-api",
  "method": "GET",
  "url": "/api/game/state/284b7242-b5bc-47f1-84c8-133564e8bc6f",
  "params": {},
  "query": {}
}
2025-02-27 15:12:00 [[34MDEBUG[39M]: Game state retrieved {
  "service": "poker-game-api",
  "gameId": "40a836d9-51df-40cc-a168-5c1cbedc5f72",
  "playerId": "284b7242-b5bc-47f1-84c8-133564e8bc6f",
  "gamePhase": "preflop",
  "isGameOver": false
}
2025-02-27 15:12:00 [[32MHTTP[39M]: GET /api/game/state/284b7242-b5bc-47f1-84c8-133564e8bc6f 200 0.987 ms {
  "service": "poker-game-api"
}
2025-02-27 15:12:02 [[34MDEBUG[39M]: Request Details {
  "service": "poker-game-api",
  "method": "GET",
  "url": "/api/game/state/284b7242-b5bc-47f1-84c8-133564e8bc6f",
  "params": {},
  "query": {}
}
2025-02-27 15:12:02 [[34MDEBUG[39M]: Game state retrieved {
  "service": "poker-game-api",
  "gameId": "40a836d9-51df-40cc-a168-5c1cbedc5f72",
  "playerId": "284b7242-b5bc-47f1-84c8-133564e8bc6f",
  "gamePhase": "preflop",
  "isGameOver": false
}
2025-02-27 15:12:02 [[32MHTTP[39M]: GET /api/game/state/284b7242-b5bc-47f1-84c8-133564e8bc6f 200 1.262 ms {
  "service": "poker-game-api"
}
2025-02-27 15:12:04 [[34MDEBUG[39M]: Request Details {
  "service": "poker-game-api",
  "method": "GET",
  "url": "/api/game/state/284b7242-b5bc-47f1-84c8-133564e8bc6f",
  "params": {},
  "query": {}
}
2025-02-27 15:12:04 [[34MDEBUG[39M]: Game state retrieved {
  "service": "poker-game-api",
  "gameId": "40a836d9-51df-40cc-a168-5c1cbedc5f72",
  "playerId": "284b7242-b5bc-47f1-84c8-133564e8bc6f",
  "gamePhase": "preflop",
  "isGameOver": false
}
2025-02-27 15:12:04 [[32MHTTP[39M]: GET /api/game/state/284b7242-b5bc-47f1-84c8-133564e8bc6f 200 0.932 ms {
  "service": "poker-game-api"
}
2025-02-27 15:12:06 [[34MDEBUG[39M]: Request Details {
  "service": "poker-game-api",
  "method": "GET",
  "url": "/api/game/state/284b7242-b5bc-47f1-84c8-133564e8bc6f",
  "params": {},
  "query": {}
}
2025-02-27 15:12:06 [[34MDEBUG[39M]: Game state retrieved {
  "service": "poker-game-api",
  "gameId": "40a836d9-51df-40cc-a168-5c1cbedc5f72",
  "playerId": "284b7242-b5bc-47f1-84c8-133564e8bc6f",
  "gamePhase": "preflop",
  "isGameOver": false
}
2025-02-27 15:12:06 [[32MHTTP[39M]: GET /api/game/state/284b7242-b5bc-47f1-84c8-133564e8bc6f 200 0.418 ms {
  "service": "poker-game-api"
}
2025-02-27 15:12:08 [[34MDEBUG[39M]: Request Details {
  "service": "poker-game-api",
  "method": "GET",
  "url": "/api/game/state/284b7242-b5bc-47f1-84c8-133564e8bc6f",
  "params": {},
  "query": {}
}
2025-02-27 15:12:08 [[34MDEBUG[39M]: Game state retrieved {
  "service": "poker-game-api",
  "gameId": "40a836d9-51df-40cc-a168-5c1cbedc5f72",
  "playerId": "284b7242-b5bc-47f1-84c8-133564e8bc6f",
  "gamePhase": "preflop",
  "isGameOver": false
}
2025-02-27 15:12:08 [[32MHTTP[39M]: GET /api/game/state/284b7242-b5bc-47f1-84c8-133564e8bc6f 200 1.485 ms {
  "service": "poker-game-api"
}
2025-02-27 15:12:10 [[34MDEBUG[39M]: Request Details {
  "service": "poker-game-api",
  "method": "GET",
  "url": "/api/game/state/284b7242-b5bc-47f1-84c8-133564e8bc6f",
  "params": {},
  "query": {}
}
2025-02-27 15:12:10 [[34MDEBUG[39M]: Game state retrieved {
  "service": "poker-game-api",
  "gameId": "40a836d9-51df-40cc-a168-5c1cbedc5f72",
  "playerId": "284b7242-b5bc-47f1-84c8-133564e8bc6f",
  "gamePhase": "preflop",
  "isGameOver": false
}
2025-02-27 15:12:10 [[32MHTTP[39M]: GET /api/game/state/284b7242-b5bc-47f1-84c8-133564e8bc6f 200 1.131 ms {
  "service": "poker-game-api"
}
2025-02-27 15:12:12 [[34MDEBUG[39M]: Request Details {
  "service": "poker-game-api",
  "method": "GET",
  "url": "/api/game/state/284b7242-b5bc-47f1-84c8-133564e8bc6f",
  "params": {},
  "query": {}
}
2025-02-27 15:12:12 [[34MDEBUG[39M]: Game state retrieved {
  "service": "poker-game-api",
  "gameId": "40a836d9-51df-40cc-a168-5c1cbedc5f72",
  "playerId": "284b7242-b5bc-47f1-84c8-133564e8bc6f",
  "gamePhase": "preflop",
  "isGameOver": false
}
2025-02-27 15:12:12 [[32MHTTP[39M]: GET /api/game/state/284b7242-b5bc-47f1-84c8-133564e8bc6f 200 1.395 ms {
  "service": "poker-game-api"
}
2025-02-27 15:12:14 [[34MDEBUG[39M]: Request Details {
  "service": "poker-game-api",
  "method": "GET",
  "url": "/api/game/state/284b7242-b5bc-47f1-84c8-133564e8bc6f",
  "params": {},
  "query": {}
}
2025-02-27 15:12:14 [[34MDEBUG[39M]: Game state retrieved {
  "service": "poker-game-api",
  "gameId": "40a836d9-51df-40cc-a168-5c1cbedc5f72",
  "playerId": "284b7242-b5bc-47f1-84c8-133564e8bc6f",
  "gamePhase": "preflop",
  "isGameOver": false
}
2025-02-27 15:12:14 [[32MHTTP[39M]: GET /api/game/state/284b7242-b5bc-47f1-84c8-133564e8bc6f 200 1.041 ms {
  "service": "poker-game-api"
}
2025-02-27 15:12:16 [[34MDEBUG[39M]: Request Details {
  "service": "poker-game-api",
  "method": "GET",
  "url": "/api/game/state/284b7242-b5bc-47f1-84c8-133564e8bc6f",
  "params": {},
  "query": {}
}
2025-02-27 15:12:16 [[34MDEBUG[39M]: Game state retrieved {
  "service": "poker-game-api",
  "gameId": "40a836d9-51df-40cc-a168-5c1cbedc5f72",
  "playerId": "284b7242-b5bc-47f1-84c8-133564e8bc6f",
  "gamePhase": "preflop",
  "isGameOver": false
}
2025-02-27 15:12:16 [[32MHTTP[39M]: GET /api/game/state/284b7242-b5bc-47f1-84c8-133564e8bc6f 200 0.939 ms {
  "service": "poker-game-api"
}
2025-02-27 15:12:18 [[34MDEBUG[39M]: Request Details {
  "service": "poker-game-api",
  "method": "GET",
  "url": "/api/game/state/284b7242-b5bc-47f1-84c8-133564e8bc6f",
  "params": {},
  "query": {}
}
2025-02-27 15:12:18 [[34MDEBUG[39M]: Game state retrieved {
  "service": "poker-game-api",
  "gameId": "40a836d9-51df-40cc-a168-5c1cbedc5f72",
  "playerId": "284b7242-b5bc-47f1-84c8-133564e8bc6f",
  "gamePhase": "preflop",
  "isGameOver": false
}
2025-02-27 15:12:18 [[32MHTTP[39M]: GET /api/game/state/284b7242-b5bc-47f1-84c8-133564e8bc6f 200 1.351 ms {
  "service": "poker-game-api"
}
2025-02-27 15:12:20 [[34MDEBUG[39M]: Request Details {
  "service": "poker-game-api",
  "method": "GET",
  "url": "/api/game/state/284b7242-b5bc-47f1-84c8-133564e8bc6f",
  "params": {},
  "query": {}
}
2025-02-27 15:12:20 [[34MDEBUG[39M]: Game state retrieved {
  "service": "poker-game-api",
  "gameId": "40a836d9-51df-40cc-a168-5c1cbedc5f72",
  "playerId": "284b7242-b5bc-47f1-84c8-133564e8bc6f",
  "gamePhase": "preflop",
  "isGameOver": false
}
2025-02-27 15:12:20 [[32MHTTP[39M]: GET /api/game/state/284b7242-b5bc-47f1-84c8-133564e8bc6f 200 1.215 ms {
  "service": "poker-game-api"
}
2025-02-27 15:12:22 [[34MDEBUG[39M]: Request Details {
  "service": "poker-game-api",
  "method": "GET",
  "url": "/api/game/state/284b7242-b5bc-47f1-84c8-133564e8bc6f",
  "params": {},
  "query": {}
}
2025-02-27 15:12:22 [[34MDEBUG[39M]: Game state retrieved {
  "service": "poker-game-api",
  "gameId": "40a836d9-51df-40cc-a168-5c1cbedc5f72",
  "playerId": "284b7242-b5bc-47f1-84c8-133564e8bc6f",
  "gamePhase": "preflop",
  "isGameOver": false
}
2025-02-27 15:12:22 [[32MHTTP[39M]: GET /api/game/state/284b7242-b5bc-47f1-84c8-133564e8bc6f 200 1.076 ms {
  "service": "poker-game-api"
}
2025-02-27 15:12:24 [[34MDEBUG[39M]: Request Details {
  "service": "poker-game-api",
  "method": "GET",
  "url": "/api/game/state/284b7242-b5bc-47f1-84c8-133564e8bc6f",
  "params": {},
  "query": {}
}
2025-02-27 15:12:24 [[34MDEBUG[39M]: Game state retrieved {
  "service": "poker-game-api",
  "gameId": "40a836d9-51df-40cc-a168-5c1cbedc5f72",
  "playerId": "284b7242-b5bc-47f1-84c8-133564e8bc6f",
  "gamePhase": "preflop",
  "isGameOver": false
}
2025-02-27 15:12:24 [[32MHTTP[39M]: GET /api/game/state/284b7242-b5bc-47f1-84c8-133564e8bc6f 200 1.154 ms {
  "service": "poker-game-api"
}
2025-02-27 15:12:26 [[34MDEBUG[39M]: Request Details {
  "service": "poker-game-api",
  "method": "GET",
  "url": "/api/game/state/284b7242-b5bc-47f1-84c8-133564e8bc6f",
  "params": {},
  "query": {}
}
2025-02-27 15:12:26 [[34MDEBUG[39M]: Game state retrieved {
  "service": "poker-game-api",
  "gameId": "40a836d9-51df-40cc-a168-5c1cbedc5f72",
  "playerId": "284b7242-b5bc-47f1-84c8-133564e8bc6f",
  "gamePhase": "preflop",
  "isGameOver": false
}
2025-02-27 15:12:26 [[32MHTTP[39M]: GET /api/game/state/284b7242-b5bc-47f1-84c8-133564e8bc6f 200 1.291 ms {
  "service": "poker-game-api"
}
2025-02-27 15:12:28 [[34MDEBUG[39M]: Request Details {
  "service": "poker-game-api",
  "method": "GET",
  "url": "/api/game/state/284b7242-b5bc-47f1-84c8-133564e8bc6f",
  "params": {},
  "query": {}
}
2025-02-27 15:12:28 [[34MDEBUG[39M]: Game state retrieved {
  "service": "poker-game-api",
  "gameId": "40a836d9-51df-40cc-a168-5c1cbedc5f72",
  "playerId": "284b7242-b5bc-47f1-84c8-133564e8bc6f",
  "gamePhase": "preflop",
  "isGameOver": false
}
2025-02-27 15:12:28 [[32MHTTP[39M]: GET /api/game/state/284b7242-b5bc-47f1-84c8-133564e8bc6f 200 1.221 ms {
  "service": "poker-game-api"
}
2025-02-27 15:12:30 [[34MDEBUG[39M]: Request Details {
  "service": "poker-game-api",
  "method": "GET",
  "url": "/api/game/state/284b7242-b5bc-47f1-84c8-133564e8bc6f",
  "params": {},
  "query": {}
}
2025-02-27 15:12:30 [[34MDEBUG[39M]: Game state retrieved {
  "service": "poker-game-api",
  "gameId": "40a836d9-51df-40cc-a168-5c1cbedc5f72",
  "playerId": "284b7242-b5bc-47f1-84c8-133564e8bc6f",
  "gamePhase": "preflop",
  "isGameOver": false
}
2025-02-27 15:12:30 [[32MHTTP[39M]: GET /api/game/state/284b7242-b5bc-47f1-84c8-133564e8bc6f 200 0.835 ms {
  "service": "poker-game-api"
}
2025-02-27 15:12:32 [[34MDEBUG[39M]: Request Details {
  "service": "poker-game-api",
  "method": "GET",
  "url": "/api/game/state/284b7242-b5bc-47f1-84c8-133564e8bc6f",
  "params": {},
  "query": {}
}
2025-02-27 15:12:32 [[34MDEBUG[39M]: Game state retrieved {
  "service": "poker-game-api",
  "gameId": "40a836d9-51df-40cc-a168-5c1cbedc5f72",
  "playerId": "284b7242-b5bc-47f1-84c8-133564e8bc6f",
  "gamePhase": "preflop",
  "isGameOver": false
}
2025-02-27 15:12:32 [[32MHTTP[39M]: GET /api/game/state/284b7242-b5bc-47f1-84c8-133564e8bc6f 200 1.246 ms {
  "service": "poker-game-api"
}
2025-02-27 15:12:34 [[34MDEBUG[39M]: Request Details {
  "service": "poker-game-api",
  "method": "GET",
  "url": "/api/game/state/284b7242-b5bc-47f1-84c8-133564e8bc6f",
  "params": {},
  "query": {}
}
2025-02-27 15:12:34 [[34MDEBUG[39M]: Game state retrieved {
  "service": "poker-game-api",
  "gameId": "40a836d9-51df-40cc-a168-5c1cbedc5f72",
  "playerId": "284b7242-b5bc-47f1-84c8-133564e8bc6f",
  "gamePhase": "preflop",
  "isGameOver": false
}
2025-02-27 15:12:34 [[32MHTTP[39M]: GET /api/game/state/284b7242-b5bc-47f1-84c8-133564e8bc6f 200 1.242 ms {
  "service": "poker-game-api"
}
2025-02-27 15:12:36 [[34MDEBUG[39M]: Request Details {
  "service": "poker-game-api",
  "method": "GET",
  "url": "/api/game/state/284b7242-b5bc-47f1-84c8-133564e8bc6f",
  "params": {},
  "query": {}
}
2025-02-27 15:12:36 [[34MDEBUG[39M]: Game state retrieved {
  "service": "poker-game-api",
  "gameId": "40a836d9-51df-40cc-a168-5c1cbedc5f72",
  "playerId": "284b7242-b5bc-47f1-84c8-133564e8bc6f",
  "gamePhase": "preflop",
  "isGameOver": false
}
2025-02-27 15:12:36 [[32MHTTP[39M]: GET /api/game/state/284b7242-b5bc-47f1-84c8-133564e8bc6f 200 1.267 ms {
  "service": "poker-game-api"
}
2025-02-27 15:12:38 [[34MDEBUG[39M]: Request Details {
  "service": "poker-game-api",
  "method": "GET",
  "url": "/api/game/state/284b7242-b5bc-47f1-84c8-133564e8bc6f",
  "params": {},
  "query": {}
}
2025-02-27 15:12:38 [[34MDEBUG[39M]: Game state retrieved {
  "service": "poker-game-api",
  "gameId": "40a836d9-51df-40cc-a168-5c1cbedc5f72",
  "playerId": "284b7242-b5bc-47f1-84c8-133564e8bc6f",
  "gamePhase": "preflop",
  "isGameOver": false
}
2025-02-27 15:12:38 [[32MHTTP[39M]: GET /api/game/state/284b7242-b5bc-47f1-84c8-133564e8bc6f 200 1.576 ms {
  "service": "poker-game-api"
}
2025-02-27 15:12:40 [[34MDEBUG[39M]: Request Details {
  "service": "poker-game-api",
  "method": "GET",
  "url": "/api/game/state/284b7242-b5bc-47f1-84c8-133564e8bc6f",
  "params": {},
  "query": {}
}
2025-02-27 15:12:40 [[34MDEBUG[39M]: Game state retrieved {
  "service": "poker-game-api",
  "gameId": "40a836d9-51df-40cc-a168-5c1cbedc5f72",
  "playerId": "284b7242-b5bc-47f1-84c8-133564e8bc6f",
  "gamePhase": "preflop",
  "isGameOver": false
}
2025-02-27 15:12:40 [[32MHTTP[39M]: GET /api/game/state/284b7242-b5bc-47f1-84c8-133564e8bc6f 200 1.185 ms {
  "service": "poker-game-api"
}
2025-02-27 15:12:42 [[34MDEBUG[39M]: Request Details {
  "service": "poker-game-api",
  "method": "GET",
  "url": "/api/game/state/284b7242-b5bc-47f1-84c8-133564e8bc6f",
  "params": {},
  "query": {}
}
2025-02-27 15:12:42 [[34MDEBUG[39M]: Game state retrieved {
  "service": "poker-game-api",
  "gameId": "40a836d9-51df-40cc-a168-5c1cbedc5f72",
  "playerId": "284b7242-b5bc-47f1-84c8-133564e8bc6f",
  "gamePhase": "preflop",
  "isGameOver": false
}
2025-02-27 15:12:42 [[32MHTTP[39M]: GET /api/game/state/284b7242-b5bc-47f1-84c8-133564e8bc6f 200 0.863 ms {
  "service": "poker-game-api"
}
2025-02-27 15:12:44 [[34MDEBUG[39M]: Request Details {
  "service": "poker-game-api",
  "method": "GET",
  "url": "/api/game/state/284b7242-b5bc-47f1-84c8-133564e8bc6f",
  "params": {},
  "query": {}
}
2025-02-27 15:12:44 [[34MDEBUG[39M]: Game state retrieved {
  "service": "poker-game-api",
  "gameId": "40a836d9-51df-40cc-a168-5c1cbedc5f72",
  "playerId": "284b7242-b5bc-47f1-84c8-133564e8bc6f",
  "gamePhase": "preflop",
  "isGameOver": false
}
2025-02-27 15:12:44 [[32MHTTP[39M]: GET /api/game/state/284b7242-b5bc-47f1-84c8-133564e8bc6f 200 1.414 ms {
  "service": "poker-game-api"
}
2025-02-27 15:12:46 [[34MDEBUG[39M]: Request Details {
  "service": "poker-game-api",
  "method": "GET",
  "url": "/api/game/state/284b7242-b5bc-47f1-84c8-133564e8bc6f",
  "params": {},
  "query": {}
}
2025-02-27 15:12:46 [[34MDEBUG[39M]: Game state retrieved {
  "service": "poker-game-api",
  "gameId": "40a836d9-51df-40cc-a168-5c1cbedc5f72",
  "playerId": "284b7242-b5bc-47f1-84c8-133564e8bc6f",
  "gamePhase": "preflop",
  "isGameOver": false
}
2025-02-27 15:12:46 [[32MHTTP[39M]: GET /api/game/state/284b7242-b5bc-47f1-84c8-133564e8bc6f 200 1.322 ms {
  "service": "poker-game-api"
}
2025-02-27 15:12:48 [[34MDEBUG[39M]: Request Details {
  "service": "poker-game-api",
  "method": "GET",
  "url": "/api/game/state/284b7242-b5bc-47f1-84c8-133564e8bc6f",
  "params": {},
  "query": {}
}
2025-02-27 15:12:48 [[34MDEBUG[39M]: Game state retrieved {
  "service": "poker-game-api",
  "gameId": "40a836d9-51df-40cc-a168-5c1cbedc5f72",
  "playerId": "284b7242-b5bc-47f1-84c8-133564e8bc6f",
  "gamePhase": "preflop",
  "isGameOver": false
}
2025-02-27 15:12:48 [[32MHTTP[39M]: GET /api/game/state/284b7242-b5bc-47f1-84c8-133564e8bc6f 200 0.427 ms {
  "service": "poker-game-api"
}
2025-02-27 15:12:50 [[34MDEBUG[39M]: Request Details {
  "service": "poker-game-api",
  "method": "GET",
  "url": "/api/game/state/284b7242-b5bc-47f1-84c8-133564e8bc6f",
  "params": {},
  "query": {}
}
2025-02-27 15:12:50 [[34MDEBUG[39M]: Game state retrieved {
  "service": "poker-game-api",
  "gameId": "40a836d9-51df-40cc-a168-5c1cbedc5f72",
  "playerId": "284b7242-b5bc-47f1-84c8-133564e8bc6f",
  "gamePhase": "preflop",
  "isGameOver": false
}
2025-02-27 15:12:50 [[32MHTTP[39M]: GET /api/game/state/284b7242-b5bc-47f1-84c8-133564e8bc6f 200 1.067 ms {
  "service": "poker-game-api"
}
2025-02-27 15:12:52 [[34MDEBUG[39M]: Request Details {
  "service": "poker-game-api",
  "method": "GET",
  "url": "/api/game/state/284b7242-b5bc-47f1-84c8-133564e8bc6f",
  "params": {},
  "query": {}
}
2025-02-27 15:12:52 [[34MDEBUG[39M]: Game state retrieved {
  "service": "poker-game-api",
  "gameId": "40a836d9-51df-40cc-a168-5c1cbedc5f72",
  "playerId": "284b7242-b5bc-47f1-84c8-133564e8bc6f",
  "gamePhase": "preflop",
  "isGameOver": false
}
2025-02-27 15:12:52 [[32MHTTP[39M]: GET /api/game/state/284b7242-b5bc-47f1-84c8-133564e8bc6f 200 1.177 ms {
  "service": "poker-game-api"
}
2025-02-27 15:12:54 [[34MDEBUG[39M]: Request Details {
  "service": "poker-game-api",
  "method": "GET",
  "url": "/api/game/state/284b7242-b5bc-47f1-84c8-133564e8bc6f",
  "params": {},
  "query": {}
}
2025-02-27 15:12:54 [[34MDEBUG[39M]: Game state retrieved {
  "service": "poker-game-api",
  "gameId": "40a836d9-51df-40cc-a168-5c1cbedc5f72",
  "playerId": "284b7242-b5bc-47f1-84c8-133564e8bc6f",
  "gamePhase": "preflop",
  "isGameOver": false
}
2025-02-27 15:12:54 [[32MHTTP[39M]: GET /api/game/state/284b7242-b5bc-47f1-84c8-133564e8bc6f 200 1.216 ms {
  "service": "poker-game-api"
}
2025-02-27 15:12:56 [[34MDEBUG[39M]: Request Details {
  "service": "poker-game-api",
  "method": "GET",
  "url": "/api/game/state/284b7242-b5bc-47f1-84c8-133564e8bc6f",
  "params": {},
  "query": {}
}
2025-02-27 15:12:56 [[34MDEBUG[39M]: Game state retrieved {
  "service": "poker-game-api",
  "gameId": "40a836d9-51df-40cc-a168-5c1cbedc5f72",
  "playerId": "284b7242-b5bc-47f1-84c8-133564e8bc6f",
  "gamePhase": "preflop",
  "isGameOver": false
}
2025-02-27 15:12:56 [[32MHTTP[39M]: GET /api/game/state/284b7242-b5bc-47f1-84c8-133564e8bc6f 200 1.123 ms {
  "service": "poker-game-api"
}
2025-02-27 15:12:58 [[34MDEBUG[39M]: Request Details {
  "service": "poker-game-api",
  "method": "GET",
  "url": "/api/game/state/284b7242-b5bc-47f1-84c8-133564e8bc6f",
  "params": {},
  "query": {}
}
2025-02-27 15:12:58 [[34MDEBUG[39M]: Game state retrieved {
  "service": "poker-game-api",
  "gameId": "40a836d9-51df-40cc-a168-5c1cbedc5f72",
  "playerId": "284b7242-b5bc-47f1-84c8-133564e8bc6f",
  "gamePhase": "preflop",
  "isGameOver": false
}
2025-02-27 15:12:58 [[32MHTTP[39M]: GET /api/game/state/284b7242-b5bc-47f1-84c8-133564e8bc6f 200 1.164 ms {
  "service": "poker-game-api"
}
2025-02-27 15:13:00 [[34MDEBUG[39M]: Request Details {
  "service": "poker-game-api",
  "method": "GET",
  "url": "/api/game/state/284b7242-b5bc-47f1-84c8-133564e8bc6f",
  "params": {},
  "query": {}
}
2025-02-27 15:13:00 [[34MDEBUG[39M]: Game state retrieved {
  "service": "poker-game-api",
  "gameId": "40a836d9-51df-40cc-a168-5c1cbedc5f72",
  "playerId": "284b7242-b5bc-47f1-84c8-133564e8bc6f",
  "gamePhase": "preflop",
  "isGameOver": false
}
2025-02-27 15:13:00 [[32MHTTP[39M]: GET /api/game/state/284b7242-b5bc-47f1-84c8-133564e8bc6f 200 1.179 ms {
  "service": "poker-game-api"
}
2025-02-27 15:13:02 [[34MDEBUG[39M]: Request Details {
  "service": "poker-game-api",
  "method": "GET",
  "url": "/api/game/state/284b7242-b5bc-47f1-84c8-133564e8bc6f",
  "params": {},
  "query": {}
}
2025-02-27 15:13:02 [[34MDEBUG[39M]: Game state retrieved {
  "service": "poker-game-api",
  "gameId": "40a836d9-51df-40cc-a168-5c1cbedc5f72",
  "playerId": "284b7242-b5bc-47f1-84c8-133564e8bc6f",
  "gamePhase": "preflop",
  "isGameOver": false
}
2025-02-27 15:13:02 [[32MHTTP[39M]: GET /api/game/state/284b7242-b5bc-47f1-84c8-133564e8bc6f 200 1.244 ms {
  "service": "poker-game-api"
}
2025-02-27 15:13:04 [[34MDEBUG[39M]: Request Details {
  "service": "poker-game-api",
  "method": "GET",
  "url": "/api/game/state/284b7242-b5bc-47f1-84c8-133564e8bc6f",
  "params": {},
  "query": {}
}
2025-02-27 15:13:04 [[34MDEBUG[39M]: Game state retrieved {
  "service": "poker-game-api",
  "gameId": "40a836d9-51df-40cc-a168-5c1cbedc5f72",
  "playerId": "284b7242-b5bc-47f1-84c8-133564e8bc6f",
  "gamePhase": "preflop",
  "isGameOver": false
}
2025-02-27 15:13:04 [[32MHTTP[39M]: GET /api/game/state/284b7242-b5bc-47f1-84c8-133564e8bc6f 200 1.106 ms {
  "service": "poker-game-api"
}
2025-02-27 15:13:06 [[34MDEBUG[39M]: Request Details {
  "service": "poker-game-api",
  "method": "GET",
  "url": "/api/game/state/284b7242-b5bc-47f1-84c8-133564e8bc6f",
  "params": {},
  "query": {}
}
2025-02-27 15:13:06 [[34MDEBUG[39M]: Game state retrieved {
  "service": "poker-game-api",
  "gameId": "40a836d9-51df-40cc-a168-5c1cbedc5f72",
  "playerId": "284b7242-b5bc-47f1-84c8-133564e8bc6f",
  "gamePhase": "preflop",
  "isGameOver": false
}
2025-02-27 15:13:06 [[32MHTTP[39M]: GET /api/game/state/284b7242-b5bc-47f1-84c8-133564e8bc6f 200 1.189 ms {
  "service": "poker-game-api"
}
2025-02-27 15:13:08 [[34MDEBUG[39M]: Request Details {
  "service": "poker-game-api",
  "method": "GET",
  "url": "/api/game/state/284b7242-b5bc-47f1-84c8-133564e8bc6f",
  "params": {},
  "query": {}
}
2025-02-27 15:13:08 [[34MDEBUG[39M]: Game state retrieved {
  "service": "poker-game-api",
  "gameId": "40a836d9-51df-40cc-a168-5c1cbedc5f72",
  "playerId": "284b7242-b5bc-47f1-84c8-133564e8bc6f",
  "gamePhase": "preflop",
  "isGameOver": false
}
2025-02-27 15:13:08 [[32MHTTP[39M]: GET /api/game/state/284b7242-b5bc-47f1-84c8-133564e8bc6f 200 1.146 ms {
  "service": "poker-game-api"
}
2025-02-27 15:13:10 [[34MDEBUG[39M]: Request Details {
  "service": "poker-game-api",
  "method": "GET",
  "url": "/api/game/state/284b7242-b5bc-47f1-84c8-133564e8bc6f",
  "params": {},
  "query": {}
}
2025-02-27 15:13:10 [[34MDEBUG[39M]: Game state retrieved {
  "service": "poker-game-api",
  "gameId": "40a836d9-51df-40cc-a168-5c1cbedc5f72",
  "playerId": "284b7242-b5bc-47f1-84c8-133564e8bc6f",
  "gamePhase": "preflop",
  "isGameOver": false
}
2025-02-27 15:13:10 [[32MHTTP[39M]: GET /api/game/state/284b7242-b5bc-47f1-84c8-133564e8bc6f 200 1.301 ms {
  "service": "poker-game-api"
}
2025-02-27 15:13:12 [[34MDEBUG[39M]: Request Details {
  "service": "poker-game-api",
  "method": "GET",
  "url": "/api/game/state/284b7242-b5bc-47f1-84c8-133564e8bc6f",
  "params": {},
  "query": {}
}
2025-02-27 15:13:12 [[34MDEBUG[39M]: Game state retrieved {
  "service": "poker-game-api",
  "gameId": "40a836d9-51df-40cc-a168-5c1cbedc5f72",
  "playerId": "284b7242-b5bc-47f1-84c8-133564e8bc6f",
  "gamePhase": "preflop",
  "isGameOver": false
}
2025-02-27 15:13:12 [[32MHTTP[39M]: GET /api/game/state/284b7242-b5bc-47f1-84c8-133564e8bc6f 200 1.247 ms {
  "service": "poker-game-api"
}
2025-02-27 15:13:14 [[34MDEBUG[39M]: Request Details {
  "service": "poker-game-api",
  "method": "GET",
  "url": "/api/game/state/284b7242-b5bc-47f1-84c8-133564e8bc6f",
  "params": {},
  "query": {}
}
2025-02-27 15:13:14 [[34MDEBUG[39M]: Game state retrieved {
  "service": "poker-game-api",
  "gameId": "40a836d9-51df-40cc-a168-5c1cbedc5f72",
  "playerId": "284b7242-b5bc-47f1-84c8-133564e8bc6f",
  "gamePhase": "preflop",
  "isGameOver": false
}
2025-02-27 15:13:14 [[32MHTTP[39M]: GET /api/game/state/284b7242-b5bc-47f1-84c8-133564e8bc6f 200 1.116 ms {
  "service": "poker-game-api"
}
2025-02-27 15:13:16 [[34MDEBUG[39M]: Request Details {
  "service": "poker-game-api",
  "method": "GET",
  "url": "/api/game/state/284b7242-b5bc-47f1-84c8-133564e8bc6f",
  "params": {},
  "query": {}
}
2025-02-27 15:13:16 [[34MDEBUG[39M]: Game state retrieved {
  "service": "poker-game-api",
  "gameId": "40a836d9-51df-40cc-a168-5c1cbedc5f72",
  "playerId": "284b7242-b5bc-47f1-84c8-133564e8bc6f",
  "gamePhase": "preflop",
  "isGameOver": false
}
2025-02-27 15:13:16 [[32MHTTP[39M]: GET /api/game/state/284b7242-b5bc-47f1-84c8-133564e8bc6f 200 0.514 ms {
  "service": "poker-game-api"
}
2025-02-27 15:13:18 [[34MDEBUG[39M]: Request Details {
  "service": "poker-game-api",
  "method": "GET",
  "url": "/api/game/state/284b7242-b5bc-47f1-84c8-133564e8bc6f",
  "params": {},
  "query": {}
}
2025-02-27 15:13:18 [[34MDEBUG[39M]: Game state retrieved {
  "service": "poker-game-api",
  "gameId": "40a836d9-51df-40cc-a168-5c1cbedc5f72",
  "playerId": "284b7242-b5bc-47f1-84c8-133564e8bc6f",
  "gamePhase": "preflop",
  "isGameOver": false
}
2025-02-27 15:13:18 [[32MHTTP[39M]: GET /api/game/state/284b7242-b5bc-47f1-84c8-133564e8bc6f 200 0.338 ms {
  "service": "poker-game-api"
}
2025-02-27 15:13:20 [[34MDEBUG[39M]: Request Details {
  "service": "poker-game-api",
  "method": "GET",
  "url": "/api/game/state/284b7242-b5bc-47f1-84c8-133564e8bc6f",
  "params": {},
  "query": {}
}
2025-02-27 15:13:20 [[34MDEBUG[39M]: Game state retrieved {
  "service": "poker-game-api",
  "gameId": "40a836d9-51df-40cc-a168-5c1cbedc5f72",
  "playerId": "284b7242-b5bc-47f1-84c8-133564e8bc6f",
  "gamePhase": "preflop",
  "isGameOver": false
}
2025-02-27 15:13:20 [[32MHTTP[39M]: GET /api/game/state/284b7242-b5bc-47f1-84c8-133564e8bc6f 200 0.262 ms {
  "service": "poker-game-api"
}
2025-02-27 15:13:22 [[34MDEBUG[39M]: Request Details {
  "service": "poker-game-api",
  "method": "GET",
  "url": "/api/game/state/284b7242-b5bc-47f1-84c8-133564e8bc6f",
  "params": {},
  "query": {}
}
2025-02-27 15:13:22 [[34MDEBUG[39M]: Game state retrieved {
  "service": "poker-game-api",
  "gameId": "40a836d9-51df-40cc-a168-5c1cbedc5f72",
  "playerId": "284b7242-b5bc-47f1-84c8-133564e8bc6f",
  "gamePhase": "preflop",
  "isGameOver": false
}
2025-02-27 15:13:22 [[32MHTTP[39M]: GET /api/game/state/284b7242-b5bc-47f1-84c8-133564e8bc6f 200 0.638 ms {
  "service": "poker-game-api"
}
2025-02-27 15:13:24 [[34MDEBUG[39M]: Request Details {
  "service": "poker-game-api",
  "method": "GET",
  "url": "/api/game/state/284b7242-b5bc-47f1-84c8-133564e8bc6f",
  "params": {},
  "query": {}
}
2025-02-27 15:13:24 [[34MDEBUG[39M]: Game state retrieved {
  "service": "poker-game-api",
  "gameId": "40a836d9-51df-40cc-a168-5c1cbedc5f72",
  "playerId": "284b7242-b5bc-47f1-84c8-133564e8bc6f",
  "gamePhase": "preflop",
  "isGameOver": false
}
2025-02-27 15:13:24 [[32MHTTP[39M]: GET /api/game/state/284b7242-b5bc-47f1-84c8-133564e8bc6f 200 0.646 ms {
  "service": "poker-game-api"
}
2025-02-27 15:13:26 [[34MDEBUG[39M]: Request Details {
  "service": "poker-game-api",
  "method": "GET",
  "url": "/api/game/state/284b7242-b5bc-47f1-84c8-133564e8bc6f",
  "params": {},
  "query": {}
}
2025-02-27 15:13:26 [[34MDEBUG[39M]: Game state retrieved {
  "service": "poker-game-api",
  "gameId": "40a836d9-51df-40cc-a168-5c1cbedc5f72",
  "playerId": "284b7242-b5bc-47f1-84c8-133564e8bc6f",
  "gamePhase": "preflop",
  "isGameOver": false
}
2025-02-27 15:13:26 [[32MHTTP[39M]: GET /api/game/state/284b7242-b5bc-47f1-84c8-133564e8bc6f 200 0.557 ms {
  "service": "poker-game-api"
}
2025-02-27 15:13:28 [[34MDEBUG[39M]: Request Details {
  "service": "poker-game-api",
  "method": "GET",
  "url": "/api/game/state/284b7242-b5bc-47f1-84c8-133564e8bc6f",
  "params": {},
  "query": {}
}
2025-02-27 15:13:28 [[34MDEBUG[39M]: Game state retrieved {
  "service": "poker-game-api",
  "gameId": "40a836d9-51df-40cc-a168-5c1cbedc5f72",
  "playerId": "284b7242-b5bc-47f1-84c8-133564e8bc6f",
  "gamePhase": "preflop",
  "isGameOver": false
}
2025-02-27 15:13:28 [[32MHTTP[39M]: GET /api/game/state/284b7242-b5bc-47f1-84c8-133564e8bc6f 200 0.574 ms {
  "service": "poker-game-api"
}
2025-02-27 15:13:30 [[34MDEBUG[39M]: Request Details {
  "service": "poker-game-api",
  "method": "GET",
  "url": "/api/game/state/284b7242-b5bc-47f1-84c8-133564e8bc6f",
  "params": {},
  "query": {}
}
2025-02-27 15:13:30 [[34MDEBUG[39M]: Game state retrieved {
  "service": "poker-game-api",
  "gameId": "40a836d9-51df-40cc-a168-5c1cbedc5f72",
  "playerId": "284b7242-b5bc-47f1-84c8-133564e8bc6f",
  "gamePhase": "preflop",
  "isGameOver": false
}
2025-02-27 15:13:30 [[32MHTTP[39M]: GET /api/game/state/284b7242-b5bc-47f1-84c8-133564e8bc6f 200 0.613 ms {
  "service": "poker-game-api"
}
2025-02-27 15:13:32 [[34MDEBUG[39M]: Request Details {
  "service": "poker-game-api",
  "method": "GET",
  "url": "/api/game/state/284b7242-b5bc-47f1-84c8-133564e8bc6f",
  "params": {},
  "query": {}
}
2025-02-27 15:13:32 [[34MDEBUG[39M]: Game state retrieved {
  "service": "poker-game-api",
  "gameId": "40a836d9-51df-40cc-a168-5c1cbedc5f72",
  "playerId": "284b7242-b5bc-47f1-84c8-133564e8bc6f",
  "gamePhase": "preflop",
  "isGameOver": false
}
2025-02-27 15:13:32 [[32MHTTP[39M]: GET /api/game/state/284b7242-b5bc-47f1-84c8-133564e8bc6f 200 0.904 ms {
  "service": "poker-game-api"
}
2025-02-27 15:13:34 [[34MDEBUG[39M]: Request Details {
  "service": "poker-game-api",
  "method": "GET",
  "url": "/api/game/state/284b7242-b5bc-47f1-84c8-133564e8bc6f",
  "params": {},
  "query": {}
}
2025-02-27 15:13:34 [[34MDEBUG[39M]: Game state retrieved {
  "service": "poker-game-api",
  "gameId": "40a836d9-51df-40cc-a168-5c1cbedc5f72",
  "playerId": "284b7242-b5bc-47f1-84c8-133564e8bc6f",
  "gamePhase": "preflop",
  "isGameOver": false
}
2025-02-27 15:13:34 [[32MHTTP[39M]: GET /api/game/state/284b7242-b5bc-47f1-84c8-133564e8bc6f 200 0.794 ms {
  "service": "poker-game-api"
}
2025-02-27 15:13:36 [[34MDEBUG[39M]: Request Details {
  "service": "poker-game-api",
  "method": "GET",
  "url": "/api/game/state/284b7242-b5bc-47f1-84c8-133564e8bc6f",
  "params": {},
  "query": {}
}
2025-02-27 15:13:36 [[34MDEBUG[39M]: Game state retrieved {
  "service": "poker-game-api",
  "gameId": "40a836d9-51df-40cc-a168-5c1cbedc5f72",
  "playerId": "284b7242-b5bc-47f1-84c8-133564e8bc6f",
  "gamePhase": "preflop",
  "isGameOver": false
}
2025-02-27 15:13:36 [[32MHTTP[39M]: GET /api/game/state/284b7242-b5bc-47f1-84c8-133564e8bc6f 200 0.557 ms {
  "service": "poker-game-api"
}
2025-02-27 15:13:38 [[34MDEBUG[39M]: Request Details {
  "service": "poker-game-api",
  "method": "GET",
  "url": "/api/game/state/284b7242-b5bc-47f1-84c8-133564e8bc6f",
  "params": {},
  "query": {}
}
2025-02-27 15:13:38 [[34MDEBUG[39M]: Game state retrieved {
  "service": "poker-game-api",
  "gameId": "40a836d9-51df-40cc-a168-5c1cbedc5f72",
  "playerId": "284b7242-b5bc-47f1-84c8-133564e8bc6f",
  "gamePhase": "preflop",
  "isGameOver": false
}
2025-02-27 15:13:38 [[32MHTTP[39M]: GET /api/game/state/284b7242-b5bc-47f1-84c8-133564e8bc6f 200 1.000 ms {
  "service": "poker-game-api"
}
2025-02-27 15:13:40 [[34MDEBUG[39M]: Request Details {
  "service": "poker-game-api",
  "method": "GET",
  "url": "/api/game/state/284b7242-b5bc-47f1-84c8-133564e8bc6f",
  "params": {},
  "query": {}
}
2025-02-27 15:13:40 [[34MDEBUG[39M]: Game state retrieved {
  "service": "poker-game-api",
  "gameId": "40a836d9-51df-40cc-a168-5c1cbedc5f72",
  "playerId": "284b7242-b5bc-47f1-84c8-133564e8bc6f",
  "gamePhase": "preflop",
  "isGameOver": false
}
2025-02-27 15:13:40 [[32MHTTP[39M]: GET /api/game/state/284b7242-b5bc-47f1-84c8-133564e8bc6f 200 0.909 ms {
  "service": "poker-game-api"
}
2025-02-27 15:13:42 [[34MDEBUG[39M]: Request Details {
  "service": "poker-game-api",
  "method": "GET",
  "url": "/api/game/state/284b7242-b5bc-47f1-84c8-133564e8bc6f",
  "params": {},
  "query": {}
}
2025-02-27 15:13:42 [[34MDEBUG[39M]: Game state retrieved {
  "service": "poker-game-api",
  "gameId": "40a836d9-51df-40cc-a168-5c1cbedc5f72",
  "playerId": "284b7242-b5bc-47f1-84c8-133564e8bc6f",
  "gamePhase": "preflop",
  "isGameOver": false
}
2025-02-27 15:13:42 [[32MHTTP[39M]: GET /api/game/state/284b7242-b5bc-47f1-84c8-133564e8bc6f 200 0.733 ms {
  "service": "poker-game-api"
}
2025-02-27 15:13:44 [[34MDEBUG[39M]: Request Details {
  "service": "poker-game-api",
  "method": "GET",
  "url": "/api/game/state/284b7242-b5bc-47f1-84c8-133564e8bc6f",
  "params": {},
  "query": {}
}
2025-02-27 15:13:44 [[34MDEBUG[39M]: Game state retrieved {
  "service": "poker-game-api",
  "gameId": "40a836d9-51df-40cc-a168-5c1cbedc5f72",
  "playerId": "284b7242-b5bc-47f1-84c8-133564e8bc6f",
  "gamePhase": "preflop",
  "isGameOver": false
}
2025-02-27 15:13:44 [[32MHTTP[39M]: GET /api/game/state/284b7242-b5bc-47f1-84c8-133564e8bc6f 200 1.141 ms {
  "service": "poker-game-api"
}
2025-02-27 15:13:46 [[34MDEBUG[39M]: Request Details {
  "service": "poker-game-api",
  "method": "GET",
  "url": "/api/game/state/284b7242-b5bc-47f1-84c8-133564e8bc6f",
  "params": {},
  "query": {}
}
2025-02-27 15:13:46 [[34MDEBUG[39M]: Game state retrieved {
  "service": "poker-game-api",
  "gameId": "40a836d9-51df-40cc-a168-5c1cbedc5f72",
  "playerId": "284b7242-b5bc-47f1-84c8-133564e8bc6f",
  "gamePhase": "preflop",
  "isGameOver": false
}
2025-02-27 15:13:46 [[32MHTTP[39M]: GET /api/game/state/284b7242-b5bc-47f1-84c8-133564e8bc6f 200 0.597 ms {
  "service": "poker-game-api"
}
2025-02-27 15:13:48 [[34MDEBUG[39M]: Request Details {
  "service": "poker-game-api",
  "method": "GET",
  "url": "/api/game/state/284b7242-b5bc-47f1-84c8-133564e8bc6f",
  "params": {},
  "query": {}
}
2025-02-27 15:13:48 [[34MDEBUG[39M]: Game state retrieved {
  "service": "poker-game-api",
  "gameId": "40a836d9-51df-40cc-a168-5c1cbedc5f72",
  "playerId": "284b7242-b5bc-47f1-84c8-133564e8bc6f",
  "gamePhase": "preflop",
  "isGameOver": false
}
2025-02-27 15:13:48 [[32MHTTP[39M]: GET /api/game/state/284b7242-b5bc-47f1-84c8-133564e8bc6f 200 0.851 ms {
  "service": "poker-game-api"
}
2025-02-27 15:13:50 [[34MDEBUG[39M]: Request Details {
  "service": "poker-game-api",
  "method": "GET",
  "url": "/api/game/state/284b7242-b5bc-47f1-84c8-133564e8bc6f",
  "params": {},
  "query": {}
}
2025-02-27 15:13:50 [[34MDEBUG[39M]: Game state retrieved {
  "service": "poker-game-api",
  "gameId": "40a836d9-51df-40cc-a168-5c1cbedc5f72",
  "playerId": "284b7242-b5bc-47f1-84c8-133564e8bc6f",
  "gamePhase": "preflop",
  "isGameOver": false
}
2025-02-27 15:13:50 [[32MHTTP[39M]: GET /api/game/state/284b7242-b5bc-47f1-84c8-133564e8bc6f 200 0.531 ms {
  "service": "poker-game-api"
}
2025-02-27 15:13:52 [[34MDEBUG[39M]: Request Details {
  "service": "poker-game-api",
  "method": "GET",
  "url": "/api/game/state/284b7242-b5bc-47f1-84c8-133564e8bc6f",
  "params": {},
  "query": {}
}
2025-02-27 15:13:52 [[34MDEBUG[39M]: Game state retrieved {
  "service": "poker-game-api",
  "gameId": "40a836d9-51df-40cc-a168-5c1cbedc5f72",
  "playerId": "284b7242-b5bc-47f1-84c8-133564e8bc6f",
  "gamePhase": "preflop",
  "isGameOver": false
}
2025-02-27 15:13:52 [[32MHTTP[39M]: GET /api/game/state/284b7242-b5bc-47f1-84c8-133564e8bc6f 200 0.617 ms {
  "service": "poker-game-api"
}
2025-02-27 15:13:54 [[34MDEBUG[39M]: Request Details {
  "service": "poker-game-api",
  "method": "GET",
  "url": "/api/game/state/284b7242-b5bc-47f1-84c8-133564e8bc6f",
  "params": {},
  "query": {}
}
2025-02-27 15:13:54 [[34MDEBUG[39M]: Game state retrieved {
  "service": "poker-game-api",
  "gameId": "40a836d9-51df-40cc-a168-5c1cbedc5f72",
  "playerId": "284b7242-b5bc-47f1-84c8-133564e8bc6f",
  "gamePhase": "preflop",
  "isGameOver": false
}
2025-02-27 15:13:54 [[32MHTTP[39M]: GET /api/game/state/284b7242-b5bc-47f1-84c8-133564e8bc6f 200 0.609 ms {
  "service": "poker-game-api"
}
2025-02-27 15:13:56 [[34MDEBUG[39M]: Request Details {
  "service": "poker-game-api",
  "method": "GET",
  "url": "/api/game/state/284b7242-b5bc-47f1-84c8-133564e8bc6f",
  "params": {},
  "query": {}
}
2025-02-27 15:13:56 [[34MDEBUG[39M]: Game state retrieved {
  "service": "poker-game-api",
  "gameId": "40a836d9-51df-40cc-a168-5c1cbedc5f72",
  "playerId": "284b7242-b5bc-47f1-84c8-133564e8bc6f",
  "gamePhase": "preflop",
  "isGameOver": false
}
2025-02-27 15:13:56 [[32MHTTP[39M]: GET /api/game/state/284b7242-b5bc-47f1-84c8-133564e8bc6f 200 1.614 ms {
  "service": "poker-game-api"
}
2025-02-27 15:13:58 [[34MDEBUG[39M]: Request Details {
  "service": "poker-game-api",
  "method": "GET",
  "url": "/api/game/state/284b7242-b5bc-47f1-84c8-133564e8bc6f",
  "params": {},
  "query": {}
}
2025-02-27 15:13:58 [[34MDEBUG[39M]: Game state retrieved {
  "service": "poker-game-api",
  "gameId": "40a836d9-51df-40cc-a168-5c1cbedc5f72",
  "playerId": "284b7242-b5bc-47f1-84c8-133564e8bc6f",
  "gamePhase": "preflop",
  "isGameOver": false
}
2025-02-27 15:13:58 [[32MHTTP[39M]: GET /api/game/state/284b7242-b5bc-47f1-84c8-133564e8bc6f 200 0.805 ms {
  "service": "poker-game-api"
}
2025-02-27 15:14:00 [[34MDEBUG[39M]: Request Details {
  "service": "poker-game-api",
  "method": "GET",
  "url": "/api/game/state/284b7242-b5bc-47f1-84c8-133564e8bc6f",
  "params": {},
  "query": {}
}
2025-02-27 15:14:00 [[34MDEBUG[39M]: Game state retrieved {
  "service": "poker-game-api",
  "gameId": "40a836d9-51df-40cc-a168-5c1cbedc5f72",
  "playerId": "284b7242-b5bc-47f1-84c8-133564e8bc6f",
  "gamePhase": "preflop",
  "isGameOver": false
}
2025-02-27 15:14:00 [[32MHTTP[39M]: GET /api/game/state/284b7242-b5bc-47f1-84c8-133564e8bc6f 200 0.672 ms {
  "service": "poker-game-api"
}
2025-02-27 15:14:02 [[34MDEBUG[39M]: Request Details {
  "service": "poker-game-api",
  "method": "GET",
  "url": "/api/game/state/284b7242-b5bc-47f1-84c8-133564e8bc6f",
  "params": {},
  "query": {}
}
2025-02-27 15:14:02 [[34MDEBUG[39M]: Game state retrieved {
  "service": "poker-game-api",
  "gameId": "40a836d9-51df-40cc-a168-5c1cbedc5f72",
  "playerId": "284b7242-b5bc-47f1-84c8-133564e8bc6f",
  "gamePhase": "preflop",
  "isGameOver": false
}
2025-02-27 15:14:02 [[32MHTTP[39M]: GET /api/game/state/284b7242-b5bc-47f1-84c8-133564e8bc6f 200 0.740 ms {
  "service": "poker-game-api"
}
2025-02-27 15:14:04 [[34MDEBUG[39M]: Request Details {
  "service": "poker-game-api",
  "method": "GET",
  "url": "/api/game/state/284b7242-b5bc-47f1-84c8-133564e8bc6f",
  "params": {},
  "query": {}
}
2025-02-27 15:14:04 [[34MDEBUG[39M]: Game state retrieved {
  "service": "poker-game-api",
  "gameId": "40a836d9-51df-40cc-a168-5c1cbedc5f72",
  "playerId": "284b7242-b5bc-47f1-84c8-133564e8bc6f",
  "gamePhase": "preflop",
  "isGameOver": false
}
2025-02-27 15:14:04 [[32MHTTP[39M]: GET /api/game/state/284b7242-b5bc-47f1-84c8-133564e8bc6f 200 0.657 ms {
  "service": "poker-game-api"
}
2025-02-27 15:14:06 [[34MDEBUG[39M]: Request Details {
  "service": "poker-game-api",
  "method": "GET",
  "url": "/api/game/state/284b7242-b5bc-47f1-84c8-133564e8bc6f",
  "params": {},
  "query": {}
}
2025-02-27 15:14:06 [[34MDEBUG[39M]: Game state retrieved {
  "service": "poker-game-api",
  "gameId": "40a836d9-51df-40cc-a168-5c1cbedc5f72",
  "playerId": "284b7242-b5bc-47f1-84c8-133564e8bc6f",
  "gamePhase": "preflop",
  "isGameOver": false
}
2025-02-27 15:14:06 [[32MHTTP[39M]: GET /api/game/state/284b7242-b5bc-47f1-84c8-133564e8bc6f 200 0.703 ms {
  "service": "poker-game-api"
}
2025-02-27 15:14:08 [[34MDEBUG[39M]: Request Details {
  "service": "poker-game-api",
  "method": "GET",
  "url": "/api/game/state/284b7242-b5bc-47f1-84c8-133564e8bc6f",
  "params": {},
  "query": {}
}
2025-02-27 15:14:08 [[34MDEBUG[39M]: Game state retrieved {
  "service": "poker-game-api",
  "gameId": "40a836d9-51df-40cc-a168-5c1cbedc5f72",
  "playerId": "284b7242-b5bc-47f1-84c8-133564e8bc6f",
  "gamePhase": "preflop",
  "isGameOver": false
}
2025-02-27 15:14:08 [[32MHTTP[39M]: GET /api/game/state/284b7242-b5bc-47f1-84c8-133564e8bc6f 200 0.793 ms {
  "service": "poker-game-api"
}
2025-02-27 15:14:10 [[34MDEBUG[39M]: Request Details {
  "service": "poker-game-api",
  "method": "GET",
  "url": "/api/game/state/284b7242-b5bc-47f1-84c8-133564e8bc6f",
  "params": {},
  "query": {}
}
2025-02-27 15:14:10 [[34MDEBUG[39M]: Game state retrieved {
  "service": "poker-game-api",
  "gameId": "40a836d9-51df-40cc-a168-5c1cbedc5f72",
  "playerId": "284b7242-b5bc-47f1-84c8-133564e8bc6f",
  "gamePhase": "preflop",
  "isGameOver": false
}
2025-02-27 15:14:10 [[32MHTTP[39M]: GET /api/game/state/284b7242-b5bc-47f1-84c8-133564e8bc6f 200 0.848 ms {
  "service": "poker-game-api"
}
2025-02-27 15:14:12 [[34MDEBUG[39M]: Request Details {
  "service": "poker-game-api",
  "method": "GET",
  "url": "/api/game/state/284b7242-b5bc-47f1-84c8-133564e8bc6f",
  "params": {},
  "query": {}
}
2025-02-27 15:14:12 [[34MDEBUG[39M]: Game state retrieved {
  "service": "poker-game-api",
  "gameId": "40a836d9-51df-40cc-a168-5c1cbedc5f72",
  "playerId": "284b7242-b5bc-47f1-84c8-133564e8bc6f",
  "gamePhase": "preflop",
  "isGameOver": false
}
2025-02-27 15:14:12 [[32MHTTP[39M]: GET /api/game/state/284b7242-b5bc-47f1-84c8-133564e8bc6f 200 0.726 ms {
  "service": "poker-game-api"
}
2025-02-27 15:14:14 [[34MDEBUG[39M]: Request Details {
  "service": "poker-game-api",
  "method": "GET",
  "url": "/api/game/state/284b7242-b5bc-47f1-84c8-133564e8bc6f",
  "params": {},
  "query": {}
}
2025-02-27 15:14:14 [[34MDEBUG[39M]: Game state retrieved {
  "service": "poker-game-api",
  "gameId": "40a836d9-51df-40cc-a168-5c1cbedc5f72",
  "playerId": "284b7242-b5bc-47f1-84c8-133564e8bc6f",
  "gamePhase": "preflop",
  "isGameOver": false
}
2025-02-27 15:14:14 [[32MHTTP[39M]: GET /api/game/state/284b7242-b5bc-47f1-84c8-133564e8bc6f 200 1.461 ms {
  "service": "poker-game-api"
}
2025-02-27 15:14:16 [[34MDEBUG[39M]: Request Details {
  "service": "poker-game-api",
  "method": "GET",
  "url": "/api/game/state/284b7242-b5bc-47f1-84c8-133564e8bc6f",
  "params": {},
  "query": {}
}
2025-02-27 15:14:16 [[34MDEBUG[39M]: Game state retrieved {
  "service": "poker-game-api",
  "gameId": "40a836d9-51df-40cc-a168-5c1cbedc5f72",
  "playerId": "284b7242-b5bc-47f1-84c8-133564e8bc6f",
  "gamePhase": "preflop",
  "isGameOver": false
}
2025-02-27 15:14:16 [[32MHTTP[39M]: GET /api/game/state/284b7242-b5bc-47f1-84c8-133564e8bc6f 200 0.677 ms {
  "service": "poker-game-api"
}
2025-02-27 15:14:18 [[34MDEBUG[39M]: Request Details {
  "service": "poker-game-api",
  "method": "GET",
  "url": "/api/game/state/284b7242-b5bc-47f1-84c8-133564e8bc6f",
  "params": {},
  "query": {}
}
2025-02-27 15:14:18 [[34MDEBUG[39M]: Game state retrieved {
  "service": "poker-game-api",
  "gameId": "40a836d9-51df-40cc-a168-5c1cbedc5f72",
  "playerId": "284b7242-b5bc-47f1-84c8-133564e8bc6f",
  "gamePhase": "preflop",
  "isGameOver": false
}
2025-02-27 15:14:18 [[32MHTTP[39M]: GET /api/game/state/284b7242-b5bc-47f1-84c8-133564e8bc6f 200 0.815 ms {
  "service": "poker-game-api"
}
2025-02-27 15:14:20 [[34MDEBUG[39M]: Request Details {
  "service": "poker-game-api",
  "method": "GET",
  "url": "/api/game/state/284b7242-b5bc-47f1-84c8-133564e8bc6f",
  "params": {},
  "query": {}
}
2025-02-27 15:14:20 [[34MDEBUG[39M]: Game state retrieved {
  "service": "poker-game-api",
  "gameId": "40a836d9-51df-40cc-a168-5c1cbedc5f72",
  "playerId": "284b7242-b5bc-47f1-84c8-133564e8bc6f",
  "gamePhase": "preflop",
  "isGameOver": false
}
2025-02-27 15:14:20 [[32MHTTP[39M]: GET /api/game/state/284b7242-b5bc-47f1-84c8-133564e8bc6f 200 1.693 ms {
  "service": "poker-game-api"
}
2025-02-27 15:14:22 [[34MDEBUG[39M]: Request Details {
  "service": "poker-game-api",
  "method": "GET",
  "url": "/api/game/state/284b7242-b5bc-47f1-84c8-133564e8bc6f",
  "params": {},
  "query": {}
}
2025-02-27 15:14:22 [[34MDEBUG[39M]: Game state retrieved {
  "service": "poker-game-api",
  "gameId": "40a836d9-51df-40cc-a168-5c1cbedc5f72",
  "playerId": "284b7242-b5bc-47f1-84c8-133564e8bc6f",
  "gamePhase": "preflop",
  "isGameOver": false
}
2025-02-27 15:14:22 [[32MHTTP[39M]: GET /api/game/state/284b7242-b5bc-47f1-84c8-133564e8bc6f 200 0.604 ms {
  "service": "poker-game-api"
}
2025-02-27 15:14:24 [[34MDEBUG[39M]: Request Details {
  "service": "poker-game-api",
  "method": "GET",
  "url": "/api/game/state/284b7242-b5bc-47f1-84c8-133564e8bc6f",
  "params": {},
  "query": {}
}
2025-02-27 15:14:24 [[34MDEBUG[39M]: Game state retrieved {
  "service": "poker-game-api",
  "gameId": "40a836d9-51df-40cc-a168-5c1cbedc5f72",
  "playerId": "284b7242-b5bc-47f1-84c8-133564e8bc6f",
  "gamePhase": "preflop",
  "isGameOver": false
}
2025-02-27 15:14:24 [[32MHTTP[39M]: GET /api/game/state/284b7242-b5bc-47f1-84c8-133564e8bc6f 200 0.782 ms {
  "service": "poker-game-api"
}
2025-02-27 15:14:26 [[34MDEBUG[39M]: Request Details {
  "service": "poker-game-api",
  "method": "GET",
  "url": "/api/game/state/284b7242-b5bc-47f1-84c8-133564e8bc6f",
  "params": {},
  "query": {}
}
2025-02-27 15:14:26 [[34MDEBUG[39M]: Game state retrieved {
  "service": "poker-game-api",
  "gameId": "40a836d9-51df-40cc-a168-5c1cbedc5f72",
  "playerId": "284b7242-b5bc-47f1-84c8-133564e8bc6f",
  "gamePhase": "preflop",
  "isGameOver": false
}
2025-02-27 15:14:26 [[32MHTTP[39M]: GET /api/game/state/284b7242-b5bc-47f1-84c8-133564e8bc6f 200 1.079 ms {
  "service": "poker-game-api"
}
2025-02-27 15:14:28 [[34MDEBUG[39M]: Request Details {
  "service": "poker-game-api",
  "method": "GET",
  "url": "/api/game/state/284b7242-b5bc-47f1-84c8-133564e8bc6f",
  "params": {},
  "query": {}
}
2025-02-27 15:14:28 [[34MDEBUG[39M]: Game state retrieved {
  "service": "poker-game-api",
  "gameId": "40a836d9-51df-40cc-a168-5c1cbedc5f72",
  "playerId": "284b7242-b5bc-47f1-84c8-133564e8bc6f",
  "gamePhase": "preflop",
  "isGameOver": false
}
2025-02-27 15:14:28 [[32MHTTP[39M]: GET /api/game/state/284b7242-b5bc-47f1-84c8-133564e8bc6f 200 0.651 ms {
  "service": "poker-game-api"
}
2025-02-27 15:14:30 [[34MDEBUG[39M]: Request Details {
  "service": "poker-game-api",
  "method": "GET",
  "url": "/api/game/state/284b7242-b5bc-47f1-84c8-133564e8bc6f",
  "params": {},
  "query": {}
}
2025-02-27 15:14:30 [[34MDEBUG[39M]: Game state retrieved {
  "service": "poker-game-api",
  "gameId": "40a836d9-51df-40cc-a168-5c1cbedc5f72",
  "playerId": "284b7242-b5bc-47f1-84c8-133564e8bc6f",
  "gamePhase": "preflop",
  "isGameOver": false
}
2025-02-27 15:14:30 [[32MHTTP[39M]: GET /api/game/state/284b7242-b5bc-47f1-84c8-133564e8bc6f 200 0.627 ms {
  "service": "poker-game-api"
}
2025-02-27 15:14:32 [[34MDEBUG[39M]: Request Details {
  "service": "poker-game-api",
  "method": "GET",
  "url": "/api/game/state/284b7242-b5bc-47f1-84c8-133564e8bc6f",
  "params": {},
  "query": {}
}
2025-02-27 15:14:32 [[34MDEBUG[39M]: Game state retrieved {
  "service": "poker-game-api",
  "gameId": "40a836d9-51df-40cc-a168-5c1cbedc5f72",
  "playerId": "284b7242-b5bc-47f1-84c8-133564e8bc6f",
  "gamePhase": "preflop",
  "isGameOver": false
}
2025-02-27 15:14:32 [[32MHTTP[39M]: GET /api/game/state/284b7242-b5bc-47f1-84c8-133564e8bc6f 200 0.581 ms {
  "service": "poker-game-api"
}
2025-02-27 15:14:34 [[34MDEBUG[39M]: Request Details {
  "service": "poker-game-api",
  "method": "GET",
  "url": "/api/game/state/284b7242-b5bc-47f1-84c8-133564e8bc6f",
  "params": {},
  "query": {}
}
2025-02-27 15:14:34 [[34MDEBUG[39M]: Game state retrieved {
  "service": "poker-game-api",
  "gameId": "40a836d9-51df-40cc-a168-5c1cbedc5f72",
  "playerId": "284b7242-b5bc-47f1-84c8-133564e8bc6f",
  "gamePhase": "preflop",
  "isGameOver": false
}
2025-02-27 15:14:34 [[32MHTTP[39M]: GET /api/game/state/284b7242-b5bc-47f1-84c8-133564e8bc6f 200 0.643 ms {
  "service": "poker-game-api"
}
2025-02-27 15:14:36 [[34MDEBUG[39M]: Request Details {
  "service": "poker-game-api",
  "method": "GET",
  "url": "/api/game/state/284b7242-b5bc-47f1-84c8-133564e8bc6f",
  "params": {},
  "query": {}
}
2025-02-27 15:14:36 [[34MDEBUG[39M]: Game state retrieved {
  "service": "poker-game-api",
  "gameId": "40a836d9-51df-40cc-a168-5c1cbedc5f72",
  "playerId": "284b7242-b5bc-47f1-84c8-133564e8bc6f",
  "gamePhase": "preflop",
  "isGameOver": false
}
2025-02-27 15:14:36 [[32MHTTP[39M]: GET /api/game/state/284b7242-b5bc-47f1-84c8-133564e8bc6f 200 0.839 ms {
  "service": "poker-game-api"
}
2025-02-27 15:14:38 [[34MDEBUG[39M]: Request Details {
  "service": "poker-game-api",
  "method": "GET",
  "url": "/api/game/state/284b7242-b5bc-47f1-84c8-133564e8bc6f",
  "params": {},
  "query": {}
}
2025-02-27 15:14:38 [[34MDEBUG[39M]: Game state retrieved {
  "service": "poker-game-api",
  "gameId": "40a836d9-51df-40cc-a168-5c1cbedc5f72",
  "playerId": "284b7242-b5bc-47f1-84c8-133564e8bc6f",
  "gamePhase": "preflop",
  "isGameOver": false
}
2025-02-27 15:14:38 [[32MHTTP[39M]: GET /api/game/state/284b7242-b5bc-47f1-84c8-133564e8bc6f 200 0.760 ms {
  "service": "poker-game-api"
}
2025-02-27 15:14:40 [[34MDEBUG[39M]: Request Details {
  "service": "poker-game-api",
  "method": "GET",
  "url": "/api/game/state/284b7242-b5bc-47f1-84c8-133564e8bc6f",
  "params": {},
  "query": {}
}
2025-02-27 15:14:40 [[34MDEBUG[39M]: Game state retrieved {
  "service": "poker-game-api",
  "gameId": "40a836d9-51df-40cc-a168-5c1cbedc5f72",
  "playerId": "284b7242-b5bc-47f1-84c8-133564e8bc6f",
  "gamePhase": "preflop",
  "isGameOver": false
}
2025-02-27 15:14:40 [[32MHTTP[39M]: GET /api/game/state/284b7242-b5bc-47f1-84c8-133564e8bc6f 200 0.546 ms {
  "service": "poker-game-api"
}
2025-02-27 15:14:42 [[34MDEBUG[39M]: Request Details {
  "service": "poker-game-api",
  "method": "GET",
  "url": "/api/game/state/284b7242-b5bc-47f1-84c8-133564e8bc6f",
  "params": {},
  "query": {}
}
2025-02-27 15:14:42 [[34MDEBUG[39M]: Game state retrieved {
  "service": "poker-game-api",
  "gameId": "40a836d9-51df-40cc-a168-5c1cbedc5f72",
  "playerId": "284b7242-b5bc-47f1-84c8-133564e8bc6f",
  "gamePhase": "preflop",
  "isGameOver": false
}
2025-02-27 15:14:42 [[32MHTTP[39M]: GET /api/game/state/284b7242-b5bc-47f1-84c8-133564e8bc6f 200 0.823 ms {
  "service": "poker-game-api"
}
2025-02-27 15:14:44 [[34MDEBUG[39M]: Request Details {
  "service": "poker-game-api",
  "method": "GET",
  "url": "/api/game/state/284b7242-b5bc-47f1-84c8-133564e8bc6f",
  "params": {},
  "query": {}
}
2025-02-27 15:14:44 [[34MDEBUG[39M]: Game state retrieved {
  "service": "poker-game-api",
  "gameId": "40a836d9-51df-40cc-a168-5c1cbedc5f72",
  "playerId": "284b7242-b5bc-47f1-84c8-133564e8bc6f",
  "gamePhase": "preflop",
  "isGameOver": false
}
2025-02-27 15:14:44 [[32MHTTP[39M]: GET /api/game/state/284b7242-b5bc-47f1-84c8-133564e8bc6f 200 1.613 ms {
  "service": "poker-game-api"
}
2025-02-27 15:14:46 [[34MDEBUG[39M]: Request Details {
  "service": "poker-game-api",
  "method": "GET",
  "url": "/api/game/state/284b7242-b5bc-47f1-84c8-133564e8bc6f",
  "params": {},
  "query": {}
}
2025-02-27 15:14:46 [[34MDEBUG[39M]: Game state retrieved {
  "service": "poker-game-api",
  "gameId": "40a836d9-51df-40cc-a168-5c1cbedc5f72",
  "playerId": "284b7242-b5bc-47f1-84c8-133564e8bc6f",
  "gamePhase": "preflop",
  "isGameOver": false
}
2025-02-27 15:14:46 [[32MHTTP[39M]: GET /api/game/state/284b7242-b5bc-47f1-84c8-133564e8bc6f 200 1.063 ms {
  "service": "poker-game-api"
}
2025-02-27 15:14:48 [[34MDEBUG[39M]: Request Details {
  "service": "poker-game-api",
  "method": "GET",
  "url": "/api/game/state/284b7242-b5bc-47f1-84c8-133564e8bc6f",
  "params": {},
  "query": {}
}
2025-02-27 15:14:48 [[34MDEBUG[39M]: Game state retrieved {
  "service": "poker-game-api",
  "gameId": "40a836d9-51df-40cc-a168-5c1cbedc5f72",
  "playerId": "284b7242-b5bc-47f1-84c8-133564e8bc6f",
  "gamePhase": "preflop",
  "isGameOver": false
}
2025-02-27 15:14:48 [[32MHTTP[39M]: GET /api/game/state/284b7242-b5bc-47f1-84c8-133564e8bc6f 200 0.890 ms {
  "service": "poker-game-api"
}
2025-02-27 15:14:50 [[34MDEBUG[39M]: Request Details {
  "service": "poker-game-api",
  "method": "GET",
  "url": "/api/game/state/284b7242-b5bc-47f1-84c8-133564e8bc6f",
  "params": {},
  "query": {}
}
2025-02-27 15:14:50 [[34MDEBUG[39M]: Game state retrieved {
  "service": "poker-game-api",
  "gameId": "40a836d9-51df-40cc-a168-5c1cbedc5f72",
  "playerId": "284b7242-b5bc-47f1-84c8-133564e8bc6f",
  "gamePhase": "preflop",
  "isGameOver": false
}
2025-02-27 15:14:50 [[32MHTTP[39M]: GET /api/game/state/284b7242-b5bc-47f1-84c8-133564e8bc6f 200 0.727 ms {
  "service": "poker-game-api"
}
2025-02-27 15:14:52 [[34MDEBUG[39M]: Request Details {
  "service": "poker-game-api",
  "method": "GET",
  "url": "/api/game/state/284b7242-b5bc-47f1-84c8-133564e8bc6f",
  "params": {},
  "query": {}
}
2025-02-27 15:14:52 [[34MDEBUG[39M]: Game state retrieved {
  "service": "poker-game-api",
  "gameId": "40a836d9-51df-40cc-a168-5c1cbedc5f72",
  "playerId": "284b7242-b5bc-47f1-84c8-133564e8bc6f",
  "gamePhase": "preflop",
  "isGameOver": false
}
2025-02-27 15:14:52 [[32MHTTP[39M]: GET /api/game/state/284b7242-b5bc-47f1-84c8-133564e8bc6f 200 0.961 ms {
  "service": "poker-game-api"
}
2025-02-27 15:14:54 [[34MDEBUG[39M]: Request Details {
  "service": "poker-game-api",
  "method": "GET",
  "url": "/api/game/state/284b7242-b5bc-47f1-84c8-133564e8bc6f",
  "params": {},
  "query": {}
}
2025-02-27 15:14:54 [[34MDEBUG[39M]: Game state retrieved {
  "service": "poker-game-api",
  "gameId": "40a836d9-51df-40cc-a168-5c1cbedc5f72",
  "playerId": "284b7242-b5bc-47f1-84c8-133564e8bc6f",
  "gamePhase": "preflop",
  "isGameOver": false
}
2025-02-27 15:14:54 [[32MHTTP[39M]: GET /api/game/state/284b7242-b5bc-47f1-84c8-133564e8bc6f 200 0.900 ms {
  "service": "poker-game-api"
}
2025-02-27 15:14:56 [[34MDEBUG[39M]: Request Details {
  "service": "poker-game-api",
  "method": "GET",
  "url": "/api/game/state/284b7242-b5bc-47f1-84c8-133564e8bc6f",
  "params": {},
  "query": {}
}
2025-02-27 15:14:56 [[34MDEBUG[39M]: Game state retrieved {
  "service": "poker-game-api",
  "gameId": "40a836d9-51df-40cc-a168-5c1cbedc5f72",
  "playerId": "284b7242-b5bc-47f1-84c8-133564e8bc6f",
  "gamePhase": "preflop",
  "isGameOver": false
}
2025-02-27 15:14:56 [[32MHTTP[39M]: GET /api/game/state/284b7242-b5bc-47f1-84c8-133564e8bc6f 200 0.758 ms {
  "service": "poker-game-api"
}
2025-02-27 15:14:58 [[34MDEBUG[39M]: Request Details {
  "service": "poker-game-api",
  "method": "GET",
  "url": "/api/game/state/284b7242-b5bc-47f1-84c8-133564e8bc6f",
  "params": {},
  "query": {}
}
2025-02-27 15:14:58 [[34MDEBUG[39M]: Game state retrieved {
  "service": "poker-game-api",
  "gameId": "40a836d9-51df-40cc-a168-5c1cbedc5f72",
  "playerId": "284b7242-b5bc-47f1-84c8-133564e8bc6f",
  "gamePhase": "preflop",
  "isGameOver": false
}
2025-02-27 15:14:58 [[32MHTTP[39M]: GET /api/game/state/284b7242-b5bc-47f1-84c8-133564e8bc6f 200 0.633 ms {
  "service": "poker-game-api"
}
2025-02-27 15:15:00 [[34MDEBUG[39M]: Request Details {
  "service": "poker-game-api",
  "method": "GET",
  "url": "/api/game/state/284b7242-b5bc-47f1-84c8-133564e8bc6f",
  "params": {},
  "query": {}
}
2025-02-27 15:15:00 [[34MDEBUG[39M]: Game state retrieved {
  "service": "poker-game-api",
  "gameId": "40a836d9-51df-40cc-a168-5c1cbedc5f72",
  "playerId": "284b7242-b5bc-47f1-84c8-133564e8bc6f",
  "gamePhase": "preflop",
  "isGameOver": false
}
2025-02-27 15:15:00 [[32MHTTP[39M]: GET /api/game/state/284b7242-b5bc-47f1-84c8-133564e8bc6f 200 0.627 ms {
  "service": "poker-game-api"
}
2025-02-27 15:15:02 [[34MDEBUG[39M]: Request Details {
  "service": "poker-game-api",
  "method": "GET",
  "url": "/api/game/state/284b7242-b5bc-47f1-84c8-133564e8bc6f",
  "params": {},
  "query": {}
}
2025-02-27 15:15:02 [[34MDEBUG[39M]: Game state retrieved {
  "service": "poker-game-api",
  "gameId": "40a836d9-51df-40cc-a168-5c1cbedc5f72",
  "playerId": "284b7242-b5bc-47f1-84c8-133564e8bc6f",
  "gamePhase": "preflop",
  "isGameOver": false
}
2025-02-27 15:15:02 [[32MHTTP[39M]: GET /api/game/state/284b7242-b5bc-47f1-84c8-133564e8bc6f 200 0.632 ms {
  "service": "poker-game-api"
}
2025-02-27 15:15:04 [[34MDEBUG[39M]: Request Details {
  "service": "poker-game-api",
  "method": "GET",
  "url": "/api/game/state/284b7242-b5bc-47f1-84c8-133564e8bc6f",
  "params": {},
  "query": {}
}
2025-02-27 15:15:04 [[34MDEBUG[39M]: Game state retrieved {
  "service": "poker-game-api",
  "gameId": "40a836d9-51df-40cc-a168-5c1cbedc5f72",
  "playerId": "284b7242-b5bc-47f1-84c8-133564e8bc6f",
  "gamePhase": "preflop",
  "isGameOver": false
}
2025-02-27 15:15:04 [[32MHTTP[39M]: GET /api/game/state/284b7242-b5bc-47f1-84c8-133564e8bc6f 200 0.592 ms {
  "service": "poker-game-api"
}
2025-02-27 15:15:06 [[34MDEBUG[39M]: Request Details {
  "service": "poker-game-api",
  "method": "GET",
  "url": "/api/game/state/284b7242-b5bc-47f1-84c8-133564e8bc6f",
  "params": {},
  "query": {}
}
2025-02-27 15:15:06 [[34MDEBUG[39M]: Game state retrieved {
  "service": "poker-game-api",
  "gameId": "40a836d9-51df-40cc-a168-5c1cbedc5f72",
  "playerId": "284b7242-b5bc-47f1-84c8-133564e8bc6f",
  "gamePhase": "preflop",
  "isGameOver": false
}
2025-02-27 15:15:06 [[32MHTTP[39M]: GET /api/game/state/284b7242-b5bc-47f1-84c8-133564e8bc6f 200 1.341 ms {
  "service": "poker-game-api"
}
2025-02-27 15:15:08 [[34MDEBUG[39M]: Request Details {
  "service": "poker-game-api",
  "method": "GET",
  "url": "/api/game/state/284b7242-b5bc-47f1-84c8-133564e8bc6f",
  "params": {},
  "query": {}
}
2025-02-27 15:15:08 [[34MDEBUG[39M]: Game state retrieved {
  "service": "poker-game-api",
  "gameId": "40a836d9-51df-40cc-a168-5c1cbedc5f72",
  "playerId": "284b7242-b5bc-47f1-84c8-133564e8bc6f",
  "gamePhase": "preflop",
  "isGameOver": false
}
2025-02-27 15:15:08 [[32MHTTP[39M]: GET /api/game/state/284b7242-b5bc-47f1-84c8-133564e8bc6f 200 0.655 ms {
  "service": "poker-game-api"
}
2025-02-27 15:15:10 [[34MDEBUG[39M]: Request Details {
  "service": "poker-game-api",
  "method": "GET",
  "url": "/api/game/state/284b7242-b5bc-47f1-84c8-133564e8bc6f",
  "params": {},
  "query": {}
}
2025-02-27 15:15:10 [[34MDEBUG[39M]: Game state retrieved {
  "service": "poker-game-api",
  "gameId": "40a836d9-51df-40cc-a168-5c1cbedc5f72",
  "playerId": "284b7242-b5bc-47f1-84c8-133564e8bc6f",
  "gamePhase": "preflop",
  "isGameOver": false
}
2025-02-27 15:15:10 [[32MHTTP[39M]: GET /api/game/state/284b7242-b5bc-47f1-84c8-133564e8bc6f 200 0.652 ms {
  "service": "poker-game-api"
}
2025-02-27 15:15:12 [[34MDEBUG[39M]: Request Details {
  "service": "poker-game-api",
  "method": "GET",
  "url": "/api/game/state/284b7242-b5bc-47f1-84c8-133564e8bc6f",
  "params": {},
  "query": {}
}
2025-02-27 15:15:12 [[34MDEBUG[39M]: Game state retrieved {
  "service": "poker-game-api",
  "gameId": "40a836d9-51df-40cc-a168-5c1cbedc5f72",
  "playerId": "284b7242-b5bc-47f1-84c8-133564e8bc6f",
  "gamePhase": "preflop",
  "isGameOver": false
}
2025-02-27 15:15:12 [[32MHTTP[39M]: GET /api/game/state/284b7242-b5bc-47f1-84c8-133564e8bc6f 200 0.789 ms {
  "service": "poker-game-api"
}
2025-02-27 15:15:14 [[34MDEBUG[39M]: Request Details {
  "service": "poker-game-api",
  "method": "GET",
  "url": "/api/game/state/284b7242-b5bc-47f1-84c8-133564e8bc6f",
  "params": {},
  "query": {}
}
2025-02-27 15:15:14 [[34MDEBUG[39M]: Game state retrieved {
  "service": "poker-game-api",
  "gameId": "40a836d9-51df-40cc-a168-5c1cbedc5f72",
  "playerId": "284b7242-b5bc-47f1-84c8-133564e8bc6f",
  "gamePhase": "preflop",
  "isGameOver": false
}
2025-02-27 15:15:14 [[32MHTTP[39M]: GET /api/game/state/284b7242-b5bc-47f1-84c8-133564e8bc6f 200 0.902 ms {
  "service": "poker-game-api"
}
2025-02-27 15:15:16 [[34MDEBUG[39M]: Request Details {
  "service": "poker-game-api",
  "method": "GET",
  "url": "/api/game/state/284b7242-b5bc-47f1-84c8-133564e8bc6f",
  "params": {},
  "query": {}
}
2025-02-27 15:15:16 [[34MDEBUG[39M]: Game state retrieved {
  "service": "poker-game-api",
  "gameId": "40a836d9-51df-40cc-a168-5c1cbedc5f72",
  "playerId": "284b7242-b5bc-47f1-84c8-133564e8bc6f",
  "gamePhase": "preflop",
  "isGameOver": false
}
2025-02-27 15:15:16 [[32MHTTP[39M]: GET /api/game/state/284b7242-b5bc-47f1-84c8-133564e8bc6f 200 0.471 ms {
  "service": "poker-game-api"
}
2025-02-27 15:15:18 [[34MDEBUG[39M]: Request Details {
  "service": "poker-game-api",
  "method": "GET",
  "url": "/api/game/state/284b7242-b5bc-47f1-84c8-133564e8bc6f",
  "params": {},
  "query": {}
}
2025-02-27 15:15:18 [[34MDEBUG[39M]: Game state retrieved {
  "service": "poker-game-api",
  "gameId": "40a836d9-51df-40cc-a168-5c1cbedc5f72",
  "playerId": "284b7242-b5bc-47f1-84c8-133564e8bc6f",
  "gamePhase": "preflop",
  "isGameOver": false
}
2025-02-27 15:15:18 [[32MHTTP[39M]: GET /api/game/state/284b7242-b5bc-47f1-84c8-133564e8bc6f 200 1.138 ms {
  "service": "poker-game-api"
}
2025-02-27 15:15:20 [[34MDEBUG[39M]: Request Details {
  "service": "poker-game-api",
  "method": "GET",
  "url": "/api/game/state/284b7242-b5bc-47f1-84c8-133564e8bc6f",
  "params": {},
  "query": {}
}
2025-02-27 15:15:20 [[34MDEBUG[39M]: Game state retrieved {
  "service": "poker-game-api",
  "gameId": "40a836d9-51df-40cc-a168-5c1cbedc5f72",
  "playerId": "284b7242-b5bc-47f1-84c8-133564e8bc6f",
  "gamePhase": "preflop",
  "isGameOver": false
}
2025-02-27 15:15:20 [[32MHTTP[39M]: GET /api/game/state/284b7242-b5bc-47f1-84c8-133564e8bc6f 200 0.610 ms {
  "service": "poker-game-api"
}
2025-02-27 15:15:22 [[34MDEBUG[39M]: Request Details {
  "service": "poker-game-api",
  "method": "GET",
  "url": "/api/game/state/284b7242-b5bc-47f1-84c8-133564e8bc6f",
  "params": {},
  "query": {}
}
2025-02-27 15:15:22 [[34MDEBUG[39M]: Game state retrieved {
  "service": "poker-game-api",
  "gameId": "40a836d9-51df-40cc-a168-5c1cbedc5f72",
  "playerId": "284b7242-b5bc-47f1-84c8-133564e8bc6f",
  "gamePhase": "preflop",
  "isGameOver": false
}
2025-02-27 15:15:22 [[32MHTTP[39M]: GET /api/game/state/284b7242-b5bc-47f1-84c8-133564e8bc6f 200 1.131 ms {
  "service": "poker-game-api"
}
2025-02-27 15:15:24 [[34MDEBUG[39M]: Request Details {
  "service": "poker-game-api",
  "method": "GET",
  "url": "/api/game/state/284b7242-b5bc-47f1-84c8-133564e8bc6f",
  "params": {},
  "query": {}
}
2025-02-27 15:15:24 [[34MDEBUG[39M]: Game state retrieved {
  "service": "poker-game-api",
  "gameId": "40a836d9-51df-40cc-a168-5c1cbedc5f72",
  "playerId": "284b7242-b5bc-47f1-84c8-133564e8bc6f",
  "gamePhase": "preflop",
  "isGameOver": false
}
2025-02-27 15:15:24 [[32MHTTP[39M]: GET /api/game/state/284b7242-b5bc-47f1-84c8-133564e8bc6f 200 0.820 ms {
  "service": "poker-game-api"
}
2025-02-27 15:15:26 [[34MDEBUG[39M]: Request Details {
  "service": "poker-game-api",
  "method": "GET",
  "url": "/api/game/state/284b7242-b5bc-47f1-84c8-133564e8bc6f",
  "params": {},
  "query": {}
}
2025-02-27 15:15:26 [[34MDEBUG[39M]: Game state retrieved {
  "service": "poker-game-api",
  "gameId": "40a836d9-51df-40cc-a168-5c1cbedc5f72",
  "playerId": "284b7242-b5bc-47f1-84c8-133564e8bc6f",
  "gamePhase": "preflop",
  "isGameOver": false
}
2025-02-27 15:15:26 [[32MHTTP[39M]: GET /api/game/state/284b7242-b5bc-47f1-84c8-133564e8bc6f 200 0.652 ms {
  "service": "poker-game-api"
}
2025-02-27 15:15:28 [[34MDEBUG[39M]: Request Details {
  "service": "poker-game-api",
  "method": "GET",
  "url": "/api/game/state/284b7242-b5bc-47f1-84c8-133564e8bc6f",
  "params": {},
  "query": {}
}
2025-02-27 15:15:28 [[34MDEBUG[39M]: Game state retrieved {
  "service": "poker-game-api",
  "gameId": "40a836d9-51df-40cc-a168-5c1cbedc5f72",
  "playerId": "284b7242-b5bc-47f1-84c8-133564e8bc6f",
  "gamePhase": "preflop",
  "isGameOver": false
}
2025-02-27 15:15:28 [[32MHTTP[39M]: GET /api/game/state/284b7242-b5bc-47f1-84c8-133564e8bc6f 200 0.849 ms {
  "service": "poker-game-api"
}
2025-02-27 15:15:30 [[34MDEBUG[39M]: Request Details {
  "service": "poker-game-api",
  "method": "GET",
  "url": "/api/game/state/284b7242-b5bc-47f1-84c8-133564e8bc6f",
  "params": {},
  "query": {}
}
2025-02-27 15:15:30 [[34MDEBUG[39M]: Game state retrieved {
  "service": "poker-game-api",
  "gameId": "40a836d9-51df-40cc-a168-5c1cbedc5f72",
  "playerId": "284b7242-b5bc-47f1-84c8-133564e8bc6f",
  "gamePhase": "preflop",
  "isGameOver": false
}
2025-02-27 15:15:30 [[32MHTTP[39M]: GET /api/game/state/284b7242-b5bc-47f1-84c8-133564e8bc6f 200 0.634 ms {
  "service": "poker-game-api"
}
2025-02-27 15:15:32 [[34MDEBUG[39M]: Request Details {
  "service": "poker-game-api",
  "method": "GET",
  "url": "/api/game/state/284b7242-b5bc-47f1-84c8-133564e8bc6f",
  "params": {},
  "query": {}
}
2025-02-27 15:15:32 [[34MDEBUG[39M]: Game state retrieved {
  "service": "poker-game-api",
  "gameId": "40a836d9-51df-40cc-a168-5c1cbedc5f72",
  "playerId": "284b7242-b5bc-47f1-84c8-133564e8bc6f",
  "gamePhase": "preflop",
  "isGameOver": false
}
2025-02-27 15:15:32 [[32MHTTP[39M]: GET /api/game/state/284b7242-b5bc-47f1-84c8-133564e8bc6f 200 0.646 ms {
  "service": "poker-game-api"
}
2025-02-27 15:15:34 [[34MDEBUG[39M]: Request Details {
  "service": "poker-game-api",
  "method": "GET",
  "url": "/api/game/state/284b7242-b5bc-47f1-84c8-133564e8bc6f",
  "params": {},
  "query": {}
}
2025-02-27 15:15:34 [[34MDEBUG[39M]: Game state retrieved {
  "service": "poker-game-api",
  "gameId": "40a836d9-51df-40cc-a168-5c1cbedc5f72",
  "playerId": "284b7242-b5bc-47f1-84c8-133564e8bc6f",
  "gamePhase": "preflop",
  "isGameOver": false
}
2025-02-27 15:15:34 [[32MHTTP[39M]: GET /api/game/state/284b7242-b5bc-47f1-84c8-133564e8bc6f 200 0.633 ms {
  "service": "poker-game-api"
}
2025-02-27 15:15:36 [[34MDEBUG[39M]: Request Details {
  "service": "poker-game-api",
  "method": "GET",
  "url": "/api/game/state/284b7242-b5bc-47f1-84c8-133564e8bc6f",
  "params": {},
  "query": {}
}
2025-02-27 15:15:36 [[34MDEBUG[39M]: Game state retrieved {
  "service": "poker-game-api",
  "gameId": "40a836d9-51df-40cc-a168-5c1cbedc5f72",
  "playerId": "284b7242-b5bc-47f1-84c8-133564e8bc6f",
  "gamePhase": "preflop",
  "isGameOver": false
}
2025-02-27 15:15:36 [[32MHTTP[39M]: GET /api/game/state/284b7242-b5bc-47f1-84c8-133564e8bc6f 200 0.646 ms {
  "service": "poker-game-api"
}
2025-02-27 15:15:38 [[34MDEBUG[39M]: Request Details {
  "service": "poker-game-api",
  "method": "GET",
  "url": "/api/game/state/284b7242-b5bc-47f1-84c8-133564e8bc6f",
  "params": {},
  "query": {}
}
2025-02-27 15:15:38 [[34MDEBUG[39M]: Game state retrieved {
  "service": "poker-game-api",
  "gameId": "40a836d9-51df-40cc-a168-5c1cbedc5f72",
  "playerId": "284b7242-b5bc-47f1-84c8-133564e8bc6f",
  "gamePhase": "preflop",
  "isGameOver": false
}
2025-02-27 15:15:38 [[32MHTTP[39M]: GET /api/game/state/284b7242-b5bc-47f1-84c8-133564e8bc6f 200 0.328 ms {
  "service": "poker-game-api"
}
2025-02-27 15:15:40 [[34MDEBUG[39M]: Request Details {
  "service": "poker-game-api",
  "method": "GET",
  "url": "/api/game/state/284b7242-b5bc-47f1-84c8-133564e8bc6f",
  "params": {},
  "query": {}
}
2025-02-27 15:15:40 [[34MDEBUG[39M]: Game state retrieved {
  "service": "poker-game-api",
  "gameId": "40a836d9-51df-40cc-a168-5c1cbedc5f72",
  "playerId": "284b7242-b5bc-47f1-84c8-133564e8bc6f",
  "gamePhase": "preflop",
  "isGameOver": false
}
2025-02-27 15:15:40 [[32MHTTP[39M]: GET /api/game/state/284b7242-b5bc-47f1-84c8-133564e8bc6f 200 0.623 ms {
  "service": "poker-game-api"
}
2025-02-27 15:15:42 [[34MDEBUG[39M]: Request Details {
  "service": "poker-game-api",
  "method": "GET",
  "url": "/api/game/state/284b7242-b5bc-47f1-84c8-133564e8bc6f",
  "params": {},
  "query": {}
}
2025-02-27 15:15:42 [[34MDEBUG[39M]: Game state retrieved {
  "service": "poker-game-api",
  "gameId": "40a836d9-51df-40cc-a168-5c1cbedc5f72",
  "playerId": "284b7242-b5bc-47f1-84c8-133564e8bc6f",
  "gamePhase": "preflop",
  "isGameOver": false
}
2025-02-27 15:15:42 [[32MHTTP[39M]: GET /api/game/state/284b7242-b5bc-47f1-84c8-133564e8bc6f 200 0.889 ms {
  "service": "poker-game-api"
}
2025-02-27 15:15:44 [[34MDEBUG[39M]: Request Details {
  "service": "poker-game-api",
  "method": "GET",
  "url": "/api/game/state/284b7242-b5bc-47f1-84c8-133564e8bc6f",
  "params": {},
  "query": {}
}
2025-02-27 15:15:44 [[34MDEBUG[39M]: Game state retrieved {
  "service": "poker-game-api",
  "gameId": "40a836d9-51df-40cc-a168-5c1cbedc5f72",
  "playerId": "284b7242-b5bc-47f1-84c8-133564e8bc6f",
  "gamePhase": "preflop",
  "isGameOver": false
}
2025-02-27 15:15:44 [[32MHTTP[39M]: GET /api/game/state/284b7242-b5bc-47f1-84c8-133564e8bc6f 200 0.765 ms {
  "service": "poker-game-api"
}
2025-02-27 15:15:46 [[34MDEBUG[39M]: Request Details {
  "service": "poker-game-api",
  "method": "GET",
  "url": "/api/game/state/284b7242-b5bc-47f1-84c8-133564e8bc6f",
  "params": {},
  "query": {}
}
2025-02-27 15:15:46 [[34MDEBUG[39M]: Game state retrieved {
  "service": "poker-game-api",
  "gameId": "40a836d9-51df-40cc-a168-5c1cbedc5f72",
  "playerId": "284b7242-b5bc-47f1-84c8-133564e8bc6f",
  "gamePhase": "preflop",
  "isGameOver": false
}
2025-02-27 15:15:46 [[32MHTTP[39M]: GET /api/game/state/284b7242-b5bc-47f1-84c8-133564e8bc6f 200 0.630 ms {
  "service": "poker-game-api"
}
2025-02-27 15:15:48 [[34MDEBUG[39M]: Request Details {
  "service": "poker-game-api",
  "method": "GET",
  "url": "/api/game/state/284b7242-b5bc-47f1-84c8-133564e8bc6f",
  "params": {},
  "query": {}
}
2025-02-27 15:15:48 [[34MDEBUG[39M]: Game state retrieved {
  "service": "poker-game-api",
  "gameId": "40a836d9-51df-40cc-a168-5c1cbedc5f72",
  "playerId": "284b7242-b5bc-47f1-84c8-133564e8bc6f",
  "gamePhase": "preflop",
  "isGameOver": false
}
2025-02-27 15:15:48 [[32MHTTP[39M]: GET /api/game/state/284b7242-b5bc-47f1-84c8-133564e8bc6f 200 1.536 ms {
  "service": "poker-game-api"
}
2025-02-27 15:15:50 [[34MDEBUG[39M]: Request Details {
  "service": "poker-game-api",
  "method": "GET",
  "url": "/api/game/state/284b7242-b5bc-47f1-84c8-133564e8bc6f",
  "params": {},
  "query": {}
}
2025-02-27 15:15:50 [[34MDEBUG[39M]: Game state retrieved {
  "service": "poker-game-api",
  "gameId": "40a836d9-51df-40cc-a168-5c1cbedc5f72",
  "playerId": "284b7242-b5bc-47f1-84c8-133564e8bc6f",
  "gamePhase": "preflop",
  "isGameOver": false
}
2025-02-27 15:15:50 [[32MHTTP[39M]: GET /api/game/state/284b7242-b5bc-47f1-84c8-133564e8bc6f 200 1.299 ms {
  "service": "poker-game-api"
}
2025-02-27 15:15:52 [[34MDEBUG[39M]: Request Details {
  "service": "poker-game-api",
  "method": "GET",
  "url": "/api/game/state/284b7242-b5bc-47f1-84c8-133564e8bc6f",
  "params": {},
  "query": {}
}
2025-02-27 15:15:52 [[34MDEBUG[39M]: Game state retrieved {
  "service": "poker-game-api",
  "gameId": "40a836d9-51df-40cc-a168-5c1cbedc5f72",
  "playerId": "284b7242-b5bc-47f1-84c8-133564e8bc6f",
  "gamePhase": "preflop",
  "isGameOver": false
}
2025-02-27 15:15:52 [[32MHTTP[39M]: GET /api/game/state/284b7242-b5bc-47f1-84c8-133564e8bc6f 200 0.692 ms {
  "service": "poker-game-api"
}
2025-02-27 15:15:54 [[34MDEBUG[39M]: Request Details {
  "service": "poker-game-api",
  "method": "GET",
  "url": "/api/game/state/284b7242-b5bc-47f1-84c8-133564e8bc6f",
  "params": {},
  "query": {}
}
2025-02-27 15:15:54 [[34MDEBUG[39M]: Game state retrieved {
  "service": "poker-game-api",
  "gameId": "40a836d9-51df-40cc-a168-5c1cbedc5f72",
  "playerId": "284b7242-b5bc-47f1-84c8-133564e8bc6f",
  "gamePhase": "preflop",
  "isGameOver": false
}
2025-02-27 15:15:54 [[32MHTTP[39M]: GET /api/game/state/284b7242-b5bc-47f1-84c8-133564e8bc6f 200 1.251 ms {
  "service": "poker-game-api"
}
2025-02-27 15:15:56 [[34MDEBUG[39M]: Request Details {
  "service": "poker-game-api",
  "method": "GET",
  "url": "/api/game/state/284b7242-b5bc-47f1-84c8-133564e8bc6f",
  "params": {},
  "query": {}
}
2025-02-27 15:15:56 [[34MDEBUG[39M]: Game state retrieved {
  "service": "poker-game-api",
  "gameId": "40a836d9-51df-40cc-a168-5c1cbedc5f72",
  "playerId": "284b7242-b5bc-47f1-84c8-133564e8bc6f",
  "gamePhase": "preflop",
  "isGameOver": false
}
2025-02-27 15:15:56 [[32MHTTP[39M]: GET /api/game/state/284b7242-b5bc-47f1-84c8-133564e8bc6f 200 1.276 ms {
  "service": "poker-game-api"
}
2025-02-27 15:15:58 [[34MDEBUG[39M]: Request Details {
  "service": "poker-game-api",
  "method": "GET",
  "url": "/api/game/state/284b7242-b5bc-47f1-84c8-133564e8bc6f",
  "params": {},
  "query": {}
}
2025-02-27 15:15:58 [[34MDEBUG[39M]: Game state retrieved {
  "service": "poker-game-api",
  "gameId": "40a836d9-51df-40cc-a168-5c1cbedc5f72",
  "playerId": "284b7242-b5bc-47f1-84c8-133564e8bc6f",
  "gamePhase": "preflop",
  "isGameOver": false
}
2025-02-27 15:15:58 [[32MHTTP[39M]: GET /api/game/state/284b7242-b5bc-47f1-84c8-133564e8bc6f 200 0.710 ms {
  "service": "poker-game-api"
}
2025-02-27 15:16:00 [[34MDEBUG[39M]: Request Details {
  "service": "poker-game-api",
  "method": "GET",
  "url": "/api/game/state/284b7242-b5bc-47f1-84c8-133564e8bc6f",
  "params": {},
  "query": {}
}
2025-02-27 15:16:00 [[34MDEBUG[39M]: Game state retrieved {
  "service": "poker-game-api",
  "gameId": "40a836d9-51df-40cc-a168-5c1cbedc5f72",
  "playerId": "284b7242-b5bc-47f1-84c8-133564e8bc6f",
  "gamePhase": "preflop",
  "isGameOver": false
}
2025-02-27 15:16:00 [[32MHTTP[39M]: GET /api/game/state/284b7242-b5bc-47f1-84c8-133564e8bc6f 200 1.061 ms {
  "service": "poker-game-api"
}
2025-02-27 15:16:02 [[34MDEBUG[39M]: Request Details {
  "service": "poker-game-api",
  "method": "GET",
  "url": "/api/game/state/284b7242-b5bc-47f1-84c8-133564e8bc6f",
  "params": {},
  "query": {}
}
2025-02-27 15:16:02 [[34MDEBUG[39M]: Game state retrieved {
  "service": "poker-game-api",
  "gameId": "40a836d9-51df-40cc-a168-5c1cbedc5f72",
  "playerId": "284b7242-b5bc-47f1-84c8-133564e8bc6f",
  "gamePhase": "preflop",
  "isGameOver": false
}
2025-02-27 15:16:02 [[32MHTTP[39M]: GET /api/game/state/284b7242-b5bc-47f1-84c8-133564e8bc6f 200 0.624 ms {
  "service": "poker-game-api"
}
2025-02-27 15:16:04 [[34MDEBUG[39M]: Request Details {
  "service": "poker-game-api",
  "method": "GET",
  "url": "/api/game/state/284b7242-b5bc-47f1-84c8-133564e8bc6f",
  "params": {},
  "query": {}
}
2025-02-27 15:16:04 [[34MDEBUG[39M]: Game state retrieved {
  "service": "poker-game-api",
  "gameId": "40a836d9-51df-40cc-a168-5c1cbedc5f72",
  "playerId": "284b7242-b5bc-47f1-84c8-133564e8bc6f",
  "gamePhase": "preflop",
  "isGameOver": false
}
2025-02-27 15:16:04 [[32MHTTP[39M]: GET /api/game/state/284b7242-b5bc-47f1-84c8-133564e8bc6f 200 0.572 ms {
  "service": "poker-game-api"
}
2025-02-27 15:16:06 [[34MDEBUG[39M]: Request Details {
  "service": "poker-game-api",
  "method": "GET",
  "url": "/api/game/state/284b7242-b5bc-47f1-84c8-133564e8bc6f",
  "params": {},
  "query": {}
}
2025-02-27 15:16:06 [[34MDEBUG[39M]: Game state retrieved {
  "service": "poker-game-api",
  "gameId": "40a836d9-51df-40cc-a168-5c1cbedc5f72",
  "playerId": "284b7242-b5bc-47f1-84c8-133564e8bc6f",
  "gamePhase": "preflop",
  "isGameOver": false
}
2025-02-27 15:16:06 [[32MHTTP[39M]: GET /api/game/state/284b7242-b5bc-47f1-84c8-133564e8bc6f 200 0.592 ms {
  "service": "poker-game-api"
}
2025-02-27 15:16:08 [[34MDEBUG[39M]: Request Details {
  "service": "poker-game-api",
  "method": "GET",
  "url": "/api/game/state/284b7242-b5bc-47f1-84c8-133564e8bc6f",
  "params": {},
  "query": {}
}
2025-02-27 15:16:08 [[34MDEBUG[39M]: Game state retrieved {
  "service": "poker-game-api",
  "gameId": "40a836d9-51df-40cc-a168-5c1cbedc5f72",
  "playerId": "284b7242-b5bc-47f1-84c8-133564e8bc6f",
  "gamePhase": "preflop",
  "isGameOver": false
}
2025-02-27 15:16:08 [[32MHTTP[39M]: GET /api/game/state/284b7242-b5bc-47f1-84c8-133564e8bc6f 200 0.596 ms {
  "service": "poker-game-api"
}
2025-02-27 15:16:10 [[34MDEBUG[39M]: Request Details {
  "service": "poker-game-api",
  "method": "GET",
  "url": "/api/game/state/284b7242-b5bc-47f1-84c8-133564e8bc6f",
  "params": {},
  "query": {}
}
2025-02-27 15:16:10 [[34MDEBUG[39M]: Game state retrieved {
  "service": "poker-game-api",
  "gameId": "40a836d9-51df-40cc-a168-5c1cbedc5f72",
  "playerId": "284b7242-b5bc-47f1-84c8-133564e8bc6f",
  "gamePhase": "preflop",
  "isGameOver": false
}
2025-02-27 15:16:10 [[32MHTTP[39M]: GET /api/game/state/284b7242-b5bc-47f1-84c8-133564e8bc6f 200 0.654 ms {
  "service": "poker-game-api"
}
2025-02-27 15:16:12 [[34MDEBUG[39M]: Request Details {
  "service": "poker-game-api",
  "method": "GET",
  "url": "/api/game/state/284b7242-b5bc-47f1-84c8-133564e8bc6f",
  "params": {},
  "query": {}
}
2025-02-27 15:16:12 [[34MDEBUG[39M]: Game state retrieved {
  "service": "poker-game-api",
  "gameId": "40a836d9-51df-40cc-a168-5c1cbedc5f72",
  "playerId": "284b7242-b5bc-47f1-84c8-133564e8bc6f",
  "gamePhase": "preflop",
  "isGameOver": false
}
2025-02-27 15:16:12 [[32MHTTP[39M]: GET /api/game/state/284b7242-b5bc-47f1-84c8-133564e8bc6f 200 0.955 ms {
  "service": "poker-game-api"
}
2025-02-27 15:16:14 [[34MDEBUG[39M]: Request Details {
  "service": "poker-game-api",
  "method": "GET",
  "url": "/api/game/state/284b7242-b5bc-47f1-84c8-133564e8bc6f",
  "params": {},
  "query": {}
}
2025-02-27 15:16:14 [[34MDEBUG[39M]: Game state retrieved {
  "service": "poker-game-api",
  "gameId": "40a836d9-51df-40cc-a168-5c1cbedc5f72",
  "playerId": "284b7242-b5bc-47f1-84c8-133564e8bc6f",
  "gamePhase": "preflop",
  "isGameOver": false
}
2025-02-27 15:16:14 [[32MHTTP[39M]: GET /api/game/state/284b7242-b5bc-47f1-84c8-133564e8bc6f 200 1.202 ms {
  "service": "poker-game-api"
}
2025-02-27 15:16:16 [[34MDEBUG[39M]: Request Details {
  "service": "poker-game-api",
  "method": "GET",
  "url": "/api/game/state/284b7242-b5bc-47f1-84c8-133564e8bc6f",
  "params": {},
  "query": {}
}
2025-02-27 15:16:16 [[34MDEBUG[39M]: Game state retrieved {
  "service": "poker-game-api",
  "gameId": "40a836d9-51df-40cc-a168-5c1cbedc5f72",
  "playerId": "284b7242-b5bc-47f1-84c8-133564e8bc6f",
  "gamePhase": "preflop",
  "isGameOver": false
}
2025-02-27 15:16:16 [[32MHTTP[39M]: GET /api/game/state/284b7242-b5bc-47f1-84c8-133564e8bc6f 200 0.443 ms {
  "service": "poker-game-api"
}
2025-02-27 15:16:18 [[34MDEBUG[39M]: Request Details {
  "service": "poker-game-api",
  "method": "GET",
  "url": "/api/game/state/284b7242-b5bc-47f1-84c8-133564e8bc6f",
  "params": {},
  "query": {}
}
2025-02-27 15:16:18 [[34MDEBUG[39M]: Game state retrieved {
  "service": "poker-game-api",
  "gameId": "40a836d9-51df-40cc-a168-5c1cbedc5f72",
  "playerId": "284b7242-b5bc-47f1-84c8-133564e8bc6f",
  "gamePhase": "preflop",
  "isGameOver": false
}
2025-02-27 15:16:18 [[32MHTTP[39M]: GET /api/game/state/284b7242-b5bc-47f1-84c8-133564e8bc6f 200 0.899 ms {
  "service": "poker-game-api"
}
2025-02-27 15:16:20 [[34MDEBUG[39M]: Request Details {
  "service": "poker-game-api",
  "method": "GET",
  "url": "/api/game/state/284b7242-b5bc-47f1-84c8-133564e8bc6f",
  "params": {},
  "query": {}
}
2025-02-27 15:16:20 [[34MDEBUG[39M]: Game state retrieved {
  "service": "poker-game-api",
  "gameId": "40a836d9-51df-40cc-a168-5c1cbedc5f72",
  "playerId": "284b7242-b5bc-47f1-84c8-133564e8bc6f",
  "gamePhase": "preflop",
  "isGameOver": false
}
2025-02-27 15:16:20 [[32MHTTP[39M]: GET /api/game/state/284b7242-b5bc-47f1-84c8-133564e8bc6f 200 0.588 ms {
  "service": "poker-game-api"
}
2025-02-27 15:16:22 [[34MDEBUG[39M]: Request Details {
  "service": "poker-game-api",
  "method": "GET",
  "url": "/api/game/state/284b7242-b5bc-47f1-84c8-133564e8bc6f",
  "params": {},
  "query": {}
}
2025-02-27 15:16:22 [[34MDEBUG[39M]: Game state retrieved {
  "service": "poker-game-api",
  "gameId": "40a836d9-51df-40cc-a168-5c1cbedc5f72",
  "playerId": "284b7242-b5bc-47f1-84c8-133564e8bc6f",
  "gamePhase": "preflop",
  "isGameOver": false
}
2025-02-27 15:16:22 [[32MHTTP[39M]: GET /api/game/state/284b7242-b5bc-47f1-84c8-133564e8bc6f 200 0.950 ms {
  "service": "poker-game-api"
}
2025-02-27 15:16:24 [[34MDEBUG[39M]: Request Details {
  "service": "poker-game-api",
  "method": "GET",
  "url": "/api/game/state/284b7242-b5bc-47f1-84c8-133564e8bc6f",
  "params": {},
  "query": {}
}
2025-02-27 15:16:24 [[34MDEBUG[39M]: Game state retrieved {
  "service": "poker-game-api",
  "gameId": "40a836d9-51df-40cc-a168-5c1cbedc5f72",
  "playerId": "284b7242-b5bc-47f1-84c8-133564e8bc6f",
  "gamePhase": "preflop",
  "isGameOver": false
}
2025-02-27 15:16:24 [[32MHTTP[39M]: GET /api/game/state/284b7242-b5bc-47f1-84c8-133564e8bc6f 200 0.569 ms {
  "service": "poker-game-api"
}
2025-02-27 15:16:26 [[34MDEBUG[39M]: Request Details {
  "service": "poker-game-api",
  "method": "GET",
  "url": "/api/game/state/284b7242-b5bc-47f1-84c8-133564e8bc6f",
  "params": {},
  "query": {}
}
2025-02-27 15:16:26 [[34MDEBUG[39M]: Game state retrieved {
  "service": "poker-game-api",
  "gameId": "40a836d9-51df-40cc-a168-5c1cbedc5f72",
  "playerId": "284b7242-b5bc-47f1-84c8-133564e8bc6f",
  "gamePhase": "preflop",
  "isGameOver": false
}
2025-02-27 15:16:26 [[32MHTTP[39M]: GET /api/game/state/284b7242-b5bc-47f1-84c8-133564e8bc6f 200 0.416 ms {
  "service": "poker-game-api"
}
2025-02-27 15:16:28 [[34MDEBUG[39M]: Request Details {
  "service": "poker-game-api",
  "method": "GET",
  "url": "/api/game/state/284b7242-b5bc-47f1-84c8-133564e8bc6f",
  "params": {},
  "query": {}
}
2025-02-27 15:16:28 [[34MDEBUG[39M]: Game state retrieved {
  "service": "poker-game-api",
  "gameId": "40a836d9-51df-40cc-a168-5c1cbedc5f72",
  "playerId": "284b7242-b5bc-47f1-84c8-133564e8bc6f",
  "gamePhase": "preflop",
  "isGameOver": false
}
2025-02-27 15:16:28 [[32MHTTP[39M]: GET /api/game/state/284b7242-b5bc-47f1-84c8-133564e8bc6f 200 0.592 ms {
  "service": "poker-game-api"
}
2025-02-27 15:16:30 [[34MDEBUG[39M]: Request Details {
  "service": "poker-game-api",
  "method": "GET",
  "url": "/api/game/state/284b7242-b5bc-47f1-84c8-133564e8bc6f",
  "params": {},
  "query": {}
}
2025-02-27 15:16:30 [[34MDEBUG[39M]: Game state retrieved {
  "service": "poker-game-api",
  "gameId": "40a836d9-51df-40cc-a168-5c1cbedc5f72",
  "playerId": "284b7242-b5bc-47f1-84c8-133564e8bc6f",
  "gamePhase": "preflop",
  "isGameOver": false
}
2025-02-27 15:16:30 [[32MHTTP[39M]: GET /api/game/state/284b7242-b5bc-47f1-84c8-133564e8bc6f 200 0.401 ms {
  "service": "poker-game-api"
}
2025-02-27 15:16:32 [[34MDEBUG[39M]: Request Details {
  "service": "poker-game-api",
  "method": "GET",
  "url": "/api/game/state/284b7242-b5bc-47f1-84c8-133564e8bc6f",
  "params": {},
  "query": {}
}
2025-02-27 15:16:32 [[34MDEBUG[39M]: Game state retrieved {
  "service": "poker-game-api",
  "gameId": "40a836d9-51df-40cc-a168-5c1cbedc5f72",
  "playerId": "284b7242-b5bc-47f1-84c8-133564e8bc6f",
  "gamePhase": "preflop",
  "isGameOver": false
}
2025-02-27 15:16:32 [[32MHTTP[39M]: GET /api/game/state/284b7242-b5bc-47f1-84c8-133564e8bc6f 200 0.638 ms {
  "service": "poker-game-api"
}
2025-02-27 15:16:34 [[34MDEBUG[39M]: Request Details {
  "service": "poker-game-api",
  "method": "GET",
  "url": "/api/game/state/284b7242-b5bc-47f1-84c8-133564e8bc6f",
  "params": {},
  "query": {}
}
2025-02-27 15:16:34 [[34MDEBUG[39M]: Game state retrieved {
  "service": "poker-game-api",
  "gameId": "40a836d9-51df-40cc-a168-5c1cbedc5f72",
  "playerId": "284b7242-b5bc-47f1-84c8-133564e8bc6f",
  "gamePhase": "preflop",
  "isGameOver": false
}
2025-02-27 15:16:34 [[32MHTTP[39M]: GET /api/game/state/284b7242-b5bc-47f1-84c8-133564e8bc6f 200 0.353 ms {
  "service": "poker-game-api"
}
2025-02-27 15:16:36 [[34MDEBUG[39M]: Request Details {
  "service": "poker-game-api",
  "method": "GET",
  "url": "/api/game/state/284b7242-b5bc-47f1-84c8-133564e8bc6f",
  "params": {},
  "query": {}
}
2025-02-27 15:16:36 [[34MDEBUG[39M]: Game state retrieved {
  "service": "poker-game-api",
  "gameId": "40a836d9-51df-40cc-a168-5c1cbedc5f72",
  "playerId": "284b7242-b5bc-47f1-84c8-133564e8bc6f",
  "gamePhase": "preflop",
  "isGameOver": false
}
2025-02-27 15:16:36 [[32MHTTP[39M]: GET /api/game/state/284b7242-b5bc-47f1-84c8-133564e8bc6f 200 0.608 ms {
  "service": "poker-game-api"
}
2025-02-27 15:16:38 [[34MDEBUG[39M]: Request Details {
  "service": "poker-game-api",
  "method": "GET",
  "url": "/api/game/state/284b7242-b5bc-47f1-84c8-133564e8bc6f",
  "params": {},
  "query": {}
}
2025-02-27 15:16:38 [[34MDEBUG[39M]: Game state retrieved {
  "service": "poker-game-api",
  "gameId": "40a836d9-51df-40cc-a168-5c1cbedc5f72",
  "playerId": "284b7242-b5bc-47f1-84c8-133564e8bc6f",
  "gamePhase": "preflop",
  "isGameOver": false
}
2025-02-27 15:16:38 [[32MHTTP[39M]: GET /api/game/state/284b7242-b5bc-47f1-84c8-133564e8bc6f 200 0.567 ms {
  "service": "poker-game-api"
}
2025-02-27 15:16:40 [[34MDEBUG[39M]: Request Details {
  "service": "poker-game-api",
  "method": "GET",
  "url": "/api/game/state/284b7242-b5bc-47f1-84c8-133564e8bc6f",
  "params": {},
  "query": {}
}
2025-02-27 15:16:40 [[34MDEBUG[39M]: Game state retrieved {
  "service": "poker-game-api",
  "gameId": "40a836d9-51df-40cc-a168-5c1cbedc5f72",
  "playerId": "284b7242-b5bc-47f1-84c8-133564e8bc6f",
  "gamePhase": "preflop",
  "isGameOver": false
}
2025-02-27 15:16:40 [[32MHTTP[39M]: GET /api/game/state/284b7242-b5bc-47f1-84c8-133564e8bc6f 200 0.514 ms {
  "service": "poker-game-api"
}
2025-02-27 15:16:42 [[34MDEBUG[39M]: Request Details {
  "service": "poker-game-api",
  "method": "GET",
  "url": "/api/game/state/284b7242-b5bc-47f1-84c8-133564e8bc6f",
  "params": {},
  "query": {}
}
2025-02-27 15:16:42 [[34MDEBUG[39M]: Game state retrieved {
  "service": "poker-game-api",
  "gameId": "40a836d9-51df-40cc-a168-5c1cbedc5f72",
  "playerId": "284b7242-b5bc-47f1-84c8-133564e8bc6f",
  "gamePhase": "preflop",
  "isGameOver": false
}
2025-02-27 15:16:42 [[32MHTTP[39M]: GET /api/game/state/284b7242-b5bc-47f1-84c8-133564e8bc6f 200 0.596 ms {
  "service": "poker-game-api"
}
2025-02-27 15:16:44 [[34MDEBUG[39M]: Request Details {
  "service": "poker-game-api",
  "method": "GET",
  "url": "/api/game/state/284b7242-b5bc-47f1-84c8-133564e8bc6f",
  "params": {},
  "query": {}
}
2025-02-27 15:16:44 [[34MDEBUG[39M]: Game state retrieved {
  "service": "poker-game-api",
  "gameId": "40a836d9-51df-40cc-a168-5c1cbedc5f72",
  "playerId": "284b7242-b5bc-47f1-84c8-133564e8bc6f",
  "gamePhase": "preflop",
  "isGameOver": false
}
2025-02-27 15:16:44 [[32MHTTP[39M]: GET /api/game/state/284b7242-b5bc-47f1-84c8-133564e8bc6f 200 0.547 ms {
  "service": "poker-game-api"
}
2025-02-27 15:16:46 [[34MDEBUG[39M]: Request Details {
  "service": "poker-game-api",
  "method": "GET",
  "url": "/api/game/state/284b7242-b5bc-47f1-84c8-133564e8bc6f",
  "params": {},
  "query": {}
}
2025-02-27 15:16:46 [[34MDEBUG[39M]: Game state retrieved {
  "service": "poker-game-api",
  "gameId": "40a836d9-51df-40cc-a168-5c1cbedc5f72",
  "playerId": "284b7242-b5bc-47f1-84c8-133564e8bc6f",
  "gamePhase": "preflop",
  "isGameOver": false
}
2025-02-27 15:16:46 [[32MHTTP[39M]: GET /api/game/state/284b7242-b5bc-47f1-84c8-133564e8bc6f 200 0.513 ms {
  "service": "poker-game-api"
}
2025-02-27 15:16:48 [[34MDEBUG[39M]: Request Details {
  "service": "poker-game-api",
  "method": "GET",
  "url": "/api/game/state/284b7242-b5bc-47f1-84c8-133564e8bc6f",
  "params": {},
  "query": {}
}
2025-02-27 15:16:48 [[34MDEBUG[39M]: Game state retrieved {
  "service": "poker-game-api",
  "gameId": "40a836d9-51df-40cc-a168-5c1cbedc5f72",
  "playerId": "284b7242-b5bc-47f1-84c8-133564e8bc6f",
  "gamePhase": "preflop",
  "isGameOver": false
}
2025-02-27 15:16:48 [[32MHTTP[39M]: GET /api/game/state/284b7242-b5bc-47f1-84c8-133564e8bc6f 200 0.603 ms {
  "service": "poker-game-api"
}
2025-02-27 15:16:50 [[34MDEBUG[39M]: Request Details {
  "service": "poker-game-api",
  "method": "GET",
  "url": "/api/game/state/284b7242-b5bc-47f1-84c8-133564e8bc6f",
  "params": {},
  "query": {}
}
2025-02-27 15:16:50 [[34MDEBUG[39M]: Game state retrieved {
  "service": "poker-game-api",
  "gameId": "40a836d9-51df-40cc-a168-5c1cbedc5f72",
  "playerId": "284b7242-b5bc-47f1-84c8-133564e8bc6f",
  "gamePhase": "preflop",
  "isGameOver": false
}
2025-02-27 15:16:50 [[32MHTTP[39M]: GET /api/game/state/284b7242-b5bc-47f1-84c8-133564e8bc6f 200 0.632 ms {
  "service": "poker-game-api"
}
2025-02-27 15:16:52 [[34MDEBUG[39M]: Request Details {
  "service": "poker-game-api",
  "method": "GET",
  "url": "/api/game/state/284b7242-b5bc-47f1-84c8-133564e8bc6f",
  "params": {},
  "query": {}
}
2025-02-27 15:16:52 [[34MDEBUG[39M]: Game state retrieved {
  "service": "poker-game-api",
  "gameId": "40a836d9-51df-40cc-a168-5c1cbedc5f72",
  "playerId": "284b7242-b5bc-47f1-84c8-133564e8bc6f",
  "gamePhase": "preflop",
  "isGameOver": false
}
2025-02-27 15:16:52 [[32MHTTP[39M]: GET /api/game/state/284b7242-b5bc-47f1-84c8-133564e8bc6f 200 0.560 ms {
  "service": "poker-game-api"
}
2025-02-27 15:16:54 [[34MDEBUG[39M]: Request Details {
  "service": "poker-game-api",
  "method": "GET",
  "url": "/api/game/state/284b7242-b5bc-47f1-84c8-133564e8bc6f",
  "params": {},
  "query": {}
}
2025-02-27 15:16:54 [[34MDEBUG[39M]: Game state retrieved {
  "service": "poker-game-api",
  "gameId": "40a836d9-51df-40cc-a168-5c1cbedc5f72",
  "playerId": "284b7242-b5bc-47f1-84c8-133564e8bc6f",
  "gamePhase": "preflop",
  "isGameOver": false
}
2025-02-27 15:16:54 [[32MHTTP[39M]: GET /api/game/state/284b7242-b5bc-47f1-84c8-133564e8bc6f 200 0.586 ms {
  "service": "poker-game-api"
}
2025-02-27 15:16:56 [[34MDEBUG[39M]: Request Details {
  "service": "poker-game-api",
  "method": "GET",
  "url": "/api/game/state/284b7242-b5bc-47f1-84c8-133564e8bc6f",
  "params": {},
  "query": {}
}
2025-02-27 15:16:56 [[34MDEBUG[39M]: Game state retrieved {
  "service": "poker-game-api",
  "gameId": "40a836d9-51df-40cc-a168-5c1cbedc5f72",
  "playerId": "284b7242-b5bc-47f1-84c8-133564e8bc6f",
  "gamePhase": "preflop",
  "isGameOver": false
}
2025-02-27 15:16:56 [[32MHTTP[39M]: GET /api/game/state/284b7242-b5bc-47f1-84c8-133564e8bc6f 200 0.963 ms {
  "service": "poker-game-api"
}
2025-02-27 15:16:58 [[34MDEBUG[39M]: Request Details {
  "service": "poker-game-api",
  "method": "GET",
  "url": "/api/game/state/284b7242-b5bc-47f1-84c8-133564e8bc6f",
  "params": {},
  "query": {}
}
2025-02-27 15:16:58 [[34MDEBUG[39M]: Game state retrieved {
  "service": "poker-game-api",
  "gameId": "40a836d9-51df-40cc-a168-5c1cbedc5f72",
  "playerId": "284b7242-b5bc-47f1-84c8-133564e8bc6f",
  "gamePhase": "preflop",
  "isGameOver": false
}
2025-02-27 15:16:58 [[32MHTTP[39M]: GET /api/game/state/284b7242-b5bc-47f1-84c8-133564e8bc6f 200 0.597 ms {
  "service": "poker-game-api"
}
2025-02-27 15:17:00 [[34MDEBUG[39M]: Request Details {
  "service": "poker-game-api",
  "method": "GET",
  "url": "/api/game/state/284b7242-b5bc-47f1-84c8-133564e8bc6f",
  "params": {},
  "query": {}
}
2025-02-27 15:17:00 [[34MDEBUG[39M]: Game state retrieved {
  "service": "poker-game-api",
  "gameId": "40a836d9-51df-40cc-a168-5c1cbedc5f72",
  "playerId": "284b7242-b5bc-47f1-84c8-133564e8bc6f",
  "gamePhase": "preflop",
  "isGameOver": false
}
2025-02-27 15:17:00 [[32MHTTP[39M]: GET /api/game/state/284b7242-b5bc-47f1-84c8-133564e8bc6f 200 0.959 ms {
  "service": "poker-game-api"
}
2025-02-27 15:17:02 [[34MDEBUG[39M]: Request Details {
  "service": "poker-game-api",
  "method": "GET",
  "url": "/api/game/state/284b7242-b5bc-47f1-84c8-133564e8bc6f",
  "params": {},
  "query": {}
}
2025-02-27 15:17:02 [[34MDEBUG[39M]: Game state retrieved {
  "service": "poker-game-api",
  "gameId": "40a836d9-51df-40cc-a168-5c1cbedc5f72",
  "playerId": "284b7242-b5bc-47f1-84c8-133564e8bc6f",
  "gamePhase": "preflop",
  "isGameOver": false
}
2025-02-27 15:17:02 [[32MHTTP[39M]: GET /api/game/state/284b7242-b5bc-47f1-84c8-133564e8bc6f 200 0.624 ms {
  "service": "poker-game-api"
}
2025-02-27 15:17:04 [[34MDEBUG[39M]: Request Details {
  "service": "poker-game-api",
  "method": "GET",
  "url": "/api/game/state/284b7242-b5bc-47f1-84c8-133564e8bc6f",
  "params": {},
  "query": {}
}
2025-02-27 15:17:04 [[34MDEBUG[39M]: Game state retrieved {
  "service": "poker-game-api",
  "gameId": "40a836d9-51df-40cc-a168-5c1cbedc5f72",
  "playerId": "284b7242-b5bc-47f1-84c8-133564e8bc6f",
  "gamePhase": "preflop",
  "isGameOver": false
}
2025-02-27 15:17:04 [[32MHTTP[39M]: GET /api/game/state/284b7242-b5bc-47f1-84c8-133564e8bc6f 200 0.453 ms {
  "service": "poker-game-api"
}
2025-02-27 15:17:06 [[34MDEBUG[39M]: Request Details {
  "service": "poker-game-api",
  "method": "GET",
  "url": "/api/game/state/284b7242-b5bc-47f1-84c8-133564e8bc6f",
  "params": {},
  "query": {}
}
2025-02-27 15:17:06 [[34MDEBUG[39M]: Game state retrieved {
  "service": "poker-game-api",
  "gameId": "40a836d9-51df-40cc-a168-5c1cbedc5f72",
  "playerId": "284b7242-b5bc-47f1-84c8-133564e8bc6f",
  "gamePhase": "preflop",
  "isGameOver": false
}
2025-02-27 15:17:06 [[32MHTTP[39M]: GET /api/game/state/284b7242-b5bc-47f1-84c8-133564e8bc6f 200 0.365 ms {
  "service": "poker-game-api"
}
2025-02-27 15:17:08 [[34MDEBUG[39M]: Request Details {
  "service": "poker-game-api",
  "method": "GET",
  "url": "/api/game/state/284b7242-b5bc-47f1-84c8-133564e8bc6f",
  "params": {},
  "query": {}
}
2025-02-27 15:17:08 [[34MDEBUG[39M]: Game state retrieved {
  "service": "poker-game-api",
  "gameId": "40a836d9-51df-40cc-a168-5c1cbedc5f72",
  "playerId": "284b7242-b5bc-47f1-84c8-133564e8bc6f",
  "gamePhase": "preflop",
  "isGameOver": false
}
2025-02-27 15:17:08 [[32MHTTP[39M]: GET /api/game/state/284b7242-b5bc-47f1-84c8-133564e8bc6f 200 0.990 ms {
  "service": "poker-game-api"
}
2025-02-27 15:17:10 [[34MDEBUG[39M]: Request Details {
  "service": "poker-game-api",
  "method": "GET",
  "url": "/api/game/state/284b7242-b5bc-47f1-84c8-133564e8bc6f",
  "params": {},
  "query": {}
}
2025-02-27 15:17:10 [[34MDEBUG[39M]: Game state retrieved {
  "service": "poker-game-api",
  "gameId": "40a836d9-51df-40cc-a168-5c1cbedc5f72",
  "playerId": "284b7242-b5bc-47f1-84c8-133564e8bc6f",
  "gamePhase": "preflop",
  "isGameOver": false
}
2025-02-27 15:17:10 [[32MHTTP[39M]: GET /api/game/state/284b7242-b5bc-47f1-84c8-133564e8bc6f 200 0.991 ms {
  "service": "poker-game-api"
}
2025-02-27 15:17:12 [[34MDEBUG[39M]: Request Details {
  "service": "poker-game-api",
  "method": "GET",
  "url": "/api/game/state/284b7242-b5bc-47f1-84c8-133564e8bc6f",
  "params": {},
  "query": {}
}
2025-02-27 15:17:12 [[34MDEBUG[39M]: Game state retrieved {
  "service": "poker-game-api",
  "gameId": "40a836d9-51df-40cc-a168-5c1cbedc5f72",
  "playerId": "284b7242-b5bc-47f1-84c8-133564e8bc6f",
  "gamePhase": "preflop",
  "isGameOver": false
}
2025-02-27 15:17:12 [[32MHTTP[39M]: GET /api/game/state/284b7242-b5bc-47f1-84c8-133564e8bc6f 200 0.248 ms {
  "service": "poker-game-api"
}
2025-02-27 15:17:14 [[34MDEBUG[39M]: Request Details {
  "service": "poker-game-api",
  "method": "GET",
  "url": "/api/game/state/284b7242-b5bc-47f1-84c8-133564e8bc6f",
  "params": {},
  "query": {}
}
2025-02-27 15:17:14 [[34MDEBUG[39M]: Game state retrieved {
  "service": "poker-game-api",
  "gameId": "40a836d9-51df-40cc-a168-5c1cbedc5f72",
  "playerId": "284b7242-b5bc-47f1-84c8-133564e8bc6f",
  "gamePhase": "preflop",
  "isGameOver": false
}
2025-02-27 15:17:14 [[32MHTTP[39M]: GET /api/game/state/284b7242-b5bc-47f1-84c8-133564e8bc6f 200 0.962 ms {
  "service": "poker-game-api"
}
2025-02-27 15:17:16 [[34MDEBUG[39M]: Request Details {
  "service": "poker-game-api",
  "method": "GET",
  "url": "/api/game/state/284b7242-b5bc-47f1-84c8-133564e8bc6f",
  "params": {},
  "query": {}
}
2025-02-27 15:17:16 [[34MDEBUG[39M]: Game state retrieved {
  "service": "poker-game-api",
  "gameId": "40a836d9-51df-40cc-a168-5c1cbedc5f72",
  "playerId": "284b7242-b5bc-47f1-84c8-133564e8bc6f",
  "gamePhase": "preflop",
  "isGameOver": false
}
2025-02-27 15:17:16 [[32MHTTP[39M]: GET /api/game/state/284b7242-b5bc-47f1-84c8-133564e8bc6f 200 0.339 ms {
  "service": "poker-game-api"
}
2025-02-27 15:17:18 [[34MDEBUG[39M]: Request Details {
  "service": "poker-game-api",
  "method": "GET",
  "url": "/api/game/state/284b7242-b5bc-47f1-84c8-133564e8bc6f",
  "params": {},
  "query": {}
}
2025-02-27 15:17:18 [[34MDEBUG[39M]: Game state retrieved {
  "service": "poker-game-api",
  "gameId": "40a836d9-51df-40cc-a168-5c1cbedc5f72",
  "playerId": "284b7242-b5bc-47f1-84c8-133564e8bc6f",
  "gamePhase": "preflop",
  "isGameOver": false
}
2025-02-27 15:17:18 [[32MHTTP[39M]: GET /api/game/state/284b7242-b5bc-47f1-84c8-133564e8bc6f 200 0.441 ms {
  "service": "poker-game-api"
}
2025-02-27 15:17:20 [[34MDEBUG[39M]: Request Details {
  "service": "poker-game-api",
  "method": "GET",
  "url": "/api/game/state/284b7242-b5bc-47f1-84c8-133564e8bc6f",
  "params": {},
  "query": {}
}
2025-02-27 15:17:20 [[34MDEBUG[39M]: Game state retrieved {
  "service": "poker-game-api",
  "gameId": "40a836d9-51df-40cc-a168-5c1cbedc5f72",
  "playerId": "284b7242-b5bc-47f1-84c8-133564e8bc6f",
  "gamePhase": "preflop",
  "isGameOver": false
}
2025-02-27 15:17:20 [[32MHTTP[39M]: GET /api/game/state/284b7242-b5bc-47f1-84c8-133564e8bc6f 200 0.356 ms {
  "service": "poker-game-api"
}
2025-02-27 15:17:22 [[34MDEBUG[39M]: Request Details {
  "service": "poker-game-api",
  "method": "GET",
  "url": "/api/game/state/284b7242-b5bc-47f1-84c8-133564e8bc6f",
  "params": {},
  "query": {}
}
2025-02-27 15:17:22 [[34MDEBUG[39M]: Game state retrieved {
  "service": "poker-game-api",
  "gameId": "40a836d9-51df-40cc-a168-5c1cbedc5f72",
  "playerId": "284b7242-b5bc-47f1-84c8-133564e8bc6f",
  "gamePhase": "preflop",
  "isGameOver": false
}
2025-02-27 15:17:22 [[32MHTTP[39M]: GET /api/game/state/284b7242-b5bc-47f1-84c8-133564e8bc6f 200 0.655 ms {
  "service": "poker-game-api"
}
2025-02-27 15:17:24 [[34MDEBUG[39M]: Request Details {
  "service": "poker-game-api",
  "method": "GET",
  "url": "/api/game/state/284b7242-b5bc-47f1-84c8-133564e8bc6f",
  "params": {},
  "query": {}
}
2025-02-27 15:17:24 [[34MDEBUG[39M]: Game state retrieved {
  "service": "poker-game-api",
  "gameId": "40a836d9-51df-40cc-a168-5c1cbedc5f72",
  "playerId": "284b7242-b5bc-47f1-84c8-133564e8bc6f",
  "gamePhase": "preflop",
  "isGameOver": false
}
2025-02-27 15:17:24 [[32MHTTP[39M]: GET /api/game/state/284b7242-b5bc-47f1-84c8-133564e8bc6f 200 0.505 ms {
  "service": "poker-game-api"
}
2025-02-27 15:17:26 [[34MDEBUG[39M]: Request Details {
  "service": "poker-game-api",
  "method": "GET",
  "url": "/api/game/state/284b7242-b5bc-47f1-84c8-133564e8bc6f",
  "params": {},
  "query": {}
}
2025-02-27 15:17:26 [[34MDEBUG[39M]: Game state retrieved {
  "service": "poker-game-api",
  "gameId": "40a836d9-51df-40cc-a168-5c1cbedc5f72",
  "playerId": "284b7242-b5bc-47f1-84c8-133564e8bc6f",
  "gamePhase": "preflop",
  "isGameOver": false
}
2025-02-27 15:17:26 [[32MHTTP[39M]: GET /api/game/state/284b7242-b5bc-47f1-84c8-133564e8bc6f 200 0.605 ms {
  "service": "poker-game-api"
}
2025-02-27 15:17:28 [[34MDEBUG[39M]: Request Details {
  "service": "poker-game-api",
  "method": "GET",
  "url": "/api/game/state/284b7242-b5bc-47f1-84c8-133564e8bc6f",
  "params": {},
  "query": {}
}
2025-02-27 15:17:28 [[34MDEBUG[39M]: Game state retrieved {
  "service": "poker-game-api",
  "gameId": "40a836d9-51df-40cc-a168-5c1cbedc5f72",
  "playerId": "284b7242-b5bc-47f1-84c8-133564e8bc6f",
  "gamePhase": "preflop",
  "isGameOver": false
}
2025-02-27 15:17:28 [[32MHTTP[39M]: GET /api/game/state/284b7242-b5bc-47f1-84c8-133564e8bc6f 200 1.136 ms {
  "service": "poker-game-api"
}
2025-02-27 15:17:30 [[34MDEBUG[39M]: Request Details {
  "service": "poker-game-api",
  "method": "GET",
  "url": "/api/game/state/284b7242-b5bc-47f1-84c8-133564e8bc6f",
  "params": {},
  "query": {}
}
2025-02-27 15:17:30 [[34MDEBUG[39M]: Game state retrieved {
  "service": "poker-game-api",
  "gameId": "40a836d9-51df-40cc-a168-5c1cbedc5f72",
  "playerId": "284b7242-b5bc-47f1-84c8-133564e8bc6f",
  "gamePhase": "preflop",
  "isGameOver": false
}
2025-02-27 15:17:30 [[32MHTTP[39M]: GET /api/game/state/284b7242-b5bc-47f1-84c8-133564e8bc6f 200 0.379 ms {
  "service": "poker-game-api"
}
2025-02-27 15:17:32 [[34MDEBUG[39M]: Request Details {
  "service": "poker-game-api",
  "method": "GET",
  "url": "/api/game/state/284b7242-b5bc-47f1-84c8-133564e8bc6f",
  "params": {},
  "query": {}
}
2025-02-27 15:17:32 [[34MDEBUG[39M]: Game state retrieved {
  "service": "poker-game-api",
  "gameId": "40a836d9-51df-40cc-a168-5c1cbedc5f72",
  "playerId": "284b7242-b5bc-47f1-84c8-133564e8bc6f",
  "gamePhase": "preflop",
  "isGameOver": false
}
2025-02-27 15:17:32 [[32MHTTP[39M]: GET /api/game/state/284b7242-b5bc-47f1-84c8-133564e8bc6f 200 0.642 ms {
  "service": "poker-game-api"
}
2025-02-27 15:17:34 [[34MDEBUG[39M]: Request Details {
  "service": "poker-game-api",
  "method": "GET",
  "url": "/api/game/state/284b7242-b5bc-47f1-84c8-133564e8bc6f",
  "params": {},
  "query": {}
}
2025-02-27 15:17:34 [[34MDEBUG[39M]: Game state retrieved {
  "service": "poker-game-api",
  "gameId": "40a836d9-51df-40cc-a168-5c1cbedc5f72",
  "playerId": "284b7242-b5bc-47f1-84c8-133564e8bc6f",
  "gamePhase": "preflop",
  "isGameOver": false
}
2025-02-27 15:17:34 [[32MHTTP[39M]: GET /api/game/state/284b7242-b5bc-47f1-84c8-133564e8bc6f 200 0.600 ms {
  "service": "poker-game-api"
}
2025-02-27 15:17:36 [[34MDEBUG[39M]: Request Details {
  "service": "poker-game-api",
  "method": "GET",
  "url": "/api/game/state/284b7242-b5bc-47f1-84c8-133564e8bc6f",
  "params": {},
  "query": {}
}
2025-02-27 15:17:36 [[34MDEBUG[39M]: Game state retrieved {
  "service": "poker-game-api",
  "gameId": "40a836d9-51df-40cc-a168-5c1cbedc5f72",
  "playerId": "284b7242-b5bc-47f1-84c8-133564e8bc6f",
  "gamePhase": "preflop",
  "isGameOver": false
}
2025-02-27 15:17:36 [[32MHTTP[39M]: GET /api/game/state/284b7242-b5bc-47f1-84c8-133564e8bc6f 200 0.607 ms {
  "service": "poker-game-api"
}
2025-02-27 15:17:38 [[34MDEBUG[39M]: Request Details {
  "service": "poker-game-api",
  "method": "GET",
  "url": "/api/game/state/284b7242-b5bc-47f1-84c8-133564e8bc6f",
  "params": {},
  "query": {}
}
2025-02-27 15:17:38 [[34MDEBUG[39M]: Game state retrieved {
  "service": "poker-game-api",
  "gameId": "40a836d9-51df-40cc-a168-5c1cbedc5f72",
  "playerId": "284b7242-b5bc-47f1-84c8-133564e8bc6f",
  "gamePhase": "preflop",
  "isGameOver": false
}
2025-02-27 15:17:38 [[32MHTTP[39M]: GET /api/game/state/284b7242-b5bc-47f1-84c8-133564e8bc6f 200 0.589 ms {
  "service": "poker-game-api"
}
2025-02-27 15:17:40 [[34MDEBUG[39M]: Request Details {
  "service": "poker-game-api",
  "method": "GET",
  "url": "/api/game/state/284b7242-b5bc-47f1-84c8-133564e8bc6f",
  "params": {},
  "query": {}
}
2025-02-27 15:17:40 [[34MDEBUG[39M]: Game state retrieved {
  "service": "poker-game-api",
  "gameId": "40a836d9-51df-40cc-a168-5c1cbedc5f72",
  "playerId": "284b7242-b5bc-47f1-84c8-133564e8bc6f",
  "gamePhase": "preflop",
  "isGameOver": false
}
2025-02-27 15:17:40 [[32MHTTP[39M]: GET /api/game/state/284b7242-b5bc-47f1-84c8-133564e8bc6f 200 0.939 ms {
  "service": "poker-game-api"
}
2025-02-27 15:17:42 [[34MDEBUG[39M]: Request Details {
  "service": "poker-game-api",
  "method": "GET",
  "url": "/api/game/state/284b7242-b5bc-47f1-84c8-133564e8bc6f",
  "params": {},
  "query": {}
}
2025-02-27 15:17:42 [[34MDEBUG[39M]: Game state retrieved {
  "service": "poker-game-api",
  "gameId": "40a836d9-51df-40cc-a168-5c1cbedc5f72",
  "playerId": "284b7242-b5bc-47f1-84c8-133564e8bc6f",
  "gamePhase": "preflop",
  "isGameOver": false
}
2025-02-27 15:17:42 [[32MHTTP[39M]: GET /api/game/state/284b7242-b5bc-47f1-84c8-133564e8bc6f 200 1.888 ms {
  "service": "poker-game-api"
}
2025-02-27 15:17:44 [[34MDEBUG[39M]: Request Details {
  "service": "poker-game-api",
  "method": "GET",
  "url": "/api/game/state/284b7242-b5bc-47f1-84c8-133564e8bc6f",
  "params": {},
  "query": {}
}
2025-02-27 15:17:44 [[34MDEBUG[39M]: Game state retrieved {
  "service": "poker-game-api",
  "gameId": "40a836d9-51df-40cc-a168-5c1cbedc5f72",
  "playerId": "284b7242-b5bc-47f1-84c8-133564e8bc6f",
  "gamePhase": "preflop",
  "isGameOver": false
}
2025-02-27 15:17:44 [[32MHTTP[39M]: GET /api/game/state/284b7242-b5bc-47f1-84c8-133564e8bc6f 200 0.711 ms {
  "service": "poker-game-api"
}
2025-02-27 15:17:46 [[34MDEBUG[39M]: Request Details {
  "service": "poker-game-api",
  "method": "GET",
  "url": "/api/game/state/284b7242-b5bc-47f1-84c8-133564e8bc6f",
  "params": {},
  "query": {}
}
2025-02-27 15:17:46 [[34MDEBUG[39M]: Game state retrieved {
  "service": "poker-game-api",
  "gameId": "40a836d9-51df-40cc-a168-5c1cbedc5f72",
  "playerId": "284b7242-b5bc-47f1-84c8-133564e8bc6f",
  "gamePhase": "preflop",
  "isGameOver": false
}
2025-02-27 15:17:46 [[32MHTTP[39M]: GET /api/game/state/284b7242-b5bc-47f1-84c8-133564e8bc6f 200 0.652 ms {
  "service": "poker-game-api"
}
2025-02-27 15:17:48 [[34MDEBUG[39M]: Request Details {
  "service": "poker-game-api",
  "method": "GET",
  "url": "/api/game/state/284b7242-b5bc-47f1-84c8-133564e8bc6f",
  "params": {},
  "query": {}
}
2025-02-27 15:17:48 [[34MDEBUG[39M]: Game state retrieved {
  "service": "poker-game-api",
  "gameId": "40a836d9-51df-40cc-a168-5c1cbedc5f72",
  "playerId": "284b7242-b5bc-47f1-84c8-133564e8bc6f",
  "gamePhase": "preflop",
  "isGameOver": false
}
2025-02-27 15:17:48 [[32MHTTP[39M]: GET /api/game/state/284b7242-b5bc-47f1-84c8-133564e8bc6f 200 0.641 ms {
  "service": "poker-game-api"
}
2025-02-27 15:17:50 [[34MDEBUG[39M]: Request Details {
  "service": "poker-game-api",
  "method": "GET",
  "url": "/api/game/state/284b7242-b5bc-47f1-84c8-133564e8bc6f",
  "params": {},
  "query": {}
}
2025-02-27 15:17:50 [[34MDEBUG[39M]: Game state retrieved {
  "service": "poker-game-api",
  "gameId": "40a836d9-51df-40cc-a168-5c1cbedc5f72",
  "playerId": "284b7242-b5bc-47f1-84c8-133564e8bc6f",
  "gamePhase": "preflop",
  "isGameOver": false
}
2025-02-27 15:17:50 [[32MHTTP[39M]: GET /api/game/state/284b7242-b5bc-47f1-84c8-133564e8bc6f 200 0.925 ms {
  "service": "poker-game-api"
}
2025-02-27 15:17:52 [[34MDEBUG[39M]: Request Details {
  "service": "poker-game-api",
  "method": "GET",
  "url": "/api/game/state/284b7242-b5bc-47f1-84c8-133564e8bc6f",
  "params": {},
  "query": {}
}
2025-02-27 15:17:52 [[34MDEBUG[39M]: Game state retrieved {
  "service": "poker-game-api",
  "gameId": "40a836d9-51df-40cc-a168-5c1cbedc5f72",
  "playerId": "284b7242-b5bc-47f1-84c8-133564e8bc6f",
  "gamePhase": "preflop",
  "isGameOver": false
}
2025-02-27 15:17:52 [[32MHTTP[39M]: GET /api/game/state/284b7242-b5bc-47f1-84c8-133564e8bc6f 200 0.687 ms {
  "service": "poker-game-api"
}
2025-02-27 15:17:54 [[34MDEBUG[39M]: Request Details {
  "service": "poker-game-api",
  "method": "GET",
  "url": "/api/game/state/284b7242-b5bc-47f1-84c8-133564e8bc6f",
  "params": {},
  "query": {}
}
2025-02-27 15:17:54 [[34MDEBUG[39M]: Game state retrieved {
  "service": "poker-game-api",
  "gameId": "40a836d9-51df-40cc-a168-5c1cbedc5f72",
  "playerId": "284b7242-b5bc-47f1-84c8-133564e8bc6f",
  "gamePhase": "preflop",
  "isGameOver": false
}
2025-02-27 15:17:54 [[32MHTTP[39M]: GET /api/game/state/284b7242-b5bc-47f1-84c8-133564e8bc6f 200 0.684 ms {
  "service": "poker-game-api"
}
2025-02-27 15:17:56 [[34MDEBUG[39M]: Request Details {
  "service": "poker-game-api",
  "method": "GET",
  "url": "/api/game/state/284b7242-b5bc-47f1-84c8-133564e8bc6f",
  "params": {},
  "query": {}
}
2025-02-27 15:17:56 [[34MDEBUG[39M]: Game state retrieved {
  "service": "poker-game-api",
  "gameId": "40a836d9-51df-40cc-a168-5c1cbedc5f72",
  "playerId": "284b7242-b5bc-47f1-84c8-133564e8bc6f",
  "gamePhase": "preflop",
  "isGameOver": false
}
2025-02-27 15:17:56 [[32MHTTP[39M]: GET /api/game/state/284b7242-b5bc-47f1-84c8-133564e8bc6f 200 0.735 ms {
  "service": "poker-game-api"
}
2025-02-27 15:17:58 [[34MDEBUG[39M]: Request Details {
  "service": "poker-game-api",
  "method": "GET",
  "url": "/api/game/state/284b7242-b5bc-47f1-84c8-133564e8bc6f",
  "params": {},
  "query": {}
}
2025-02-27 15:17:58 [[34MDEBUG[39M]: Game state retrieved {
  "service": "poker-game-api",
  "gameId": "40a836d9-51df-40cc-a168-5c1cbedc5f72",
  "playerId": "284b7242-b5bc-47f1-84c8-133564e8bc6f",
  "gamePhase": "preflop",
  "isGameOver": false
}
2025-02-27 15:17:58 [[32MHTTP[39M]: GET /api/game/state/284b7242-b5bc-47f1-84c8-133564e8bc6f 200 0.640 ms {
  "service": "poker-game-api"
}
2025-02-27 15:18:00 [[34MDEBUG[39M]: Request Details {
  "service": "poker-game-api",
  "method": "GET",
  "url": "/api/game/state/284b7242-b5bc-47f1-84c8-133564e8bc6f",
  "params": {},
  "query": {}
}
2025-02-27 15:18:00 [[34MDEBUG[39M]: Game state retrieved {
  "service": "poker-game-api",
  "gameId": "40a836d9-51df-40cc-a168-5c1cbedc5f72",
  "playerId": "284b7242-b5bc-47f1-84c8-133564e8bc6f",
  "gamePhase": "preflop",
  "isGameOver": false
}
2025-02-27 15:18:00 [[32MHTTP[39M]: GET /api/game/state/284b7242-b5bc-47f1-84c8-133564e8bc6f 200 0.620 ms {
  "service": "poker-game-api"
}
2025-02-27 15:18:02 [[34MDEBUG[39M]: Request Details {
  "service": "poker-game-api",
  "method": "GET",
  "url": "/api/game/state/284b7242-b5bc-47f1-84c8-133564e8bc6f",
  "params": {},
  "query": {}
}
2025-02-27 15:18:02 [[34MDEBUG[39M]: Game state retrieved {
  "service": "poker-game-api",
  "gameId": "40a836d9-51df-40cc-a168-5c1cbedc5f72",
  "playerId": "284b7242-b5bc-47f1-84c8-133564e8bc6f",
  "gamePhase": "preflop",
  "isGameOver": false
}
2025-02-27 15:18:02 [[32MHTTP[39M]: GET /api/game/state/284b7242-b5bc-47f1-84c8-133564e8bc6f 200 0.629 ms {
  "service": "poker-game-api"
}
2025-02-27 15:18:04 [[34MDEBUG[39M]: Request Details {
  "service": "poker-game-api",
  "method": "GET",
  "url": "/api/game/state/284b7242-b5bc-47f1-84c8-133564e8bc6f",
  "params": {},
  "query": {}
}
2025-02-27 15:18:04 [[34MDEBUG[39M]: Game state retrieved {
  "service": "poker-game-api",
  "gameId": "40a836d9-51df-40cc-a168-5c1cbedc5f72",
  "playerId": "284b7242-b5bc-47f1-84c8-133564e8bc6f",
  "gamePhase": "preflop",
  "isGameOver": false
}
2025-02-27 15:18:04 [[32MHTTP[39M]: GET /api/game/state/284b7242-b5bc-47f1-84c8-133564e8bc6f 200 0.698 ms {
  "service": "poker-game-api"
}
2025-02-27 15:18:06 [[34MDEBUG[39M]: Request Details {
  "service": "poker-game-api",
  "method": "GET",
  "url": "/api/game/state/284b7242-b5bc-47f1-84c8-133564e8bc6f",
  "params": {},
  "query": {}
}
2025-02-27 15:18:06 [[34MDEBUG[39M]: Game state retrieved {
  "service": "poker-game-api",
  "gameId": "40a836d9-51df-40cc-a168-5c1cbedc5f72",
  "playerId": "284b7242-b5bc-47f1-84c8-133564e8bc6f",
  "gamePhase": "preflop",
  "isGameOver": false
}
2025-02-27 15:18:06 [[32MHTTP[39M]: GET /api/game/state/284b7242-b5bc-47f1-84c8-133564e8bc6f 200 0.567 ms {
  "service": "poker-game-api"
}
2025-02-27 15:18:08 [[34MDEBUG[39M]: Request Details {
  "service": "poker-game-api",
  "method": "GET",
  "url": "/api/game/state/284b7242-b5bc-47f1-84c8-133564e8bc6f",
  "params": {},
  "query": {}
}
2025-02-27 15:18:08 [[34MDEBUG[39M]: Game state retrieved {
  "service": "poker-game-api",
  "gameId": "40a836d9-51df-40cc-a168-5c1cbedc5f72",
  "playerId": "284b7242-b5bc-47f1-84c8-133564e8bc6f",
  "gamePhase": "preflop",
  "isGameOver": false
}
2025-02-27 15:18:08 [[32MHTTP[39M]: GET /api/game/state/284b7242-b5bc-47f1-84c8-133564e8bc6f 200 1.008 ms {
  "service": "poker-game-api"
}
2025-02-27 15:18:10 [[34MDEBUG[39M]: Request Details {
  "service": "poker-game-api",
  "method": "GET",
  "url": "/api/game/state/284b7242-b5bc-47f1-84c8-133564e8bc6f",
  "params": {},
  "query": {}
}
2025-02-27 15:18:10 [[34MDEBUG[39M]: Game state retrieved {
  "service": "poker-game-api",
  "gameId": "40a836d9-51df-40cc-a168-5c1cbedc5f72",
  "playerId": "284b7242-b5bc-47f1-84c8-133564e8bc6f",
  "gamePhase": "preflop",
  "isGameOver": false
}
2025-02-27 15:18:10 [[32MHTTP[39M]: GET /api/game/state/284b7242-b5bc-47f1-84c8-133564e8bc6f 200 0.626 ms {
  "service": "poker-game-api"
}
2025-02-27 15:18:12 [[34MDEBUG[39M]: Request Details {
  "service": "poker-game-api",
  "method": "GET",
  "url": "/api/game/state/284b7242-b5bc-47f1-84c8-133564e8bc6f",
  "params": {},
  "query": {}
}
2025-02-27 15:18:12 [[34MDEBUG[39M]: Game state retrieved {
  "service": "poker-game-api",
  "gameId": "40a836d9-51df-40cc-a168-5c1cbedc5f72",
  "playerId": "284b7242-b5bc-47f1-84c8-133564e8bc6f",
  "gamePhase": "preflop",
  "isGameOver": false
}
2025-02-27 15:18:12 [[32MHTTP[39M]: GET /api/game/state/284b7242-b5bc-47f1-84c8-133564e8bc6f 200 0.653 ms {
  "service": "poker-game-api"
}
2025-02-27 15:18:14 [[34MDEBUG[39M]: Request Details {
  "service": "poker-game-api",
  "method": "GET",
  "url": "/api/game/state/284b7242-b5bc-47f1-84c8-133564e8bc6f",
  "params": {},
  "query": {}
}
2025-02-27 15:18:14 [[34MDEBUG[39M]: Game state retrieved {
  "service": "poker-game-api",
  "gameId": "40a836d9-51df-40cc-a168-5c1cbedc5f72",
  "playerId": "284b7242-b5bc-47f1-84c8-133564e8bc6f",
  "gamePhase": "preflop",
  "isGameOver": false
}
2025-02-27 15:18:14 [[32MHTTP[39M]: GET /api/game/state/284b7242-b5bc-47f1-84c8-133564e8bc6f 200 0.642 ms {
  "service": "poker-game-api"
}
2025-02-27 15:18:16 [[34MDEBUG[39M]: Request Details {
  "service": "poker-game-api",
  "method": "GET",
  "url": "/api/game/state/284b7242-b5bc-47f1-84c8-133564e8bc6f",
  "params": {},
  "query": {}
}
2025-02-27 15:18:16 [[34MDEBUG[39M]: Game state retrieved {
  "service": "poker-game-api",
  "gameId": "40a836d9-51df-40cc-a168-5c1cbedc5f72",
  "playerId": "284b7242-b5bc-47f1-84c8-133564e8bc6f",
  "gamePhase": "preflop",
  "isGameOver": false
}
2025-02-27 15:18:16 [[32MHTTP[39M]: GET /api/game/state/284b7242-b5bc-47f1-84c8-133564e8bc6f 200 0.368 ms {
  "service": "poker-game-api"
}
2025-02-27 15:18:18 [[34MDEBUG[39M]: Request Details {
  "service": "poker-game-api",
  "method": "GET",
  "url": "/api/game/state/284b7242-b5bc-47f1-84c8-133564e8bc6f",
  "params": {},
  "query": {}
}
2025-02-27 15:18:18 [[34MDEBUG[39M]: Game state retrieved {
  "service": "poker-game-api",
  "gameId": "40a836d9-51df-40cc-a168-5c1cbedc5f72",
  "playerId": "284b7242-b5bc-47f1-84c8-133564e8bc6f",
  "gamePhase": "preflop",
  "isGameOver": false
}
2025-02-27 15:18:18 [[32MHTTP[39M]: GET /api/game/state/284b7242-b5bc-47f1-84c8-133564e8bc6f 200 1.042 ms {
  "service": "poker-game-api"
}
2025-02-27 15:18:20 [[34MDEBUG[39M]: Request Details {
  "service": "poker-game-api",
  "method": "GET",
  "url": "/api/game/state/284b7242-b5bc-47f1-84c8-133564e8bc6f",
  "params": {},
  "query": {}
}
2025-02-27 15:18:20 [[34MDEBUG[39M]: Game state retrieved {
  "service": "poker-game-api",
  "gameId": "40a836d9-51df-40cc-a168-5c1cbedc5f72",
  "playerId": "284b7242-b5bc-47f1-84c8-133564e8bc6f",
  "gamePhase": "preflop",
  "isGameOver": false
}
2025-02-27 15:18:20 [[32MHTTP[39M]: GET /api/game/state/284b7242-b5bc-47f1-84c8-133564e8bc6f 200 0.656 ms {
  "service": "poker-game-api"
}
2025-02-27 15:18:22 [[34MDEBUG[39M]: Request Details {
  "service": "poker-game-api",
  "method": "GET",
  "url": "/api/game/state/284b7242-b5bc-47f1-84c8-133564e8bc6f",
  "params": {},
  "query": {}
}
2025-02-27 15:18:22 [[34MDEBUG[39M]: Game state retrieved {
  "service": "poker-game-api",
  "gameId": "40a836d9-51df-40cc-a168-5c1cbedc5f72",
  "playerId": "284b7242-b5bc-47f1-84c8-133564e8bc6f",
  "gamePhase": "preflop",
  "isGameOver": false
}
2025-02-27 15:18:22 [[32MHTTP[39M]: GET /api/game/state/284b7242-b5bc-47f1-84c8-133564e8bc6f 200 0.756 ms {
  "service": "poker-game-api"
}
2025-02-27 15:18:24 [[34MDEBUG[39M]: Request Details {
  "service": "poker-game-api",
  "method": "GET",
  "url": "/api/game/state/284b7242-b5bc-47f1-84c8-133564e8bc6f",
  "params": {},
  "query": {}
}
2025-02-27 15:18:24 [[34MDEBUG[39M]: Game state retrieved {
  "service": "poker-game-api",
  "gameId": "40a836d9-51df-40cc-a168-5c1cbedc5f72",
  "playerId": "284b7242-b5bc-47f1-84c8-133564e8bc6f",
  "gamePhase": "preflop",
  "isGameOver": false
}
2025-02-27 15:18:24 [[32MHTTP[39M]: GET /api/game/state/284b7242-b5bc-47f1-84c8-133564e8bc6f 200 0.781 ms {
  "service": "poker-game-api"
}
2025-02-27 15:18:26 [[34MDEBUG[39M]: Request Details {
  "service": "poker-game-api",
  "method": "GET",
  "url": "/api/game/state/284b7242-b5bc-47f1-84c8-133564e8bc6f",
  "params": {},
  "query": {}
}
2025-02-27 15:18:26 [[34MDEBUG[39M]: Game state retrieved {
  "service": "poker-game-api",
  "gameId": "40a836d9-51df-40cc-a168-5c1cbedc5f72",
  "playerId": "284b7242-b5bc-47f1-84c8-133564e8bc6f",
  "gamePhase": "preflop",
  "isGameOver": false
}
2025-02-27 15:18:26 [[32MHTTP[39M]: GET /api/game/state/284b7242-b5bc-47f1-84c8-133564e8bc6f 200 0.687 ms {
  "service": "poker-game-api"
}
2025-02-27 15:18:28 [[34MDEBUG[39M]: Request Details {
  "service": "poker-game-api",
  "method": "GET",
  "url": "/api/game/state/284b7242-b5bc-47f1-84c8-133564e8bc6f",
  "params": {},
  "query": {}
}
2025-02-27 15:18:28 [[34MDEBUG[39M]: Game state retrieved {
  "service": "poker-game-api",
  "gameId": "40a836d9-51df-40cc-a168-5c1cbedc5f72",
  "playerId": "284b7242-b5bc-47f1-84c8-133564e8bc6f",
  "gamePhase": "preflop",
  "isGameOver": false
}
2025-02-27 15:18:28 [[32MHTTP[39M]: GET /api/game/state/284b7242-b5bc-47f1-84c8-133564e8bc6f 200 0.595 ms {
  "service": "poker-game-api"
}
2025-02-27 15:18:30 [[34MDEBUG[39M]: Request Details {
  "service": "poker-game-api",
  "method": "GET",
  "url": "/api/game/state/284b7242-b5bc-47f1-84c8-133564e8bc6f",
  "params": {},
  "query": {}
}
2025-02-27 15:18:30 [[34MDEBUG[39M]: Game state retrieved {
  "service": "poker-game-api",
  "gameId": "40a836d9-51df-40cc-a168-5c1cbedc5f72",
  "playerId": "284b7242-b5bc-47f1-84c8-133564e8bc6f",
  "gamePhase": "preflop",
  "isGameOver": false
}
2025-02-27 15:18:30 [[32MHTTP[39M]: GET /api/game/state/284b7242-b5bc-47f1-84c8-133564e8bc6f 200 0.646 ms {
  "service": "poker-game-api"
}
2025-02-27 15:18:32 [[34MDEBUG[39M]: Request Details {
  "service": "poker-game-api",
  "method": "GET",
  "url": "/api/game/state/284b7242-b5bc-47f1-84c8-133564e8bc6f",
  "params": {},
  "query": {}
}
2025-02-27 15:18:32 [[34MDEBUG[39M]: Game state retrieved {
  "service": "poker-game-api",
  "gameId": "40a836d9-51df-40cc-a168-5c1cbedc5f72",
  "playerId": "284b7242-b5bc-47f1-84c8-133564e8bc6f",
  "gamePhase": "preflop",
  "isGameOver": false
}
2025-02-27 15:18:32 [[32MHTTP[39M]: GET /api/game/state/284b7242-b5bc-47f1-84c8-133564e8bc6f 200 0.600 ms {
  "service": "poker-game-api"
}
2025-02-27 15:18:34 [[34MDEBUG[39M]: Request Details {
  "service": "poker-game-api",
  "method": "GET",
  "url": "/api/game/state/284b7242-b5bc-47f1-84c8-133564e8bc6f",
  "params": {},
  "query": {}
}
2025-02-27 15:18:34 [[34MDEBUG[39M]: Game state retrieved {
  "service": "poker-game-api",
  "gameId": "40a836d9-51df-40cc-a168-5c1cbedc5f72",
  "playerId": "284b7242-b5bc-47f1-84c8-133564e8bc6f",
  "gamePhase": "preflop",
  "isGameOver": false
}
2025-02-27 15:18:34 [[32MHTTP[39M]: GET /api/game/state/284b7242-b5bc-47f1-84c8-133564e8bc6f 200 0.628 ms {
  "service": "poker-game-api"
}
2025-02-27 15:18:36 [[34MDEBUG[39M]: Request Details {
  "service": "poker-game-api",
  "method": "GET",
  "url": "/api/game/state/284b7242-b5bc-47f1-84c8-133564e8bc6f",
  "params": {},
  "query": {}
}
2025-02-27 15:18:36 [[34MDEBUG[39M]: Game state retrieved {
  "service": "poker-game-api",
  "gameId": "40a836d9-51df-40cc-a168-5c1cbedc5f72",
  "playerId": "284b7242-b5bc-47f1-84c8-133564e8bc6f",
  "gamePhase": "preflop",
  "isGameOver": false
}
2025-02-27 15:18:36 [[32MHTTP[39M]: GET /api/game/state/284b7242-b5bc-47f1-84c8-133564e8bc6f 200 0.641 ms {
  "service": "poker-game-api"
}
2025-02-27 15:18:38 [[34MDEBUG[39M]: Request Details {
  "service": "poker-game-api",
  "method": "GET",
  "url": "/api/game/state/284b7242-b5bc-47f1-84c8-133564e8bc6f",
  "params": {},
  "query": {}
}
2025-02-27 15:18:38 [[34MDEBUG[39M]: Game state retrieved {
  "service": "poker-game-api",
  "gameId": "40a836d9-51df-40cc-a168-5c1cbedc5f72",
  "playerId": "284b7242-b5bc-47f1-84c8-133564e8bc6f",
  "gamePhase": "preflop",
  "isGameOver": false
}
2025-02-27 15:18:38 [[32MHTTP[39M]: GET /api/game/state/284b7242-b5bc-47f1-84c8-133564e8bc6f 200 0.679 ms {
  "service": "poker-game-api"
}
2025-02-27 15:18:40 [[34MDEBUG[39M]: Request Details {
  "service": "poker-game-api",
  "method": "GET",
  "url": "/api/game/state/284b7242-b5bc-47f1-84c8-133564e8bc6f",
  "params": {},
  "query": {}
}
2025-02-27 15:18:40 [[34MDEBUG[39M]: Game state retrieved {
  "service": "poker-game-api",
  "gameId": "40a836d9-51df-40cc-a168-5c1cbedc5f72",
  "playerId": "284b7242-b5bc-47f1-84c8-133564e8bc6f",
  "gamePhase": "preflop",
  "isGameOver": false
}
2025-02-27 15:18:40 [[32MHTTP[39M]: GET /api/game/state/284b7242-b5bc-47f1-84c8-133564e8bc6f 200 0.599 ms {
  "service": "poker-game-api"
}
2025-02-27 15:18:42 [[34MDEBUG[39M]: Request Details {
  "service": "poker-game-api",
  "method": "GET",
  "url": "/api/game/state/284b7242-b5bc-47f1-84c8-133564e8bc6f",
  "params": {},
  "query": {}
}
2025-02-27 15:18:42 [[34MDEBUG[39M]: Game state retrieved {
  "service": "poker-game-api",
  "gameId": "40a836d9-51df-40cc-a168-5c1cbedc5f72",
  "playerId": "284b7242-b5bc-47f1-84c8-133564e8bc6f",
  "gamePhase": "preflop",
  "isGameOver": false
}
2025-02-27 15:18:42 [[32MHTTP[39M]: GET /api/game/state/284b7242-b5bc-47f1-84c8-133564e8bc6f 200 0.603 ms {
  "service": "poker-game-api"
}
2025-02-27 15:18:44 [[34MDEBUG[39M]: Request Details {
  "service": "poker-game-api",
  "method": "GET",
  "url": "/api/game/state/284b7242-b5bc-47f1-84c8-133564e8bc6f",
  "params": {},
  "query": {}
}
2025-02-27 15:18:44 [[34MDEBUG[39M]: Game state retrieved {
  "service": "poker-game-api",
  "gameId": "40a836d9-51df-40cc-a168-5c1cbedc5f72",
  "playerId": "284b7242-b5bc-47f1-84c8-133564e8bc6f",
  "gamePhase": "preflop",
  "isGameOver": false
}
2025-02-27 15:18:44 [[32MHTTP[39M]: GET /api/game/state/284b7242-b5bc-47f1-84c8-133564e8bc6f 200 0.239 ms {
  "service": "poker-game-api"
}
2025-02-27 15:18:46 [[34MDEBUG[39M]: Request Details {
  "service": "poker-game-api",
  "method": "GET",
  "url": "/api/game/state/284b7242-b5bc-47f1-84c8-133564e8bc6f",
  "params": {},
  "query": {}
}
2025-02-27 15:18:46 [[34MDEBUG[39M]: Game state retrieved {
  "service": "poker-game-api",
  "gameId": "40a836d9-51df-40cc-a168-5c1cbedc5f72",
  "playerId": "284b7242-b5bc-47f1-84c8-133564e8bc6f",
  "gamePhase": "preflop",
  "isGameOver": false
}
2025-02-27 15:18:46 [[32MHTTP[39M]: GET /api/game/state/284b7242-b5bc-47f1-84c8-133564e8bc6f 200 0.610 ms {
  "service": "poker-game-api"
}
2025-02-27 15:18:48 [[34MDEBUG[39M]: Request Details {
  "service": "poker-game-api",
  "method": "GET",
  "url": "/api/game/state/284b7242-b5bc-47f1-84c8-133564e8bc6f",
  "params": {},
  "query": {}
}
2025-02-27 15:18:48 [[34MDEBUG[39M]: Game state retrieved {
  "service": "poker-game-api",
  "gameId": "40a836d9-51df-40cc-a168-5c1cbedc5f72",
  "playerId": "284b7242-b5bc-47f1-84c8-133564e8bc6f",
  "gamePhase": "preflop",
  "isGameOver": false
}
2025-02-27 15:18:48 [[32MHTTP[39M]: GET /api/game/state/284b7242-b5bc-47f1-84c8-133564e8bc6f 200 0.541 ms {
  "service": "poker-game-api"
}
2025-02-27 15:18:50 [[34MDEBUG[39M]: Request Details {
  "service": "poker-game-api",
  "method": "GET",
  "url": "/api/game/state/284b7242-b5bc-47f1-84c8-133564e8bc6f",
  "params": {},
  "query": {}
}
2025-02-27 15:18:50 [[34MDEBUG[39M]: Game state retrieved {
  "service": "poker-game-api",
  "gameId": "40a836d9-51df-40cc-a168-5c1cbedc5f72",
  "playerId": "284b7242-b5bc-47f1-84c8-133564e8bc6f",
  "gamePhase": "preflop",
  "isGameOver": false
}
2025-02-27 15:18:50 [[32MHTTP[39M]: GET /api/game/state/284b7242-b5bc-47f1-84c8-133564e8bc6f 200 1.018 ms {
  "service": "poker-game-api"
}
2025-02-27 15:18:52 [[34MDEBUG[39M]: Request Details {
  "service": "poker-game-api",
  "method": "GET",
  "url": "/api/game/state/284b7242-b5bc-47f1-84c8-133564e8bc6f",
  "params": {},
  "query": {}
}
2025-02-27 15:18:52 [[34MDEBUG[39M]: Game state retrieved {
  "service": "poker-game-api",
  "gameId": "40a836d9-51df-40cc-a168-5c1cbedc5f72",
  "playerId": "284b7242-b5bc-47f1-84c8-133564e8bc6f",
  "gamePhase": "preflop",
  "isGameOver": false
}
2025-02-27 15:18:52 [[32MHTTP[39M]: GET /api/game/state/284b7242-b5bc-47f1-84c8-133564e8bc6f 200 0.799 ms {
  "service": "poker-game-api"
}
2025-02-27 15:18:54 [[34MDEBUG[39M]: Request Details {
  "service": "poker-game-api",
  "method": "GET",
  "url": "/api/game/state/284b7242-b5bc-47f1-84c8-133564e8bc6f",
  "params": {},
  "query": {}
}
2025-02-27 15:18:54 [[34MDEBUG[39M]: Game state retrieved {
  "service": "poker-game-api",
  "gameId": "40a836d9-51df-40cc-a168-5c1cbedc5f72",
  "playerId": "284b7242-b5bc-47f1-84c8-133564e8bc6f",
  "gamePhase": "preflop",
  "isGameOver": false
}
2025-02-27 15:18:54 [[32MHTTP[39M]: GET /api/game/state/284b7242-b5bc-47f1-84c8-133564e8bc6f 200 0.777 ms {
  "service": "poker-game-api"
}
2025-02-27 15:18:56 [[34MDEBUG[39M]: Request Details {
  "service": "poker-game-api",
  "method": "GET",
  "url": "/api/game/state/284b7242-b5bc-47f1-84c8-133564e8bc6f",
  "params": {},
  "query": {}
}
2025-02-27 15:18:56 [[34MDEBUG[39M]: Game state retrieved {
  "service": "poker-game-api",
  "gameId": "40a836d9-51df-40cc-a168-5c1cbedc5f72",
  "playerId": "284b7242-b5bc-47f1-84c8-133564e8bc6f",
  "gamePhase": "preflop",
  "isGameOver": false
}
2025-02-27 15:18:56 [[32MHTTP[39M]: GET /api/game/state/284b7242-b5bc-47f1-84c8-133564e8bc6f 200 1.294 ms {
  "service": "poker-game-api"
}
2025-02-27 15:18:58 [[34MDEBUG[39M]: Request Details {
  "service": "poker-game-api",
  "method": "GET",
  "url": "/api/game/state/284b7242-b5bc-47f1-84c8-133564e8bc6f",
  "params": {},
  "query": {}
}
2025-02-27 15:18:58 [[34MDEBUG[39M]: Game state retrieved {
  "service": "poker-game-api",
  "gameId": "40a836d9-51df-40cc-a168-5c1cbedc5f72",
  "playerId": "284b7242-b5bc-47f1-84c8-133564e8bc6f",
  "gamePhase": "preflop",
  "isGameOver": false
}
2025-02-27 15:18:58 [[32MHTTP[39M]: GET /api/game/state/284b7242-b5bc-47f1-84c8-133564e8bc6f 200 1.080 ms {
  "service": "poker-game-api"
}
2025-02-27 15:19:00 [[34MDEBUG[39M]: Request Details {
  "service": "poker-game-api",
  "method": "GET",
  "url": "/api/game/state/284b7242-b5bc-47f1-84c8-133564e8bc6f",
  "params": {},
  "query": {}
}
2025-02-27 15:19:00 [[34MDEBUG[39M]: Game state retrieved {
  "service": "poker-game-api",
  "gameId": "40a836d9-51df-40cc-a168-5c1cbedc5f72",
  "playerId": "284b7242-b5bc-47f1-84c8-133564e8bc6f",
  "gamePhase": "preflop",
  "isGameOver": false
}
2025-02-27 15:19:00 [[32MHTTP[39M]: GET /api/game/state/284b7242-b5bc-47f1-84c8-133564e8bc6f 200 1.235 ms {
  "service": "poker-game-api"
}
2025-02-27 15:19:02 [[34MDEBUG[39M]: Request Details {
  "service": "poker-game-api",
  "method": "GET",
  "url": "/api/game/state/284b7242-b5bc-47f1-84c8-133564e8bc6f",
  "params": {},
  "query": {}
}
2025-02-27 15:19:02 [[34MDEBUG[39M]: Game state retrieved {
  "service": "poker-game-api",
  "gameId": "40a836d9-51df-40cc-a168-5c1cbedc5f72",
  "playerId": "284b7242-b5bc-47f1-84c8-133564e8bc6f",
  "gamePhase": "preflop",
  "isGameOver": false
}
2025-02-27 15:19:02 [[32MHTTP[39M]: GET /api/game/state/284b7242-b5bc-47f1-84c8-133564e8bc6f 200 0.985 ms {
  "service": "poker-game-api"
}
2025-02-27 15:19:04 [[34MDEBUG[39M]: Request Details {
  "service": "poker-game-api",
  "method": "GET",
  "url": "/api/game/state/284b7242-b5bc-47f1-84c8-133564e8bc6f",
  "params": {},
  "query": {}
}
2025-02-27 15:19:04 [[34MDEBUG[39M]: Game state retrieved {
  "service": "poker-game-api",
  "gameId": "40a836d9-51df-40cc-a168-5c1cbedc5f72",
  "playerId": "284b7242-b5bc-47f1-84c8-133564e8bc6f",
  "gamePhase": "preflop",
  "isGameOver": false
}
2025-02-27 15:19:04 [[32MHTTP[39M]: GET /api/game/state/284b7242-b5bc-47f1-84c8-133564e8bc6f 200 1.116 ms {
  "service": "poker-game-api"
}
2025-02-27 15:19:06 [[34MDEBUG[39M]: Request Details {
  "service": "poker-game-api",
  "method": "GET",
  "url": "/api/game/state/284b7242-b5bc-47f1-84c8-133564e8bc6f",
  "params": {},
  "query": {}
}
2025-02-27 15:19:06 [[34MDEBUG[39M]: Game state retrieved {
  "service": "poker-game-api",
  "gameId": "40a836d9-51df-40cc-a168-5c1cbedc5f72",
  "playerId": "284b7242-b5bc-47f1-84c8-133564e8bc6f",
  "gamePhase": "preflop",
  "isGameOver": false
}
2025-02-27 15:19:06 [[32MHTTP[39M]: GET /api/game/state/284b7242-b5bc-47f1-84c8-133564e8bc6f 200 1.398 ms {
  "service": "poker-game-api"
}
2025-02-27 15:19:08 [[34MDEBUG[39M]: Request Details {
  "service": "poker-game-api",
  "method": "GET",
  "url": "/api/game/state/284b7242-b5bc-47f1-84c8-133564e8bc6f",
  "params": {},
  "query": {}
}
2025-02-27 15:19:08 [[34MDEBUG[39M]: Game state retrieved {
  "service": "poker-game-api",
  "gameId": "40a836d9-51df-40cc-a168-5c1cbedc5f72",
  "playerId": "284b7242-b5bc-47f1-84c8-133564e8bc6f",
  "gamePhase": "preflop",
  "isGameOver": false
}
2025-02-27 15:19:08 [[32MHTTP[39M]: GET /api/game/state/284b7242-b5bc-47f1-84c8-133564e8bc6f 200 1.585 ms {
  "service": "poker-game-api"
}
2025-02-27 15:19:10 [[34MDEBUG[39M]: Request Details {
  "service": "poker-game-api",
  "method": "GET",
  "url": "/api/game/state/284b7242-b5bc-47f1-84c8-133564e8bc6f",
  "params": {},
  "query": {}
}
2025-02-27 15:19:10 [[34MDEBUG[39M]: Game state retrieved {
  "service": "poker-game-api",
  "gameId": "40a836d9-51df-40cc-a168-5c1cbedc5f72",
  "playerId": "284b7242-b5bc-47f1-84c8-133564e8bc6f",
  "gamePhase": "preflop",
  "isGameOver": false
}
2025-02-27 15:19:10 [[32MHTTP[39M]: GET /api/game/state/284b7242-b5bc-47f1-84c8-133564e8bc6f 200 1.147 ms {
  "service": "poker-game-api"
}
2025-02-27 15:19:12 [[34MDEBUG[39M]: Request Details {
  "service": "poker-game-api",
  "method": "GET",
  "url": "/api/game/state/284b7242-b5bc-47f1-84c8-133564e8bc6f",
  "params": {},
  "query": {}
}
2025-02-27 15:19:12 [[34MDEBUG[39M]: Game state retrieved {
  "service": "poker-game-api",
  "gameId": "40a836d9-51df-40cc-a168-5c1cbedc5f72",
  "playerId": "284b7242-b5bc-47f1-84c8-133564e8bc6f",
  "gamePhase": "preflop",
  "isGameOver": false
}
2025-02-27 15:19:12 [[32MHTTP[39M]: GET /api/game/state/284b7242-b5bc-47f1-84c8-133564e8bc6f 200 1.176 ms {
  "service": "poker-game-api"
}
2025-02-27 15:19:14 [[34MDEBUG[39M]: Request Details {
  "service": "poker-game-api",
  "method": "GET",
  "url": "/api/game/state/284b7242-b5bc-47f1-84c8-133564e8bc6f",
  "params": {},
  "query": {}
}
2025-02-27 15:19:14 [[34MDEBUG[39M]: Game state retrieved {
  "service": "poker-game-api",
  "gameId": "40a836d9-51df-40cc-a168-5c1cbedc5f72",
  "playerId": "284b7242-b5bc-47f1-84c8-133564e8bc6f",
  "gamePhase": "preflop",
  "isGameOver": false
}
2025-02-27 15:19:14 [[32MHTTP[39M]: GET /api/game/state/284b7242-b5bc-47f1-84c8-133564e8bc6f 200 1.300 ms {
  "service": "poker-game-api"
}
2025-02-27 15:19:16 [[34MDEBUG[39M]: Request Details {
  "service": "poker-game-api",
  "method": "GET",
  "url": "/api/game/state/284b7242-b5bc-47f1-84c8-133564e8bc6f",
  "params": {},
  "query": {}
}
2025-02-27 15:19:16 [[34MDEBUG[39M]: Game state retrieved {
  "service": "poker-game-api",
  "gameId": "40a836d9-51df-40cc-a168-5c1cbedc5f72",
  "playerId": "284b7242-b5bc-47f1-84c8-133564e8bc6f",
  "gamePhase": "preflop",
  "isGameOver": false
}
2025-02-27 15:19:16 [[32MHTTP[39M]: GET /api/game/state/284b7242-b5bc-47f1-84c8-133564e8bc6f 200 0.426 ms {
  "service": "poker-game-api"
}
2025-02-27 15:19:18 [[34MDEBUG[39M]: Request Details {
  "service": "poker-game-api",
  "method": "GET",
  "url": "/api/game/state/284b7242-b5bc-47f1-84c8-133564e8bc6f",
  "params": {},
  "query": {}
}
2025-02-27 15:19:18 [[34MDEBUG[39M]: Game state retrieved {
  "service": "poker-game-api",
  "gameId": "40a836d9-51df-40cc-a168-5c1cbedc5f72",
  "playerId": "284b7242-b5bc-47f1-84c8-133564e8bc6f",
  "gamePhase": "preflop",
  "isGameOver": false
}
2025-02-27 15:19:18 [[32MHTTP[39M]: GET /api/game/state/284b7242-b5bc-47f1-84c8-133564e8bc6f 200 0.948 ms {
  "service": "poker-game-api"
}
2025-02-27 15:19:20 [[34MDEBUG[39M]: Request Details {
  "service": "poker-game-api",
  "method": "GET",
  "url": "/api/game/state/284b7242-b5bc-47f1-84c8-133564e8bc6f",
  "params": {},
  "query": {}
}
2025-02-27 15:19:20 [[34MDEBUG[39M]: Game state retrieved {
  "service": "poker-game-api",
  "gameId": "40a836d9-51df-40cc-a168-5c1cbedc5f72",
  "playerId": "284b7242-b5bc-47f1-84c8-133564e8bc6f",
  "gamePhase": "preflop",
  "isGameOver": false
}
2025-02-27 15:19:20 [[32MHTTP[39M]: GET /api/game/state/284b7242-b5bc-47f1-84c8-133564e8bc6f 200 1.043 ms {
  "service": "poker-game-api"
}
2025-02-27 15:19:22 [[34MDEBUG[39M]: Request Details {
  "service": "poker-game-api",
  "method": "GET",
  "url": "/api/game/state/284b7242-b5bc-47f1-84c8-133564e8bc6f",
  "params": {},
  "query": {}
}
2025-02-27 15:19:22 [[34MDEBUG[39M]: Game state retrieved {
  "service": "poker-game-api",
  "gameId": "40a836d9-51df-40cc-a168-5c1cbedc5f72",
  "playerId": "284b7242-b5bc-47f1-84c8-133564e8bc6f",
  "gamePhase": "preflop",
  "isGameOver": false
}
2025-02-27 15:19:22 [[32MHTTP[39M]: GET /api/game/state/284b7242-b5bc-47f1-84c8-133564e8bc6f 200 1.263 ms {
  "service": "poker-game-api"
}
2025-02-27 15:19:24 [[34MDEBUG[39M]: Request Details {
  "service": "poker-game-api",
  "method": "GET",
  "url": "/api/game/state/284b7242-b5bc-47f1-84c8-133564e8bc6f",
  "params": {},
  "query": {}
}
2025-02-27 15:19:24 [[34MDEBUG[39M]: Game state retrieved {
  "service": "poker-game-api",
  "gameId": "40a836d9-51df-40cc-a168-5c1cbedc5f72",
  "playerId": "284b7242-b5bc-47f1-84c8-133564e8bc6f",
  "gamePhase": "preflop",
  "isGameOver": false
}
2025-02-27 15:19:24 [[32MHTTP[39M]: GET /api/game/state/284b7242-b5bc-47f1-84c8-133564e8bc6f 200 1.558 ms {
  "service": "poker-game-api"
}
2025-02-27 15:19:26 [[34MDEBUG[39M]: Request Details {
  "service": "poker-game-api",
  "method": "GET",
  "url": "/api/game/state/284b7242-b5bc-47f1-84c8-133564e8bc6f",
  "params": {},
  "query": {}
}
2025-02-27 15:19:26 [[34MDEBUG[39M]: Game state retrieved {
  "service": "poker-game-api",
  "gameId": "40a836d9-51df-40cc-a168-5c1cbedc5f72",
  "playerId": "284b7242-b5bc-47f1-84c8-133564e8bc6f",
  "gamePhase": "preflop",
  "isGameOver": false
}
2025-02-27 15:19:26 [[32MHTTP[39M]: GET /api/game/state/284b7242-b5bc-47f1-84c8-133564e8bc6f 200 1.242 ms {
  "service": "poker-game-api"
}
2025-02-27 15:19:28 [[34MDEBUG[39M]: Request Details {
  "service": "poker-game-api",
  "method": "GET",
  "url": "/api/game/state/284b7242-b5bc-47f1-84c8-133564e8bc6f",
  "params": {},
  "query": {}
}
2025-02-27 15:19:28 [[34MDEBUG[39M]: Game state retrieved {
  "service": "poker-game-api",
  "gameId": "40a836d9-51df-40cc-a168-5c1cbedc5f72",
  "playerId": "284b7242-b5bc-47f1-84c8-133564e8bc6f",
  "gamePhase": "preflop",
  "isGameOver": false
}
2025-02-27 15:19:28 [[32MHTTP[39M]: GET /api/game/state/284b7242-b5bc-47f1-84c8-133564e8bc6f 200 1.355 ms {
  "service": "poker-game-api"
}
2025-02-27 15:19:30 [[34MDEBUG[39M]: Request Details {
  "service": "poker-game-api",
  "method": "GET",
  "url": "/api/game/state/284b7242-b5bc-47f1-84c8-133564e8bc6f",
  "params": {},
  "query": {}
}
2025-02-27 15:19:30 [[34MDEBUG[39M]: Game state retrieved {
  "service": "poker-game-api",
  "gameId": "40a836d9-51df-40cc-a168-5c1cbedc5f72",
  "playerId": "284b7242-b5bc-47f1-84c8-133564e8bc6f",
  "gamePhase": "preflop",
  "isGameOver": false
}
2025-02-27 15:19:30 [[32MHTTP[39M]: GET /api/game/state/284b7242-b5bc-47f1-84c8-133564e8bc6f 200 1.178 ms {
  "service": "poker-game-api"
}
2025-02-27 15:19:32 [[34MDEBUG[39M]: Request Details {
  "service": "poker-game-api",
  "method": "GET",
  "url": "/api/game/state/284b7242-b5bc-47f1-84c8-133564e8bc6f",
  "params": {},
  "query": {}
}
2025-02-27 15:19:32 [[34MDEBUG[39M]: Game state retrieved {
  "service": "poker-game-api",
  "gameId": "40a836d9-51df-40cc-a168-5c1cbedc5f72",
  "playerId": "284b7242-b5bc-47f1-84c8-133564e8bc6f",
  "gamePhase": "preflop",
  "isGameOver": false
}
2025-02-27 15:19:32 [[32MHTTP[39M]: GET /api/game/state/284b7242-b5bc-47f1-84c8-133564e8bc6f 200 1.277 ms {
  "service": "poker-game-api"
}
2025-02-27 15:19:34 [[34MDEBUG[39M]: Request Details {
  "service": "poker-game-api",
  "method": "GET",
  "url": "/api/game/state/284b7242-b5bc-47f1-84c8-133564e8bc6f",
  "params": {},
  "query": {}
}
2025-02-27 15:19:34 [[34MDEBUG[39M]: Game state retrieved {
  "service": "poker-game-api",
  "gameId": "40a836d9-51df-40cc-a168-5c1cbedc5f72",
  "playerId": "284b7242-b5bc-47f1-84c8-133564e8bc6f",
  "gamePhase": "preflop",
  "isGameOver": false
}
2025-02-27 15:19:34 [[32MHTTP[39M]: GET /api/game/state/284b7242-b5bc-47f1-84c8-133564e8bc6f 200 1.073 ms {
  "service": "poker-game-api"
}
2025-02-27 15:19:36 [[34MDEBUG[39M]: Request Details {
  "service": "poker-game-api",
  "method": "GET",
  "url": "/api/game/state/284b7242-b5bc-47f1-84c8-133564e8bc6f",
  "params": {},
  "query": {}
}
2025-02-27 15:19:36 [[34MDEBUG[39M]: Game state retrieved {
  "service": "poker-game-api",
  "gameId": "40a836d9-51df-40cc-a168-5c1cbedc5f72",
  "playerId": "284b7242-b5bc-47f1-84c8-133564e8bc6f",
  "gamePhase": "preflop",
  "isGameOver": false
}
2025-02-27 15:19:36 [[32MHTTP[39M]: GET /api/game/state/284b7242-b5bc-47f1-84c8-133564e8bc6f 200 1.170 ms {
  "service": "poker-game-api"
}
2025-02-27 15:19:38 [[34MDEBUG[39M]: Request Details {
  "service": "poker-game-api",
  "method": "GET",
  "url": "/api/game/state/284b7242-b5bc-47f1-84c8-133564e8bc6f",
  "params": {},
  "query": {}
}
2025-02-27 15:19:38 [[34MDEBUG[39M]: Game state retrieved {
  "service": "poker-game-api",
  "gameId": "40a836d9-51df-40cc-a168-5c1cbedc5f72",
  "playerId": "284b7242-b5bc-47f1-84c8-133564e8bc6f",
  "gamePhase": "preflop",
  "isGameOver": false
}
2025-02-27 15:19:38 [[32MHTTP[39M]: GET /api/game/state/284b7242-b5bc-47f1-84c8-133564e8bc6f 200 1.234 ms {
  "service": "poker-game-api"
}
2025-02-27 15:19:40 [[34MDEBUG[39M]: Request Details {
  "service": "poker-game-api",
  "method": "GET",
  "url": "/api/game/state/284b7242-b5bc-47f1-84c8-133564e8bc6f",
  "params": {},
  "query": {}
}
2025-02-27 15:19:40 [[34MDEBUG[39M]: Game state retrieved {
  "service": "poker-game-api",
  "gameId": "40a836d9-51df-40cc-a168-5c1cbedc5f72",
  "playerId": "284b7242-b5bc-47f1-84c8-133564e8bc6f",
  "gamePhase": "preflop",
  "isGameOver": false
}
2025-02-27 15:19:40 [[32MHTTP[39M]: GET /api/game/state/284b7242-b5bc-47f1-84c8-133564e8bc6f 200 1.184 ms {
  "service": "poker-game-api"
}
2025-02-27 15:19:42 [[34MDEBUG[39M]: Request Details {
  "service": "poker-game-api",
  "method": "GET",
  "url": "/api/game/state/284b7242-b5bc-47f1-84c8-133564e8bc6f",
  "params": {},
  "query": {}
}
2025-02-27 15:19:42 [[34MDEBUG[39M]: Game state retrieved {
  "service": "poker-game-api",
  "gameId": "40a836d9-51df-40cc-a168-5c1cbedc5f72",
  "playerId": "284b7242-b5bc-47f1-84c8-133564e8bc6f",
  "gamePhase": "preflop",
  "isGameOver": false
}
2025-02-27 15:19:42 [[32MHTTP[39M]: GET /api/game/state/284b7242-b5bc-47f1-84c8-133564e8bc6f 200 1.205 ms {
  "service": "poker-game-api"
}
2025-02-27 15:19:44 [[34MDEBUG[39M]: Request Details {
  "service": "poker-game-api",
  "method": "GET",
  "url": "/api/game/state/284b7242-b5bc-47f1-84c8-133564e8bc6f",
  "params": {},
  "query": {}
}
2025-02-27 15:19:44 [[34MDEBUG[39M]: Game state retrieved {
  "service": "poker-game-api",
  "gameId": "40a836d9-51df-40cc-a168-5c1cbedc5f72",
  "playerId": "284b7242-b5bc-47f1-84c8-133564e8bc6f",
  "gamePhase": "preflop",
  "isGameOver": false
}
2025-02-27 15:19:44 [[32MHTTP[39M]: GET /api/game/state/284b7242-b5bc-47f1-84c8-133564e8bc6f 200 1.276 ms {
  "service": "poker-game-api"
}
2025-02-27 15:19:46 [[34MDEBUG[39M]: Request Details {
  "service": "poker-game-api",
  "method": "GET",
  "url": "/api/game/state/284b7242-b5bc-47f1-84c8-133564e8bc6f",
  "params": {},
  "query": {}
}
2025-02-27 15:19:46 [[34MDEBUG[39M]: Game state retrieved {
  "service": "poker-game-api",
  "gameId": "40a836d9-51df-40cc-a168-5c1cbedc5f72",
  "playerId": "284b7242-b5bc-47f1-84c8-133564e8bc6f",
  "gamePhase": "preflop",
  "isGameOver": false
}
2025-02-27 15:19:46 [[32MHTTP[39M]: GET /api/game/state/284b7242-b5bc-47f1-84c8-133564e8bc6f 200 1.192 ms {
  "service": "poker-game-api"
}
2025-02-27 15:19:48 [[34MDEBUG[39M]: Request Details {
  "service": "poker-game-api",
  "method": "GET",
  "url": "/api/game/state/284b7242-b5bc-47f1-84c8-133564e8bc6f",
  "params": {},
  "query": {}
}
2025-02-27 15:19:48 [[34MDEBUG[39M]: Game state retrieved {
  "service": "poker-game-api",
  "gameId": "40a836d9-51df-40cc-a168-5c1cbedc5f72",
  "playerId": "284b7242-b5bc-47f1-84c8-133564e8bc6f",
  "gamePhase": "preflop",
  "isGameOver": false
}
2025-02-27 15:19:48 [[32MHTTP[39M]: GET /api/game/state/284b7242-b5bc-47f1-84c8-133564e8bc6f 200 1.153 ms {
  "service": "poker-game-api"
}
2025-02-27 15:19:50 [[34MDEBUG[39M]: Request Details {
  "service": "poker-game-api",
  "method": "GET",
  "url": "/api/game/state/284b7242-b5bc-47f1-84c8-133564e8bc6f",
  "params": {},
  "query": {}
}
2025-02-27 15:19:50 [[34MDEBUG[39M]: Game state retrieved {
  "service": "poker-game-api",
  "gameId": "40a836d9-51df-40cc-a168-5c1cbedc5f72",
  "playerId": "284b7242-b5bc-47f1-84c8-133564e8bc6f",
  "gamePhase": "preflop",
  "isGameOver": false
}
2025-02-27 15:19:50 [[32MHTTP[39M]: GET /api/game/state/284b7242-b5bc-47f1-84c8-133564e8bc6f 200 0.714 ms {
  "service": "poker-game-api"
}
2025-02-27 15:19:52 [[34MDEBUG[39M]: Request Details {
  "service": "poker-game-api",
  "method": "GET",
  "url": "/api/game/state/284b7242-b5bc-47f1-84c8-133564e8bc6f",
  "params": {},
  "query": {}
}
2025-02-27 15:19:52 [[34MDEBUG[39M]: Game state retrieved {
  "service": "poker-game-api",
  "gameId": "40a836d9-51df-40cc-a168-5c1cbedc5f72",
  "playerId": "284b7242-b5bc-47f1-84c8-133564e8bc6f",
  "gamePhase": "preflop",
  "isGameOver": false
}
2025-02-27 15:19:52 [[32MHTTP[39M]: GET /api/game/state/284b7242-b5bc-47f1-84c8-133564e8bc6f 200 0.762 ms {
  "service": "poker-game-api"
}
2025-02-27 15:19:54 [[34MDEBUG[39M]: Request Details {
  "service": "poker-game-api",
  "method": "GET",
  "url": "/api/game/state/284b7242-b5bc-47f1-84c8-133564e8bc6f",
  "params": {},
  "query": {}
}
2025-02-27 15:19:54 [[34MDEBUG[39M]: Game state retrieved {
  "service": "poker-game-api",
  "gameId": "40a836d9-51df-40cc-a168-5c1cbedc5f72",
  "playerId": "284b7242-b5bc-47f1-84c8-133564e8bc6f",
  "gamePhase": "preflop",
  "isGameOver": false
}
2025-02-27 15:19:54 [[32MHTTP[39M]: GET /api/game/state/284b7242-b5bc-47f1-84c8-133564e8bc6f 200 0.337 ms {
  "service": "poker-game-api"
}
2025-02-27 15:19:56 [[34MDEBUG[39M]: Request Details {
  "service": "poker-game-api",
  "method": "GET",
  "url": "/api/game/state/284b7242-b5bc-47f1-84c8-133564e8bc6f",
  "params": {},
  "query": {}
}
2025-02-27 15:19:56 [[34MDEBUG[39M]: Game state retrieved {
  "service": "poker-game-api",
  "gameId": "40a836d9-51df-40cc-a168-5c1cbedc5f72",
  "playerId": "284b7242-b5bc-47f1-84c8-133564e8bc6f",
  "gamePhase": "preflop",
  "isGameOver": false
}
2025-02-27 15:19:56 [[32MHTTP[39M]: GET /api/game/state/284b7242-b5bc-47f1-84c8-133564e8bc6f 200 0.430 ms {
  "service": "poker-game-api"
}
2025-02-27 15:19:58 [[34MDEBUG[39M]: Request Details {
  "service": "poker-game-api",
  "method": "GET",
  "url": "/api/game/state/284b7242-b5bc-47f1-84c8-133564e8bc6f",
  "params": {},
  "query": {}
}
2025-02-27 15:19:58 [[34MDEBUG[39M]: Game state retrieved {
  "service": "poker-game-api",
  "gameId": "40a836d9-51df-40cc-a168-5c1cbedc5f72",
  "playerId": "284b7242-b5bc-47f1-84c8-133564e8bc6f",
  "gamePhase": "preflop",
  "isGameOver": false
}
2025-02-27 15:19:58 [[32MHTTP[39M]: GET /api/game/state/284b7242-b5bc-47f1-84c8-133564e8bc6f 200 1.211 ms {
  "service": "poker-game-api"
}
2025-02-27 15:20:00 [[34MDEBUG[39M]: Request Details {
  "service": "poker-game-api",
  "method": "GET",
  "url": "/api/game/state/284b7242-b5bc-47f1-84c8-133564e8bc6f",
  "params": {},
  "query": {}
}
2025-02-27 15:20:00 [[34MDEBUG[39M]: Game state retrieved {
  "service": "poker-game-api",
  "gameId": "40a836d9-51df-40cc-a168-5c1cbedc5f72",
  "playerId": "284b7242-b5bc-47f1-84c8-133564e8bc6f",
  "gamePhase": "preflop",
  "isGameOver": false
}
2025-02-27 15:20:00 [[32MHTTP[39M]: GET /api/game/state/284b7242-b5bc-47f1-84c8-133564e8bc6f 200 0.770 ms {
  "service": "poker-game-api"
}
2025-02-27 15:20:02 [[34MDEBUG[39M]: Request Details {
  "service": "poker-game-api",
  "method": "GET",
  "url": "/api/game/state/284b7242-b5bc-47f1-84c8-133564e8bc6f",
  "params": {},
  "query": {}
}
2025-02-27 15:20:02 [[34MDEBUG[39M]: Game state retrieved {
  "service": "poker-game-api",
  "gameId": "40a836d9-51df-40cc-a168-5c1cbedc5f72",
  "playerId": "284b7242-b5bc-47f1-84c8-133564e8bc6f",
  "gamePhase": "preflop",
  "isGameOver": false
}
2025-02-27 15:20:02 [[32MHTTP[39M]: GET /api/game/state/284b7242-b5bc-47f1-84c8-133564e8bc6f 200 2.001 ms {
  "service": "poker-game-api"
}
2025-02-27 15:20:04 [[34MDEBUG[39M]: Request Details {
  "service": "poker-game-api",
  "method": "GET",
  "url": "/api/game/state/284b7242-b5bc-47f1-84c8-133564e8bc6f",
  "params": {},
  "query": {}
}
2025-02-27 15:20:04 [[34MDEBUG[39M]: Game state retrieved {
  "service": "poker-game-api",
  "gameId": "40a836d9-51df-40cc-a168-5c1cbedc5f72",
  "playerId": "284b7242-b5bc-47f1-84c8-133564e8bc6f",
  "gamePhase": "preflop",
  "isGameOver": false
}
2025-02-27 15:20:04 [[32MHTTP[39M]: GET /api/game/state/284b7242-b5bc-47f1-84c8-133564e8bc6f 200 0.479 ms {
  "service": "poker-game-api"
}
2025-02-27 15:20:06 [[34MDEBUG[39M]: Request Details {
  "service": "poker-game-api",
  "method": "GET",
  "url": "/api/game/state/284b7242-b5bc-47f1-84c8-133564e8bc6f",
  "params": {},
  "query": {}
}
2025-02-27 15:20:06 [[34MDEBUG[39M]: Game state retrieved {
  "service": "poker-game-api",
  "gameId": "40a836d9-51df-40cc-a168-5c1cbedc5f72",
  "playerId": "284b7242-b5bc-47f1-84c8-133564e8bc6f",
  "gamePhase": "preflop",
  "isGameOver": false
}
2025-02-27 15:20:06 [[32MHTTP[39M]: GET /api/game/state/284b7242-b5bc-47f1-84c8-133564e8bc6f 200 2.152 ms {
  "service": "poker-game-api"
}
2025-02-27 15:20:08 [[34MDEBUG[39M]: Request Details {
  "service": "poker-game-api",
  "method": "GET",
  "url": "/api/game/state/284b7242-b5bc-47f1-84c8-133564e8bc6f",
  "params": {},
  "query": {}
}
2025-02-27 15:20:08 [[34MDEBUG[39M]: Game state retrieved {
  "service": "poker-game-api",
  "gameId": "40a836d9-51df-40cc-a168-5c1cbedc5f72",
  "playerId": "284b7242-b5bc-47f1-84c8-133564e8bc6f",
  "gamePhase": "preflop",
  "isGameOver": false
}
2025-02-27 15:20:08 [[32MHTTP[39M]: GET /api/game/state/284b7242-b5bc-47f1-84c8-133564e8bc6f 200 1.397 ms {
  "service": "poker-game-api"
}
2025-02-27 15:20:10 [[34MDEBUG[39M]: Request Details {
  "service": "poker-game-api",
  "method": "GET",
  "url": "/api/game/state/284b7242-b5bc-47f1-84c8-133564e8bc6f",
  "params": {},
  "query": {}
}
2025-02-27 15:20:10 [[34MDEBUG[39M]: Game state retrieved {
  "service": "poker-game-api",
  "gameId": "40a836d9-51df-40cc-a168-5c1cbedc5f72",
  "playerId": "284b7242-b5bc-47f1-84c8-133564e8bc6f",
  "gamePhase": "preflop",
  "isGameOver": false
}
2025-02-27 15:20:10 [[32MHTTP[39M]: GET /api/game/state/284b7242-b5bc-47f1-84c8-133564e8bc6f 200 1.201 ms {
  "service": "poker-game-api"
}
2025-02-27 15:20:12 [[34MDEBUG[39M]: Request Details {
  "service": "poker-game-api",
  "method": "GET",
  "url": "/api/game/state/284b7242-b5bc-47f1-84c8-133564e8bc6f",
  "params": {},
  "query": {}
}
2025-02-27 15:20:12 [[34MDEBUG[39M]: Game state retrieved {
  "service": "poker-game-api",
  "gameId": "40a836d9-51df-40cc-a168-5c1cbedc5f72",
  "playerId": "284b7242-b5bc-47f1-84c8-133564e8bc6f",
  "gamePhase": "preflop",
  "isGameOver": false
}
2025-02-27 15:20:12 [[32MHTTP[39M]: GET /api/game/state/284b7242-b5bc-47f1-84c8-133564e8bc6f 200 1.104 ms {
  "service": "poker-game-api"
}
2025-02-27 15:20:14 [[34MDEBUG[39M]: Request Details {
  "service": "poker-game-api",
  "method": "GET",
  "url": "/api/game/state/284b7242-b5bc-47f1-84c8-133564e8bc6f",
  "params": {},
  "query": {}
}
2025-02-27 15:20:14 [[34MDEBUG[39M]: Game state retrieved {
  "service": "poker-game-api",
  "gameId": "40a836d9-51df-40cc-a168-5c1cbedc5f72",
  "playerId": "284b7242-b5bc-47f1-84c8-133564e8bc6f",
  "gamePhase": "preflop",
  "isGameOver": false
}
2025-02-27 15:20:14 [[32MHTTP[39M]: GET /api/game/state/284b7242-b5bc-47f1-84c8-133564e8bc6f 200 1.355 ms {
  "service": "poker-game-api"
}
2025-02-27 15:20:16 [[34MDEBUG[39M]: Request Details {
  "service": "poker-game-api",
  "method": "GET",
  "url": "/api/game/state/284b7242-b5bc-47f1-84c8-133564e8bc6f",
  "params": {},
  "query": {}
}
2025-02-27 15:20:16 [[34MDEBUG[39M]: Game state retrieved {
  "service": "poker-game-api",
  "gameId": "40a836d9-51df-40cc-a168-5c1cbedc5f72",
  "playerId": "284b7242-b5bc-47f1-84c8-133564e8bc6f",
  "gamePhase": "preflop",
  "isGameOver": false
}
2025-02-27 15:20:16 [[32MHTTP[39M]: GET /api/game/state/284b7242-b5bc-47f1-84c8-133564e8bc6f 200 1.157 ms {
  "service": "poker-game-api"
}
2025-02-27 15:20:18 [[34MDEBUG[39M]: Request Details {
  "service": "poker-game-api",
  "method": "GET",
  "url": "/api/game/state/284b7242-b5bc-47f1-84c8-133564e8bc6f",
  "params": {},
  "query": {}
}
2025-02-27 15:20:18 [[34MDEBUG[39M]: Game state retrieved {
  "service": "poker-game-api",
  "gameId": "40a836d9-51df-40cc-a168-5c1cbedc5f72",
  "playerId": "284b7242-b5bc-47f1-84c8-133564e8bc6f",
  "gamePhase": "preflop",
  "isGameOver": false
}
2025-02-27 15:20:18 [[32MHTTP[39M]: GET /api/game/state/284b7242-b5bc-47f1-84c8-133564e8bc6f 200 1.355 ms {
  "service": "poker-game-api"
}
2025-02-27 15:20:20 [[34MDEBUG[39M]: Request Details {
  "service": "poker-game-api",
  "method": "GET",
  "url": "/api/game/state/284b7242-b5bc-47f1-84c8-133564e8bc6f",
  "params": {},
  "query": {}
}
2025-02-27 15:20:20 [[34MDEBUG[39M]: Game state retrieved {
  "service": "poker-game-api",
  "gameId": "40a836d9-51df-40cc-a168-5c1cbedc5f72",
  "playerId": "284b7242-b5bc-47f1-84c8-133564e8bc6f",
  "gamePhase": "preflop",
  "isGameOver": false
}
2025-02-27 15:20:20 [[32MHTTP[39M]: GET /api/game/state/284b7242-b5bc-47f1-84c8-133564e8bc6f 200 1.243 ms {
  "service": "poker-game-api"
}
2025-02-27 15:20:22 [[34MDEBUG[39M]: Request Details {
  "service": "poker-game-api",
  "method": "GET",
  "url": "/api/game/state/284b7242-b5bc-47f1-84c8-133564e8bc6f",
  "params": {},
  "query": {}
}
2025-02-27 15:20:22 [[34MDEBUG[39M]: Game state retrieved {
  "service": "poker-game-api",
  "gameId": "40a836d9-51df-40cc-a168-5c1cbedc5f72",
  "playerId": "284b7242-b5bc-47f1-84c8-133564e8bc6f",
  "gamePhase": "preflop",
  "isGameOver": false
}
2025-02-27 15:20:22 [[32MHTTP[39M]: GET /api/game/state/284b7242-b5bc-47f1-84c8-133564e8bc6f 200 1.268 ms {
  "service": "poker-game-api"
}
2025-02-27 15:20:24 [[34MDEBUG[39M]: Request Details {
  "service": "poker-game-api",
  "method": "GET",
  "url": "/api/game/state/284b7242-b5bc-47f1-84c8-133564e8bc6f",
  "params": {},
  "query": {}
}
2025-02-27 15:20:24 [[34MDEBUG[39M]: Game state retrieved {
  "service": "poker-game-api",
  "gameId": "40a836d9-51df-40cc-a168-5c1cbedc5f72",
  "playerId": "284b7242-b5bc-47f1-84c8-133564e8bc6f",
  "gamePhase": "preflop",
  "isGameOver": false
}
2025-02-27 15:20:24 [[32MHTTP[39M]: GET /api/game/state/284b7242-b5bc-47f1-84c8-133564e8bc6f 200 1.388 ms {
  "service": "poker-game-api"
}
2025-02-27 15:20:26 [[34MDEBUG[39M]: Request Details {
  "service": "poker-game-api",
  "method": "GET",
  "url": "/dashboard",
  "params": {},
  "query": {}
}
2025-02-27 15:20:26 [[32MHTTP[39M]: GET /dashboard 404 1.091 ms {
  "service": "poker-game-api"
}
2025-02-27 15:20:26 [[34MDEBUG[39M]: Request Details {
  "service": "poker-game-api",
  "method": "GET",
  "url": "/api/game/state/284b7242-b5bc-47f1-84c8-133564e8bc6f",
  "params": {},
  "query": {}
}
2025-02-27 15:20:26 [[34MDEBUG[39M]: Game state retrieved {
  "service": "poker-game-api",
  "gameId": "40a836d9-51df-40cc-a168-5c1cbedc5f72",
  "playerId": "284b7242-b5bc-47f1-84c8-133564e8bc6f",
  "gamePhase": "preflop",
  "isGameOver": false
}
2025-02-27 15:20:26 [[32MHTTP[39M]: GET /api/game/state/284b7242-b5bc-47f1-84c8-133564e8bc6f 200 0.458 ms {
  "service": "poker-game-api"
}
2025-02-27 15:20:28 [[34MDEBUG[39M]: Request Details {
  "service": "poker-game-api",
  "method": "GET",
  "url": "/api/game/state/284b7242-b5bc-47f1-84c8-133564e8bc6f",
  "params": {},
  "query": {}
}
2025-02-27 15:20:28 [[34MDEBUG[39M]: Game state retrieved {
  "service": "poker-game-api",
  "gameId": "40a836d9-51df-40cc-a168-5c1cbedc5f72",
  "playerId": "284b7242-b5bc-47f1-84c8-133564e8bc6f",
  "gamePhase": "preflop",
  "isGameOver": false
}
2025-02-27 15:20:28 [[32MHTTP[39M]: GET /api/game/state/284b7242-b5bc-47f1-84c8-133564e8bc6f 200 0.899 ms {
  "service": "poker-game-api"
}
2025-02-27 15:20:30 [[34MDEBUG[39M]: Request Details {
  "service": "poker-game-api",
  "method": "GET",
  "url": "/api/game/state/284b7242-b5bc-47f1-84c8-133564e8bc6f",
  "params": {},
  "query": {}
}
2025-02-27 15:20:30 [[34MDEBUG[39M]: Game state retrieved {
  "service": "poker-game-api",
  "gameId": "40a836d9-51df-40cc-a168-5c1cbedc5f72",
  "playerId": "284b7242-b5bc-47f1-84c8-133564e8bc6f",
  "gamePhase": "preflop",
  "isGameOver": false
}
2025-02-27 15:20:30 [[32MHTTP[39M]: GET /api/game/state/284b7242-b5bc-47f1-84c8-133564e8bc6f 200 1.365 ms {
  "service": "poker-game-api"
}
2025-02-27 15:20:32 [[34MDEBUG[39M]: Request Details {
  "service": "poker-game-api",
  "method": "GET",
  "url": "/api/game/state/284b7242-b5bc-47f1-84c8-133564e8bc6f",
  "params": {},
  "query": {}
}
2025-02-27 15:20:32 [[34MDEBUG[39M]: Game state retrieved {
  "service": "poker-game-api",
  "gameId": "40a836d9-51df-40cc-a168-5c1cbedc5f72",
  "playerId": "284b7242-b5bc-47f1-84c8-133564e8bc6f",
  "gamePhase": "preflop",
  "isGameOver": false
}
2025-02-27 15:20:32 [[32MHTTP[39M]: GET /api/game/state/284b7242-b5bc-47f1-84c8-133564e8bc6f 200 0.721 ms {
  "service": "poker-game-api"
}
2025-02-27 15:20:34 [[34MDEBUG[39M]: Request Details {
  "service": "poker-game-api",
  "method": "GET",
  "url": "/api/game/state/284b7242-b5bc-47f1-84c8-133564e8bc6f",
  "params": {},
  "query": {}
}
2025-02-27 15:20:34 [[34MDEBUG[39M]: Game state retrieved {
  "service": "poker-game-api",
  "gameId": "40a836d9-51df-40cc-a168-5c1cbedc5f72",
  "playerId": "284b7242-b5bc-47f1-84c8-133564e8bc6f",
  "gamePhase": "preflop",
  "isGameOver": false
}
2025-02-27 15:20:34 [[32MHTTP[39M]: GET /api/game/state/284b7242-b5bc-47f1-84c8-133564e8bc6f 200 0.771 ms {
  "service": "poker-game-api"
}
2025-02-27 15:20:36 [[34MDEBUG[39M]: Request Details {
  "service": "poker-game-api",
  "method": "GET",
  "url": "/api/game/state/284b7242-b5bc-47f1-84c8-133564e8bc6f",
  "params": {},
  "query": {}
}
2025-02-27 15:20:36 [[34MDEBUG[39M]: Game state retrieved {
  "service": "poker-game-api",
  "gameId": "40a836d9-51df-40cc-a168-5c1cbedc5f72",
  "playerId": "284b7242-b5bc-47f1-84c8-133564e8bc6f",
  "gamePhase": "preflop",
  "isGameOver": false
}
2025-02-27 15:20:36 [[32MHTTP[39M]: GET /api/game/state/284b7242-b5bc-47f1-84c8-133564e8bc6f 200 0.433 ms {
  "service": "poker-game-api"
}
2025-02-27 15:20:38 [[34MDEBUG[39M]: Request Details {
  "service": "poker-game-api",
  "method": "GET",
  "url": "/api/game/state/284b7242-b5bc-47f1-84c8-133564e8bc6f",
  "params": {},
  "query": {}
}
2025-02-27 15:20:38 [[34MDEBUG[39M]: Game state retrieved {
  "service": "poker-game-api",
  "gameId": "40a836d9-51df-40cc-a168-5c1cbedc5f72",
  "playerId": "284b7242-b5bc-47f1-84c8-133564e8bc6f",
  "gamePhase": "preflop",
  "isGameOver": false
}
2025-02-27 15:20:38 [[32MHTTP[39M]: GET /api/game/state/284b7242-b5bc-47f1-84c8-133564e8bc6f 200 1.031 ms {
  "service": "poker-game-api"
}
2025-02-27 15:20:40 [[34MDEBUG[39M]: Request Details {
  "service": "poker-game-api",
  "method": "GET",
  "url": "/api/game/state/284b7242-b5bc-47f1-84c8-133564e8bc6f",
  "params": {},
  "query": {}
}
2025-02-27 15:20:40 [[34MDEBUG[39M]: Game state retrieved {
  "service": "poker-game-api",
  "gameId": "40a836d9-51df-40cc-a168-5c1cbedc5f72",
  "playerId": "284b7242-b5bc-47f1-84c8-133564e8bc6f",
  "gamePhase": "preflop",
  "isGameOver": false
}
2025-02-27 15:20:40 [[32MHTTP[39M]: GET /api/game/state/284b7242-b5bc-47f1-84c8-133564e8bc6f 200 1.703 ms {
  "service": "poker-game-api"
}
2025-02-27 15:20:42 [[34MDEBUG[39M]: Request Details {
  "service": "poker-game-api",
  "method": "GET",
  "url": "/api/game/state/284b7242-b5bc-47f1-84c8-133564e8bc6f",
  "params": {},
  "query": {}
}
2025-02-27 15:20:42 [[34MDEBUG[39M]: Game state retrieved {
  "service": "poker-game-api",
  "gameId": "40a836d9-51df-40cc-a168-5c1cbedc5f72",
  "playerId": "284b7242-b5bc-47f1-84c8-133564e8bc6f",
  "gamePhase": "preflop",
  "isGameOver": false
}
2025-02-27 15:20:42 [[32MHTTP[39M]: GET /api/game/state/284b7242-b5bc-47f1-84c8-133564e8bc6f 200 1.270 ms {
  "service": "poker-game-api"
}
2025-02-27 15:20:44 [[34MDEBUG[39M]: Request Details {
  "service": "poker-game-api",
  "method": "GET",
  "url": "/api/game/state/284b7242-b5bc-47f1-84c8-133564e8bc6f",
  "params": {},
  "query": {}
}
2025-02-27 15:20:44 [[34MDEBUG[39M]: Game state retrieved {
  "service": "poker-game-api",
  "gameId": "40a836d9-51df-40cc-a168-5c1cbedc5f72",
  "playerId": "284b7242-b5bc-47f1-84c8-133564e8bc6f",
  "gamePhase": "preflop",
  "isGameOver": false
}
2025-02-27 15:20:44 [[32MHTTP[39M]: GET /api/game/state/284b7242-b5bc-47f1-84c8-133564e8bc6f 200 1.180 ms {
  "service": "poker-game-api"
}
2025-02-27 15:20:46 [[34MDEBUG[39M]: Request Details {
  "service": "poker-game-api",
  "method": "GET",
  "url": "/api/game/state/284b7242-b5bc-47f1-84c8-133564e8bc6f",
  "params": {},
  "query": {}
}
2025-02-27 15:20:46 [[34MDEBUG[39M]: Game state retrieved {
  "service": "poker-game-api",
  "gameId": "40a836d9-51df-40cc-a168-5c1cbedc5f72",
  "playerId": "284b7242-b5bc-47f1-84c8-133564e8bc6f",
  "gamePhase": "preflop",
  "isGameOver": false
}
2025-02-27 15:20:46 [[32MHTTP[39M]: GET /api/game/state/284b7242-b5bc-47f1-84c8-133564e8bc6f 200 1.116 ms {
  "service": "poker-game-api"
}
2025-02-27 15:20:46 [[34MDEBUG[39M]: Request Details {
  "service": "poker-game-api",
  "method": "GET",
  "url": "/dashboard.html",
  "params": {},
  "query": {}
}
2025-02-27 15:20:46 [[32MHTTP[39M]: GET /dashboard.html 404 1.602 ms {
  "service": "poker-game-api"
}
2025-02-27 15:20:48 [[34MDEBUG[39M]: Request Details {
  "service": "poker-game-api",
  "method": "GET",
  "url": "/api/game/state/284b7242-b5bc-47f1-84c8-133564e8bc6f",
  "params": {},
  "query": {}
}
2025-02-27 15:20:48 [[34MDEBUG[39M]: Game state retrieved {
  "service": "poker-game-api",
  "gameId": "40a836d9-51df-40cc-a168-5c1cbedc5f72",
  "playerId": "284b7242-b5bc-47f1-84c8-133564e8bc6f",
  "gamePhase": "preflop",
  "isGameOver": false
}
2025-02-27 15:20:48 [[32MHTTP[39M]: GET /api/game/state/284b7242-b5bc-47f1-84c8-133564e8bc6f 200 0.729 ms {
  "service": "poker-game-api"
}
2025-02-27 15:20:50 [[34MDEBUG[39M]: Request Details {
  "service": "poker-game-api",
  "method": "GET",
  "url": "/api/game/state/284b7242-b5bc-47f1-84c8-133564e8bc6f",
  "params": {},
  "query": {}
}
2025-02-27 15:20:50 [[34MDEBUG[39M]: Game state retrieved {
  "service": "poker-game-api",
  "gameId": "40a836d9-51df-40cc-a168-5c1cbedc5f72",
  "playerId": "284b7242-b5bc-47f1-84c8-133564e8bc6f",
  "gamePhase": "preflop",
  "isGameOver": false
}
2025-02-27 15:20:50 [[32MHTTP[39M]: GET /api/game/state/284b7242-b5bc-47f1-84c8-133564e8bc6f 200 0.570 ms {
  "service": "poker-game-api"
}
2025-02-27 15:20:52 [[34MDEBUG[39M]: Request Details {
  "service": "poker-game-api",
  "method": "GET",
  "url": "/api/game/state/284b7242-b5bc-47f1-84c8-133564e8bc6f",
  "params": {},
  "query": {}
}
2025-02-27 15:20:52 [[34MDEBUG[39M]: Game state retrieved {
  "service": "poker-game-api",
  "gameId": "40a836d9-51df-40cc-a168-5c1cbedc5f72",
  "playerId": "284b7242-b5bc-47f1-84c8-133564e8bc6f",
  "gamePhase": "preflop",
  "isGameOver": false
}
2025-02-27 15:20:52 [[32MHTTP[39M]: GET /api/game/state/284b7242-b5bc-47f1-84c8-133564e8bc6f 200 1.285 ms {
  "service": "poker-game-api"
}
2025-02-27 15:20:53 [[32MINFO[39M]: API rodando em ambiente: development {
  "service": "poker-game-api"
}
2025-02-27 15:20:53 [[32MINFO[39M]: Poker Game API Server iniciado {
  "service": "poker-game-api",
  "port": "3001",
  "environment": "development"
}
2025-02-27 15:20:53 [[32MINFO[39M]: Documentação Swagger disponível em http://localhost:3001/api-docs {
  "service": "poker-game-api"
}
2025-02-27 15:20:53 [[32MINFO[39M]: Dashboard de monitoramento disponível em http://localhost:3001/dashboard.html {
  "service": "poker-game-api"
}
2025-02-27 15:20:54 [[34MDEBUG[39M]: Request Details {
  "service": "poker-game-api",
  "method": "GET",
  "url": "/api/game/state/284b7242-b5bc-47f1-84c8-133564e8bc6f",
  "params": {},
  "query": {}
}
2025-02-27 15:20:54 [[34MDEBUG[39M]: State request but no game in progress {
  "service": "poker-game-api"
}
2025-02-27 15:20:54 [[32MHTTP[39M]: GET /api/game/state/284b7242-b5bc-47f1-84c8-133564e8bc6f 404 5.852 ms {
  "service": "poker-game-api"
}
2025-02-27 15:20:56 [[34MDEBUG[39M]: Request Details {
  "service": "poker-game-api",
  "method": "GET",
  "url": "/api/game/state/284b7242-b5bc-47f1-84c8-133564e8bc6f",
  "params": {},
  "query": {}
}
2025-02-27 15:20:56 [[34MDEBUG[39M]: State request but no game in progress {
  "service": "poker-game-api"
}
2025-02-27 15:20:56 [[32MHTTP[39M]: GET /api/game/state/284b7242-b5bc-47f1-84c8-133564e8bc6f 404 3.849 ms {
  "service": "poker-game-api"
}
2025-02-27 15:20:57 [[34MDEBUG[39M]: Request Details {
  "service": "poker-game-api",
  "method": "GET",
  "url": "/dashboard.html",
  "params": {},
  "query": {}
}
2025-02-27 15:20:57 [[32MHTTP[39M]: GET /dashboard.html 200 2.661 ms {
  "service": "poker-game-api"
}
2025-02-27 15:20:57 [[34MDEBUG[39M]: Request Details {
  "service": "poker-game-api",
  "method": "GET",
  "url": "/api/game/games",
  "params": {},
  "query": {}
}
2025-02-27 15:20:57 [[32MHTTP[39M]: GET /api/game/games 200 1.074 ms {
  "service": "poker-game-api"
}
2025-02-27 15:20:57 [[34MDEBUG[39M]: Request Details {
  "service": "poker-game-api",
  "method": "GET",
  "url": "/favicon.ico",
  "params": {},
  "query": {}
}
2025-02-27 15:20:57 [[32MHTTP[39M]: GET /favicon.ico 404 1.593 ms {
  "service": "poker-game-api"
}
2025-02-27 15:20:58 [[34MDEBUG[39M]: Request Details {
  "service": "poker-game-api",
  "method": "GET",
  "url": "/api/game/state/284b7242-b5bc-47f1-84c8-133564e8bc6f",
  "params": {},
  "query": {}
}
2025-02-27 15:20:58 [[34MDEBUG[39M]: State request but no game in progress {
  "service": "poker-game-api"
}
2025-02-27 15:20:58 [[32MHTTP[39M]: GET /api/game/state/284b7242-b5bc-47f1-84c8-133564e8bc6f 404 1.040 ms {
  "service": "poker-game-api"
}
2025-02-27 15:21:00 [[34MDEBUG[39M]: Request Details {
  "service": "poker-game-api",
  "method": "GET",
  "url": "/api/game/state/284b7242-b5bc-47f1-84c8-133564e8bc6f",
  "params": {},
  "query": {}
}
2025-02-27 15:21:00 [[34MDEBUG[39M]: State request but no game in progress {
  "service": "poker-game-api"
}
2025-02-27 15:21:00 [[32MHTTP[39M]: GET /api/game/state/284b7242-b5bc-47f1-84c8-133564e8bc6f 404 1.506 ms {
  "service": "poker-game-api"
}
2025-02-27 15:21:02 [[34MDEBUG[39M]: Request Details {
  "service": "poker-game-api",
  "method": "GET",
  "url": "/api/game/games",
  "params": {},
  "query": {}
}
2025-02-27 15:21:02 [[32MHTTP[39M]: GET /api/game/games 304 2.183 ms {
  "service": "poker-game-api"
}
2025-02-27 15:21:02 [[34MDEBUG[39M]: Request Details {
  "service": "poker-game-api",
  "method": "GET",
  "url": "/api/game/state/284b7242-b5bc-47f1-84c8-133564e8bc6f",
  "params": {},
  "query": {}
}
2025-02-27 15:21:02 [[34MDEBUG[39M]: State request but no game in progress {
  "service": "poker-game-api"
}
2025-02-27 15:21:02 [[32MHTTP[39M]: GET /api/game/state/284b7242-b5bc-47f1-84c8-133564e8bc6f 404 2.386 ms {
  "service": "poker-game-api"
}
2025-02-27 15:21:04 [[34MDEBUG[39M]: Request Details {
  "service": "poker-game-api",
  "method": "GET",
  "url": "/api/game/state/284b7242-b5bc-47f1-84c8-133564e8bc6f",
  "params": {},
  "query": {}
}
2025-02-27 15:21:04 [[34MDEBUG[39M]: State request but no game in progress {
  "service": "poker-game-api"
}
2025-02-27 15:21:04 [[32MHTTP[39M]: GET /api/game/state/284b7242-b5bc-47f1-84c8-133564e8bc6f 404 1.865 ms {
  "service": "poker-game-api"
}
2025-02-27 15:21:06 [[34MDEBUG[39M]: Request Details {
  "service": "poker-game-api",
  "method": "POST",
  "url": "/api/game/join",
  "params": {},
  "query": {}
}
2025-02-27 15:21:06 [[32MINFO[39M]: Game created with ID: ee013f5d-5b1f-4660-84b7-66b0a743f989 {
  "service": "poker-game-api"
}
2025-02-27 15:21:06 [[32MINFO[39M]: Player joined game {
  "service": "poker-game-api",
  "gameId": "ee013f5d-5b1f-4660-84b7-66b0a743f989",
  "playerId": "d84ece65-c0b0-4477-90bd-b3ffc6dd9a1a",
  "playerName": "Poker Player"
}
2025-02-27 15:21:06 [[32MHTTP[39M]: POST /api/game/join 200 16.706 ms {
  "service": "poker-game-api"
}
2025-02-27 15:21:06 [[34MDEBUG[39M]: Request Details {
  "service": "poker-game-api",
  "method": "POST",
  "url": "/api/game/ready/d84ece65-c0b0-4477-90bd-b3ffc6dd9a1a",
  "params": {},
  "query": {}
}
2025-02-27 15:21:06 [[34MDEBUG[39M]: Player marked as ready {
  "service": "poker-game-api",
  "gameId": "ee013f5d-5b1f-4660-84b7-66b0a743f989",
  "playerId": "d84ece65-c0b0-4477-90bd-b3ffc6dd9a1a",
  "playerName": "Poker Player"
}
2025-02-27 15:21:06 [[32MHTTP[39M]: POST /api/game/ready/d84ece65-c0b0-4477-90bd-b3ffc6dd9a1a 200 1.264 ms {
  "service": "poker-game-api"
}
2025-02-27 15:21:07 [[34MDEBUG[39M]: Request Details {
  "service": "poker-game-api",
  "method": "GET",
  "url": "/api/game/games",
  "params": {},
  "query": {}
}
2025-02-27 15:21:07 [[32MHTTP[39M]: GET /api/game/games 200 1.297 ms {
  "service": "poker-game-api"
}
2025-02-27 15:21:08 [[34MDEBUG[39M]: Request Details {
  "service": "poker-game-api",
  "method": "GET",
  "url": "/api/game/state/d84ece65-c0b0-4477-90bd-b3ffc6dd9a1a",
  "params": {},
  "query": {}
}
2025-02-27 15:21:08 [[34MDEBUG[39M]: Game state retrieved {
  "service": "poker-game-api",
  "gameId": "ee013f5d-5b1f-4660-84b7-66b0a743f989",
  "playerId": "d84ece65-c0b0-4477-90bd-b3ffc6dd9a1a",
  "gamePhase": "waiting",
  "isGameOver": false
}
2025-02-27 15:21:08 [[32MHTTP[39M]: GET /api/game/state/d84ece65-c0b0-4477-90bd-b3ffc6dd9a1a 200 4.163 ms {
  "service": "poker-game-api"
}
2025-02-27 15:21:10 [[34MDEBUG[39M]: Request Details {
  "service": "poker-game-api",
  "method": "GET",
  "url": "/api/game/state/d84ece65-c0b0-4477-90bd-b3ffc6dd9a1a",
  "params": {},
  "query": {}
}
2025-02-27 15:21:10 [[34MDEBUG[39M]: Game state retrieved {
  "service": "poker-game-api",
  "gameId": "ee013f5d-5b1f-4660-84b7-66b0a743f989",
  "playerId": "d84ece65-c0b0-4477-90bd-b3ffc6dd9a1a",
  "gamePhase": "waiting",
  "isGameOver": false
}
2025-02-27 15:21:10 [[32MHTTP[39M]: GET /api/game/state/d84ece65-c0b0-4477-90bd-b3ffc6dd9a1a 200 2.100 ms {
  "service": "poker-game-api"
}
2025-02-27 15:21:12 [[34MDEBUG[39M]: Request Details {
  "service": "poker-game-api",
  "method": "GET",
  "url": "/api/game/games",
  "params": {},
  "query": {}
}
2025-02-27 15:21:12 [[32MHTTP[39M]: GET /api/game/games 200 0.476 ms {
  "service": "poker-game-api"
}
2025-02-27 15:21:12 [[34MDEBUG[39M]: Request Details {
  "service": "poker-game-api",
  "method": "GET",
  "url": "/api/game/state/d84ece65-c0b0-4477-90bd-b3ffc6dd9a1a",
  "params": {},
  "query": {}
}
2025-02-27 15:21:12 [[34MDEBUG[39M]: Game state retrieved {
  "service": "poker-game-api",
  "gameId": "ee013f5d-5b1f-4660-84b7-66b0a743f989",
  "playerId": "d84ece65-c0b0-4477-90bd-b3ffc6dd9a1a",
  "gamePhase": "waiting",
  "isGameOver": false
}
2025-02-27 15:21:12 [[32MHTTP[39M]: GET /api/game/state/d84ece65-c0b0-4477-90bd-b3ffc6dd9a1a 200 1.956 ms {
  "service": "poker-game-api"
}
2025-02-27 15:21:14 [[34MDEBUG[39M]: Request Details {
  "service": "poker-game-api",
  "method": "GET",
  "url": "/dashboard.html",
  "params": {},
  "query": {}
}
2025-02-27 15:21:14 [[32MHTTP[39M]: GET /dashboard.html 304 2.393 ms {
  "service": "poker-game-api"
}
2025-02-27 15:21:14 [[34MDEBUG[39M]: Request Details {
  "service": "poker-game-api",
  "method": "GET",
  "url": "/api/game/games",
  "params": {},
  "query": {}
}
2025-02-27 15:21:14 [[32MHTTP[39M]: GET /api/game/games 200 0.652 ms {
  "service": "poker-game-api"
}
2025-02-27 15:21:14 [[34MDEBUG[39M]: Request Details {
  "service": "poker-game-api",
  "method": "GET",
  "url": "/api/game/state/d84ece65-c0b0-4477-90bd-b3ffc6dd9a1a",
  "params": {},
  "query": {}
}
2025-02-27 15:21:14 [[34MDEBUG[39M]: Game state retrieved {
  "service": "poker-game-api",
  "gameId": "ee013f5d-5b1f-4660-84b7-66b0a743f989",
  "playerId": "d84ece65-c0b0-4477-90bd-b3ffc6dd9a1a",
  "gamePhase": "waiting",
  "isGameOver": false
}
2025-02-27 15:21:14 [[32MHTTP[39M]: GET /api/game/state/d84ece65-c0b0-4477-90bd-b3ffc6dd9a1a 200 2.083 ms {
  "service": "poker-game-api"
}
2025-02-27 15:21:16 [[34MDEBUG[39M]: Request Details {
  "service": "poker-game-api",
  "method": "GET",
  "url": "/api/game/state/d84ece65-c0b0-4477-90bd-b3ffc6dd9a1a",
  "params": {},
  "query": {}
}
2025-02-27 15:21:16 [[34MDEBUG[39M]: Game state retrieved {
  "service": "poker-game-api",
  "gameId": "ee013f5d-5b1f-4660-84b7-66b0a743f989",
  "playerId": "d84ece65-c0b0-4477-90bd-b3ffc6dd9a1a",
  "gamePhase": "waiting",
  "isGameOver": false
}
2025-02-27 15:21:16 [[32MHTTP[39M]: GET /api/game/state/d84ece65-c0b0-4477-90bd-b3ffc6dd9a1a 200 1.730 ms {
  "service": "poker-game-api"
}
2025-02-27 15:21:18 [[34MDEBUG[39M]: Request Details {
  "service": "poker-game-api",
  "method": "GET",
  "url": "/api/game/state/d84ece65-c0b0-4477-90bd-b3ffc6dd9a1a",
  "params": {},
  "query": {}
}
2025-02-27 15:21:18 [[34MDEBUG[39M]: Game state retrieved {
  "service": "poker-game-api",
  "gameId": "ee013f5d-5b1f-4660-84b7-66b0a743f989",
  "playerId": "d84ece65-c0b0-4477-90bd-b3ffc6dd9a1a",
  "gamePhase": "waiting",
  "isGameOver": false
}
2025-02-27 15:21:18 [[32MHTTP[39M]: GET /api/game/state/d84ece65-c0b0-4477-90bd-b3ffc6dd9a1a 200 1.705 ms {
  "service": "poker-game-api"
}
2025-02-27 15:21:19 [[34MDEBUG[39M]: Request Details {
  "service": "poker-game-api",
  "method": "GET",
  "url": "/api/game/games",
  "params": {},
  "query": {}
}
2025-02-27 15:21:19 [[32MHTTP[39M]: GET /api/game/games 200 1.380 ms {
  "service": "poker-game-api"
}
2025-02-27 15:21:20 [[34MDEBUG[39M]: Request Details {
  "service": "poker-game-api",
  "method": "GET",
  "url": "/api/game/state/d84ece65-c0b0-4477-90bd-b3ffc6dd9a1a",
  "params": {},
  "query": {}
}
2025-02-27 15:21:20 [[34MDEBUG[39M]: Game state retrieved {
  "service": "poker-game-api",
  "gameId": "ee013f5d-5b1f-4660-84b7-66b0a743f989",
  "playerId": "d84ece65-c0b0-4477-90bd-b3ffc6dd9a1a",
  "gamePhase": "waiting",
  "isGameOver": false
}
2025-02-27 15:21:20 [[32MHTTP[39M]: GET /api/game/state/d84ece65-c0b0-4477-90bd-b3ffc6dd9a1a 200 1.882 ms {
  "service": "poker-game-api"
}
2025-02-27 15:21:22 [[34MDEBUG[39M]: Request Details {
  "service": "poker-game-api",
  "method": "GET",
  "url": "/api/game/state/d84ece65-c0b0-4477-90bd-b3ffc6dd9a1a",
  "params": {},
  "query": {}
}
2025-02-27 15:21:22 [[34MDEBUG[39M]: Game state retrieved {
  "service": "poker-game-api",
  "gameId": "ee013f5d-5b1f-4660-84b7-66b0a743f989",
  "playerId": "d84ece65-c0b0-4477-90bd-b3ffc6dd9a1a",
  "gamePhase": "waiting",
  "isGameOver": false
}
2025-02-27 15:21:22 [[32MHTTP[39M]: GET /api/game/state/d84ece65-c0b0-4477-90bd-b3ffc6dd9a1a 200 2.090 ms {
  "service": "poker-game-api"
}
2025-02-27 15:21:24 [[34MDEBUG[39M]: Request Details {
  "service": "poker-game-api",
  "method": "GET",
  "url": "/api/game/games",
  "params": {},
  "query": {}
}
2025-02-27 15:21:24 [[32MHTTP[39M]: GET /api/game/games 200 1.337 ms {
  "service": "poker-game-api"
}
2025-02-27 15:21:24 [[34MDEBUG[39M]: Request Details {
  "service": "poker-game-api",
  "method": "GET",
  "url": "/api/game/state/d84ece65-c0b0-4477-90bd-b3ffc6dd9a1a",
  "params": {},
  "query": {}
}
2025-02-27 15:21:24 [[34MDEBUG[39M]: Game state retrieved {
  "service": "poker-game-api",
  "gameId": "ee013f5d-5b1f-4660-84b7-66b0a743f989",
  "playerId": "d84ece65-c0b0-4477-90bd-b3ffc6dd9a1a",
  "gamePhase": "waiting",
  "isGameOver": false
}
2025-02-27 15:21:24 [[32MHTTP[39M]: GET /api/game/state/d84ece65-c0b0-4477-90bd-b3ffc6dd9a1a 200 1.959 ms {
  "service": "poker-game-api"
}
2025-02-27 15:21:26 [[34MDEBUG[39M]: Request Details {
  "service": "poker-game-api",
  "method": "GET",
  "url": "/api/game/state/d84ece65-c0b0-4477-90bd-b3ffc6dd9a1a",
  "params": {},
  "query": {}
}
2025-02-27 15:21:26 [[34MDEBUG[39M]: Game state retrieved {
  "service": "poker-game-api",
  "gameId": "ee013f5d-5b1f-4660-84b7-66b0a743f989",
  "playerId": "d84ece65-c0b0-4477-90bd-b3ffc6dd9a1a",
  "gamePhase": "waiting",
  "isGameOver": false
}
2025-02-27 15:21:26 [[32MHTTP[39M]: GET /api/game/state/d84ece65-c0b0-4477-90bd-b3ffc6dd9a1a 200 1.711 ms {
  "service": "poker-game-api"
}
2025-02-27 15:21:28 [[34MDEBUG[39M]: Request Details {
  "service": "poker-game-api",
  "method": "GET",
  "url": "/api/game/state/d84ece65-c0b0-4477-90bd-b3ffc6dd9a1a",
  "params": {},
  "query": {}
}
2025-02-27 15:21:28 [[34MDEBUG[39M]: Game state retrieved {
  "service": "poker-game-api",
  "gameId": "ee013f5d-5b1f-4660-84b7-66b0a743f989",
  "playerId": "d84ece65-c0b0-4477-90bd-b3ffc6dd9a1a",
  "gamePhase": "waiting",
  "isGameOver": false
}
2025-02-27 15:21:28 [[32MHTTP[39M]: GET /api/game/state/d84ece65-c0b0-4477-90bd-b3ffc6dd9a1a 200 1.655 ms {
  "service": "poker-game-api"
}
2025-02-27 15:21:29 [[34MDEBUG[39M]: Request Details {
  "service": "poker-game-api",
  "method": "GET",
  "url": "/api/game/games",
  "params": {},
  "query": {}
}
2025-02-27 15:21:29 [[32MHTTP[39M]: GET /api/game/games 200 1.616 ms {
  "service": "poker-game-api"
}
2025-02-27 15:21:30 [[34MDEBUG[39M]: Request Details {
  "service": "poker-game-api",
  "method": "GET",
  "url": "/api/game/state/d84ece65-c0b0-4477-90bd-b3ffc6dd9a1a",
  "params": {},
  "query": {}
}
2025-02-27 15:21:30 [[34MDEBUG[39M]: Game state retrieved {
  "service": "poker-game-api",
  "gameId": "ee013f5d-5b1f-4660-84b7-66b0a743f989",
  "playerId": "d84ece65-c0b0-4477-90bd-b3ffc6dd9a1a",
  "gamePhase": "waiting",
  "isGameOver": false
}
2025-02-27 15:21:30 [[32MHTTP[39M]: GET /api/game/state/d84ece65-c0b0-4477-90bd-b3ffc6dd9a1a 200 1.762 ms {
  "service": "poker-game-api"
}
2025-02-27 15:21:32 [[34MDEBUG[39M]: Request Details {
  "service": "poker-game-api",
  "method": "GET",
  "url": "/api/game/state/d84ece65-c0b0-4477-90bd-b3ffc6dd9a1a",
  "params": {},
  "query": {}
}
2025-02-27 15:21:32 [[34MDEBUG[39M]: Game state retrieved {
  "service": "poker-game-api",
  "gameId": "ee013f5d-5b1f-4660-84b7-66b0a743f989",
  "playerId": "d84ece65-c0b0-4477-90bd-b3ffc6dd9a1a",
  "gamePhase": "waiting",
  "isGameOver": false
}
2025-02-27 15:21:32 [[32MHTTP[39M]: GET /api/game/state/d84ece65-c0b0-4477-90bd-b3ffc6dd9a1a 200 2.278 ms {
  "service": "poker-game-api"
}
2025-02-27 15:21:34 [[34MDEBUG[39M]: Request Details {
  "service": "poker-game-api",
  "method": "GET",
  "url": "/api/game/games",
  "params": {},
  "query": {}
}
2025-02-27 15:21:34 [[32MHTTP[39M]: GET /api/game/games 200 1.540 ms {
  "service": "poker-game-api"
}
2025-02-27 15:21:34 [[34MDEBUG[39M]: Request Details {
  "service": "poker-game-api",
  "method": "GET",
  "url": "/api/game/state/d84ece65-c0b0-4477-90bd-b3ffc6dd9a1a",
  "params": {},
  "query": {}
}
2025-02-27 15:21:34 [[34MDEBUG[39M]: Game state retrieved {
  "service": "poker-game-api",
  "gameId": "ee013f5d-5b1f-4660-84b7-66b0a743f989",
  "playerId": "d84ece65-c0b0-4477-90bd-b3ffc6dd9a1a",
  "gamePhase": "waiting",
  "isGameOver": false
}
2025-02-27 15:21:34 [[32MHTTP[39M]: GET /api/game/state/d84ece65-c0b0-4477-90bd-b3ffc6dd9a1a 200 2.011 ms {
  "service": "poker-game-api"
}
2025-02-27 15:21:36 [[34MDEBUG[39M]: Request Details {
  "service": "poker-game-api",
  "method": "GET",
  "url": "/api/game/state/d84ece65-c0b0-4477-90bd-b3ffc6dd9a1a",
  "params": {},
  "query": {}
}
2025-02-27 15:21:36 [[34MDEBUG[39M]: Game state retrieved {
  "service": "poker-game-api",
  "gameId": "ee013f5d-5b1f-4660-84b7-66b0a743f989",
  "playerId": "d84ece65-c0b0-4477-90bd-b3ffc6dd9a1a",
  "gamePhase": "waiting",
  "isGameOver": false
}
2025-02-27 15:21:36 [[32MHTTP[39M]: GET /api/game/state/d84ece65-c0b0-4477-90bd-b3ffc6dd9a1a 200 2.555 ms {
  "service": "poker-game-api"
}
2025-02-27 15:21:39 [[32MINFO[39M]: API rodando em ambiente: development {
  "service": "poker-game-api"
}
2025-02-27 15:21:39 [[32MINFO[39M]: Poker Game API Server iniciado {
  "service": "poker-game-api",
  "port": "3001",
  "environment": "development"
}
2025-02-27 15:21:39 [[32MINFO[39M]: Documentação Swagger disponível em http://localhost:3001/api-docs {
  "service": "poker-game-api"
}
2025-02-27 15:21:39 [[32MINFO[39M]: Dashboard de monitoramento disponível em http://localhost:3001/dashboard.html {
  "service": "poker-game-api"
}
2025-02-27 15:21:40 [[34MDEBUG[39M]: Request Details {
  "service": "poker-game-api",
  "method": "GET",
  "url": "/api/game/state/d84ece65-c0b0-4477-90bd-b3ffc6dd9a1a",
  "params": {},
  "query": {}
}
2025-02-27 15:21:40 [[34MDEBUG[39M]: State request but no game in progress {
  "service": "poker-game-api"
}
2025-02-27 15:21:40 [[32MHTTP[39M]: GET /api/game/state/d84ece65-c0b0-4477-90bd-b3ffc6dd9a1a 404 8.098 ms {
  "service": "poker-game-api"
}
2025-02-27 15:21:42 [[34MDEBUG[39M]: Request Details {
  "service": "poker-game-api",
  "method": "GET",
  "url": "/api/game/state/d84ece65-c0b0-4477-90bd-b3ffc6dd9a1a",
  "params": {},
  "query": {}
}
2025-02-27 15:21:42 [[34MDEBUG[39M]: State request but no game in progress {
  "service": "poker-game-api"
}
2025-02-27 15:21:42 [[32MHTTP[39M]: GET /api/game/state/d84ece65-c0b0-4477-90bd-b3ffc6dd9a1a 404 2.142 ms {
  "service": "poker-game-api"
}
2025-02-27 15:21:44 [[34MDEBUG[39M]: Request Details {
  "service": "poker-game-api",
  "method": "GET",
  "url": "/api/game/games",
  "params": {},
  "query": {}
}
2025-02-27 15:21:44 [[32MHTTP[39M]: GET /api/game/games 200 0.691 ms {
  "service": "poker-game-api"
}
2025-02-27 15:21:44 [[34MDEBUG[39M]: Request Details {
  "service": "poker-game-api",
  "method": "GET",
  "url": "/api/game/state/d84ece65-c0b0-4477-90bd-b3ffc6dd9a1a",
  "params": {},
  "query": {}
}
2025-02-27 15:21:44 [[34MDEBUG[39M]: State request but no game in progress {
  "service": "poker-game-api"
}
2025-02-27 15:21:44 [[32MHTTP[39M]: GET /api/game/state/d84ece65-c0b0-4477-90bd-b3ffc6dd9a1a 404 0.782 ms {
  "service": "poker-game-api"
}
2025-02-27 15:21:49 [[34MDEBUG[39M]: Request Details {
  "service": "poker-game-api",
  "method": "GET",
  "url": "/api/game/games",
  "params": {},
  "query": {}
}
2025-02-27 15:21:49 [[32MHTTP[39M]: GET /api/game/games 304 2.757 ms {
  "service": "poker-game-api"
}
2025-02-27 15:21:49 [[34MDEBUG[39M]: Request Details {
  "service": "poker-game-api",
  "method": "POST",
  "url": "/api/game/join",
  "params": {},
  "query": {}
}
2025-02-27 15:21:49 [[32MINFO[39M]: Game created with ID: 5e3bb546-d86e-4e63-9ce5-bcce27d30a28 {
  "service": "poker-game-api"
}
2025-02-27 15:21:49 [[32MINFO[39M]: Player joined game {
  "service": "poker-game-api",
  "gameId": "5e3bb546-d86e-4e63-9ce5-bcce27d30a28",
  "playerId": "7b4b0c27-899a-44fb-8743-9670fd8e9f41",
  "playerName": "Poker Player"
}
2025-02-27 15:21:49 [[32MHTTP[39M]: POST /api/game/join 200 8.343 ms {
  "service": "poker-game-api"
}
2025-02-27 15:21:49 [[34MDEBUG[39M]: Request Details {
  "service": "poker-game-api",
  "method": "POST",
  "url": "/api/game/ready/7b4b0c27-899a-44fb-8743-9670fd8e9f41",
  "params": {},
  "query": {}
}
2025-02-27 15:21:49 [[34MDEBUG[39M]: Player marked as ready {
  "service": "poker-game-api",
  "gameId": "5e3bb546-d86e-4e63-9ce5-bcce27d30a28",
  "playerId": "7b4b0c27-899a-44fb-8743-9670fd8e9f41",
  "playerName": "Poker Player"
}
2025-02-27 15:21:49 [[32MHTTP[39M]: POST /api/game/ready/7b4b0c27-899a-44fb-8743-9670fd8e9f41 200 0.700 ms {
  "service": "poker-game-api"
}
2025-02-27 15:21:51 [[34MDEBUG[39M]: Request Details {
  "service": "poker-game-api",
  "method": "GET",
  "url": "/api/game/state/7b4b0c27-899a-44fb-8743-9670fd8e9f41",
  "params": {},
  "query": {}
}
2025-02-27 15:21:51 [[34MDEBUG[39M]: Game state retrieved {
  "service": "poker-game-api",
  "gameId": "5e3bb546-d86e-4e63-9ce5-bcce27d30a28",
  "playerId": "7b4b0c27-899a-44fb-8743-9670fd8e9f41",
  "gamePhase": "waiting",
  "isGameOver": false
}
2025-02-27 15:21:51 [[32MHTTP[39M]: GET /api/game/state/7b4b0c27-899a-44fb-8743-9670fd8e9f41 200 2.788 ms {
  "service": "poker-game-api"
}
2025-02-27 15:21:53 [[34MDEBUG[39M]: Request Details {
  "service": "poker-game-api",
  "method": "GET",
  "url": "/api/game/state/7b4b0c27-899a-44fb-8743-9670fd8e9f41",
  "params": {},
  "query": {}
}
2025-02-27 15:21:53 [[34MDEBUG[39M]: Game state retrieved {
  "service": "poker-game-api",
  "gameId": "5e3bb546-d86e-4e63-9ce5-bcce27d30a28",
  "playerId": "7b4b0c27-899a-44fb-8743-9670fd8e9f41",
  "gamePhase": "waiting",
  "isGameOver": false
}
2025-02-27 15:21:53 [[32MHTTP[39M]: GET /api/game/state/7b4b0c27-899a-44fb-8743-9670fd8e9f41 200 2.442 ms {
  "service": "poker-game-api"
}
2025-02-27 15:21:54 [[34MDEBUG[39M]: Request Details {
  "service": "poker-game-api",
  "method": "GET",
  "url": "/api/game/games",
  "params": {},
  "query": {}
}
2025-02-27 15:21:54 [[32MHTTP[39M]: GET /api/game/games 200 1.818 ms {
  "service": "poker-game-api"
}
2025-02-27 15:21:55 [[34MDEBUG[39M]: Request Details {
  "service": "poker-game-api",
  "method": "GET",
  "url": "/api/game/state/7b4b0c27-899a-44fb-8743-9670fd8e9f41",
  "params": {},
  "query": {}
}
2025-02-27 15:21:55 [[34MDEBUG[39M]: Game state retrieved {
  "service": "poker-game-api",
  "gameId": "5e3bb546-d86e-4e63-9ce5-bcce27d30a28",
  "playerId": "7b4b0c27-899a-44fb-8743-9670fd8e9f41",
  "gamePhase": "waiting",
  "isGameOver": false
}
2025-02-27 15:21:55 [[32MHTTP[39M]: GET /api/game/state/7b4b0c27-899a-44fb-8743-9670fd8e9f41 200 2.236 ms {
  "service": "poker-game-api"
}
2025-02-27 15:21:57 [[34MDEBUG[39M]: Request Details {
  "service": "poker-game-api",
  "method": "GET",
  "url": "/api/game/state/7b4b0c27-899a-44fb-8743-9670fd8e9f41",
  "params": {},
  "query": {}
}
2025-02-27 15:21:57 [[34MDEBUG[39M]: Game state retrieved {
  "service": "poker-game-api",
  "gameId": "5e3bb546-d86e-4e63-9ce5-bcce27d30a28",
  "playerId": "7b4b0c27-899a-44fb-8743-9670fd8e9f41",
  "gamePhase": "waiting",
  "isGameOver": false
}
2025-02-27 15:21:57 [[32MHTTP[39M]: GET /api/game/state/7b4b0c27-899a-44fb-8743-9670fd8e9f41 200 1.922 ms {
  "service": "poker-game-api"
}
2025-02-27 15:21:59 [[34MDEBUG[39M]: Request Details {
  "service": "poker-game-api",
  "method": "GET",
  "url": "/api/game/games",
  "params": {},
  "query": {}
}
2025-02-27 15:21:59 [[32MHTTP[39M]: GET /api/game/games 200 1.548 ms {
  "service": "poker-game-api"
}
2025-02-27 15:21:59 [[34MDEBUG[39M]: Request Details {
  "service": "poker-game-api",
  "method": "GET",
  "url": "/api/game/state/7b4b0c27-899a-44fb-8743-9670fd8e9f41",
  "params": {},
  "query": {}
}
2025-02-27 15:21:59 [[34MDEBUG[39M]: Game state retrieved {
  "service": "poker-game-api",
  "gameId": "5e3bb546-d86e-4e63-9ce5-bcce27d30a28",
  "playerId": "7b4b0c27-899a-44fb-8743-9670fd8e9f41",
  "gamePhase": "waiting",
  "isGameOver": false
}
2025-02-27 15:21:59 [[32MHTTP[39M]: GET /api/game/state/7b4b0c27-899a-44fb-8743-9670fd8e9f41 200 0.854 ms {
  "service": "poker-game-api"
}
2025-02-27 15:22:01 [[34MDEBUG[39M]: Request Details {
  "service": "poker-game-api",
  "method": "GET",
  "url": "/api/game/state/7b4b0c27-899a-44fb-8743-9670fd8e9f41",
  "params": {},
  "query": {}
}
2025-02-27 15:22:01 [[34MDEBUG[39M]: Game state retrieved {
  "service": "poker-game-api",
  "gameId": "5e3bb546-d86e-4e63-9ce5-bcce27d30a28",
  "playerId": "7b4b0c27-899a-44fb-8743-9670fd8e9f41",
  "gamePhase": "waiting",
  "isGameOver": false
}
2025-02-27 15:22:01 [[32MHTTP[39M]: GET /api/game/state/7b4b0c27-899a-44fb-8743-9670fd8e9f41 200 1.768 ms {
  "service": "poker-game-api"
}
2025-02-27 15:22:03 [[34MDEBUG[39M]: Request Details {
  "service": "poker-game-api",
  "method": "GET",
  "url": "/api/game/state/7b4b0c27-899a-44fb-8743-9670fd8e9f41",
  "params": {},
  "query": {}
}
2025-02-27 15:22:03 [[34MDEBUG[39M]: Game state retrieved {
  "service": "poker-game-api",
  "gameId": "5e3bb546-d86e-4e63-9ce5-bcce27d30a28",
  "playerId": "7b4b0c27-899a-44fb-8743-9670fd8e9f41",
  "gamePhase": "waiting",
  "isGameOver": false
}
2025-02-27 15:22:03 [[32MHTTP[39M]: GET /api/game/state/7b4b0c27-899a-44fb-8743-9670fd8e9f41 200 1.546 ms {
  "service": "poker-game-api"
}
2025-02-27 15:22:04 [[34MDEBUG[39M]: Request Details {
  "service": "poker-game-api",
  "method": "GET",
  "url": "/api/game/games",
  "params": {},
  "query": {}
}
2025-02-27 15:22:04 [[32MHTTP[39M]: GET /api/game/games 200 1.324 ms {
  "service": "poker-game-api"
}
2025-02-27 15:22:05 [[34MDEBUG[39M]: Request Details {
  "service": "poker-game-api",
  "method": "GET",
  "url": "/api/game/state/7b4b0c27-899a-44fb-8743-9670fd8e9f41",
  "params": {},
  "query": {}
}
2025-02-27 15:22:05 [[34MDEBUG[39M]: Game state retrieved {
  "service": "poker-game-api",
  "gameId": "5e3bb546-d86e-4e63-9ce5-bcce27d30a28",
  "playerId": "7b4b0c27-899a-44fb-8743-9670fd8e9f41",
  "gamePhase": "waiting",
  "isGameOver": false
}
2025-02-27 15:22:05 [[32MHTTP[39M]: GET /api/game/state/7b4b0c27-899a-44fb-8743-9670fd8e9f41 200 2.246 ms {
  "service": "poker-game-api"
}
2025-02-27 15:22:07 [[34MDEBUG[39M]: Request Details {
  "service": "poker-game-api",
  "method": "GET",
  "url": "/api/game/state/7b4b0c27-899a-44fb-8743-9670fd8e9f41",
  "params": {},
  "query": {}
}
2025-02-27 15:22:07 [[34MDEBUG[39M]: Game state retrieved {
  "service": "poker-game-api",
  "gameId": "5e3bb546-d86e-4e63-9ce5-bcce27d30a28",
  "playerId": "7b4b0c27-899a-44fb-8743-9670fd8e9f41",
  "gamePhase": "waiting",
  "isGameOver": false
}
2025-02-27 15:22:07 [[32MHTTP[39M]: GET /api/game/state/7b4b0c27-899a-44fb-8743-9670fd8e9f41 200 1.986 ms {
  "service": "poker-game-api"
}
2025-02-27 15:22:09 [[34MDEBUG[39M]: Request Details {
  "service": "poker-game-api",
  "method": "GET",
  "url": "/api/game/games",
  "params": {},
  "query": {}
}
2025-02-27 15:22:09 [[32MHTTP[39M]: GET /api/game/games 200 1.462 ms {
  "service": "poker-game-api"
}
2025-02-27 15:22:09 [[34MDEBUG[39M]: Request Details {
  "service": "poker-game-api",
  "method": "GET",
  "url": "/api/game/state/7b4b0c27-899a-44fb-8743-9670fd8e9f41",
  "params": {},
  "query": {}
}
2025-02-27 15:22:09 [[34MDEBUG[39M]: Game state retrieved {
  "service": "poker-game-api",
  "gameId": "5e3bb546-d86e-4e63-9ce5-bcce27d30a28",
  "playerId": "7b4b0c27-899a-44fb-8743-9670fd8e9f41",
  "gamePhase": "waiting",
  "isGameOver": false
}
2025-02-27 15:22:09 [[32MHTTP[39M]: GET /api/game/state/7b4b0c27-899a-44fb-8743-9670fd8e9f41 200 0.776 ms {
  "service": "poker-game-api"
}
2025-02-27 15:22:11 [[34MDEBUG[39M]: Request Details {
  "service": "poker-game-api",
  "method": "GET",
  "url": "/api/game/state/7b4b0c27-899a-44fb-8743-9670fd8e9f41",
  "params": {},
  "query": {}
}
2025-02-27 15:22:11 [[34MDEBUG[39M]: Game state retrieved {
  "service": "poker-game-api",
  "gameId": "5e3bb546-d86e-4e63-9ce5-bcce27d30a28",
  "playerId": "7b4b0c27-899a-44fb-8743-9670fd8e9f41",
  "gamePhase": "waiting",
  "isGameOver": false
}
2025-02-27 15:22:11 [[32MHTTP[39M]: GET /api/game/state/7b4b0c27-899a-44fb-8743-9670fd8e9f41 200 1.915 ms {
  "service": "poker-game-api"
}
2025-02-27 15:22:13 [[34MDEBUG[39M]: Request Details {
  "service": "poker-game-api",
  "method": "GET",
  "url": "/api/game/state/7b4b0c27-899a-44fb-8743-9670fd8e9f41",
  "params": {},
  "query": {}
}
2025-02-27 15:22:13 [[34MDEBUG[39M]: Game state retrieved {
  "service": "poker-game-api",
  "gameId": "5e3bb546-d86e-4e63-9ce5-bcce27d30a28",
  "playerId": "7b4b0c27-899a-44fb-8743-9670fd8e9f41",
  "gamePhase": "waiting",
  "isGameOver": false
}
2025-02-27 15:22:13 [[32MHTTP[39M]: GET /api/game/state/7b4b0c27-899a-44fb-8743-9670fd8e9f41 200 1.465 ms {
  "service": "poker-game-api"
}
2025-02-27 15:22:14 [[34MDEBUG[39M]: Request Details {
  "service": "poker-game-api",
  "method": "GET",
  "url": "/api/game/games",
  "params": {},
  "query": {}
}
2025-02-27 15:22:14 [[32MHTTP[39M]: GET /api/game/games 200 1.335 ms {
  "service": "poker-game-api"
}
2025-02-27 15:22:15 [[34MDEBUG[39M]: Request Details {
  "service": "poker-game-api",
  "method": "GET",
  "url": "/api/game/state/7b4b0c27-899a-44fb-8743-9670fd8e9f41",
  "params": {},
  "query": {}
}
2025-02-27 15:22:15 [[34MDEBUG[39M]: Game state retrieved {
  "service": "poker-game-api",
  "gameId": "5e3bb546-d86e-4e63-9ce5-bcce27d30a28",
  "playerId": "7b4b0c27-899a-44fb-8743-9670fd8e9f41",
  "gamePhase": "waiting",
  "isGameOver": false
}
2025-02-27 15:22:15 [[32MHTTP[39M]: GET /api/game/state/7b4b0c27-899a-44fb-8743-9670fd8e9f41 200 1.890 ms {
  "service": "poker-game-api"
}
2025-02-27 15:22:17 [[34MDEBUG[39M]: Request Details {
  "service": "poker-game-api",
  "method": "GET",
  "url": "/api/game/state/7b4b0c27-899a-44fb-8743-9670fd8e9f41",
  "params": {},
  "query": {}
}
2025-02-27 15:22:17 [[34MDEBUG[39M]: Game state retrieved {
  "service": "poker-game-api",
  "gameId": "5e3bb546-d86e-4e63-9ce5-bcce27d30a28",
  "playerId": "7b4b0c27-899a-44fb-8743-9670fd8e9f41",
  "gamePhase": "waiting",
  "isGameOver": false
}
2025-02-27 15:22:17 [[32MHTTP[39M]: GET /api/game/state/7b4b0c27-899a-44fb-8743-9670fd8e9f41 200 1.628 ms {
  "service": "poker-game-api"
}
2025-02-27 15:22:19 [[34MDEBUG[39M]: Request Details {
  "service": "poker-game-api",
  "method": "GET",
  "url": "/api/game/games",
  "params": {},
  "query": {}
}
2025-02-27 15:22:19 [[32MHTTP[39M]: GET /api/game/games 200 1.223 ms {
  "service": "poker-game-api"
}
2025-02-27 15:22:19 [[34MDEBUG[39M]: Request Details {
  "service": "poker-game-api",
  "method": "GET",
  "url": "/api/game/state/7b4b0c27-899a-44fb-8743-9670fd8e9f41",
  "params": {},
  "query": {}
}
2025-02-27 15:22:19 [[34MDEBUG[39M]: Game state retrieved {
  "service": "poker-game-api",
  "gameId": "5e3bb546-d86e-4e63-9ce5-bcce27d30a28",
  "playerId": "7b4b0c27-899a-44fb-8743-9670fd8e9f41",
  "gamePhase": "waiting",
  "isGameOver": false
}
2025-02-27 15:22:19 [[32MHTTP[39M]: GET /api/game/state/7b4b0c27-899a-44fb-8743-9670fd8e9f41 200 0.896 ms {
  "service": "poker-game-api"
}
2025-02-27 15:22:21 [[34MDEBUG[39M]: Request Details {
  "service": "poker-game-api",
  "method": "GET",
  "url": "/api/game/state/7b4b0c27-899a-44fb-8743-9670fd8e9f41",
  "params": {},
  "query": {}
}
2025-02-27 15:22:21 [[34MDEBUG[39M]: Game state retrieved {
  "service": "poker-game-api",
  "gameId": "5e3bb546-d86e-4e63-9ce5-bcce27d30a28",
  "playerId": "7b4b0c27-899a-44fb-8743-9670fd8e9f41",
  "gamePhase": "waiting",
  "isGameOver": false
}
2025-02-27 15:22:21 [[32MHTTP[39M]: GET /api/game/state/7b4b0c27-899a-44fb-8743-9670fd8e9f41 200 2.157 ms {
  "service": "poker-game-api"
}
2025-02-27 15:22:23 [[34MDEBUG[39M]: Request Details {
  "service": "poker-game-api",
  "method": "GET",
  "url": "/api/game/state/7b4b0c27-899a-44fb-8743-9670fd8e9f41",
  "params": {},
  "query": {}
}
2025-02-27 15:22:23 [[34MDEBUG[39M]: Game state retrieved {
  "service": "poker-game-api",
  "gameId": "5e3bb546-d86e-4e63-9ce5-bcce27d30a28",
  "playerId": "7b4b0c27-899a-44fb-8743-9670fd8e9f41",
  "gamePhase": "waiting",
  "isGameOver": false
}
2025-02-27 15:22:23 [[32MHTTP[39M]: GET /api/game/state/7b4b0c27-899a-44fb-8743-9670fd8e9f41 200 1.630 ms {
  "service": "poker-game-api"
}
2025-02-27 15:22:24 [[34MDEBUG[39M]: Request Details {
  "service": "poker-game-api",
  "method": "GET",
  "url": "/api/game/games",
  "params": {},
  "query": {}
}
2025-02-27 15:22:24 [[32MHTTP[39M]: GET /api/game/games 200 1.458 ms {
  "service": "poker-game-api"
}
2025-02-27 15:22:25 [[34MDEBUG[39M]: Request Details {
  "service": "poker-game-api",
  "method": "GET",
  "url": "/api/game/state/7b4b0c27-899a-44fb-8743-9670fd8e9f41",
  "params": {},
  "query": {}
}
2025-02-27 15:22:25 [[34MDEBUG[39M]: Game state retrieved {
  "service": "poker-game-api",
  "gameId": "5e3bb546-d86e-4e63-9ce5-bcce27d30a28",
  "playerId": "7b4b0c27-899a-44fb-8743-9670fd8e9f41",
  "gamePhase": "waiting",
  "isGameOver": false
}
2025-02-27 15:22:25 [[32MHTTP[39M]: GET /api/game/state/7b4b0c27-899a-44fb-8743-9670fd8e9f41 200 1.959 ms {
  "service": "poker-game-api"
}
2025-02-27 15:22:27 [[34MDEBUG[39M]: Request Details {
  "service": "poker-game-api",
  "method": "GET",
  "url": "/api/game/state/7b4b0c27-899a-44fb-8743-9670fd8e9f41",
  "params": {},
  "query": {}
}
2025-02-27 15:22:27 [[34MDEBUG[39M]: Game state retrieved {
  "service": "poker-game-api",
  "gameId": "5e3bb546-d86e-4e63-9ce5-bcce27d30a28",
  "playerId": "7b4b0c27-899a-44fb-8743-9670fd8e9f41",
  "gamePhase": "waiting",
  "isGameOver": false
}
2025-02-27 15:22:27 [[32MHTTP[39M]: GET /api/game/state/7b4b0c27-899a-44fb-8743-9670fd8e9f41 200 1.786 ms {
  "service": "poker-game-api"
}
2025-02-27 15:22:29 [[34MDEBUG[39M]: Request Details {
  "service": "poker-game-api",
  "method": "GET",
  "url": "/api/game/games",
  "params": {},
  "query": {}
}
2025-02-27 15:22:29 [[32MHTTP[39M]: GET /api/game/games 200 1.590 ms {
  "service": "poker-game-api"
}
2025-02-27 15:22:29 [[34MDEBUG[39M]: Request Details {
  "service": "poker-game-api",
  "method": "GET",
  "url": "/api/game/state/7b4b0c27-899a-44fb-8743-9670fd8e9f41",
  "params": {},
  "query": {}
}
2025-02-27 15:22:29 [[34MDEBUG[39M]: Game state retrieved {
  "service": "poker-game-api",
  "gameId": "5e3bb546-d86e-4e63-9ce5-bcce27d30a28",
  "playerId": "7b4b0c27-899a-44fb-8743-9670fd8e9f41",
  "gamePhase": "waiting",
  "isGameOver": false
}
2025-02-27 15:22:29 [[32MHTTP[39M]: GET /api/game/state/7b4b0c27-899a-44fb-8743-9670fd8e9f41 200 0.708 ms {
  "service": "poker-game-api"
}
2025-02-27 15:22:31 [[34MDEBUG[39M]: Request Details {
  "service": "poker-game-api",
  "method": "GET",
  "url": "/api/game/state/7b4b0c27-899a-44fb-8743-9670fd8e9f41",
  "params": {},
  "query": {}
}
2025-02-27 15:22:31 [[34MDEBUG[39M]: Game state retrieved {
  "service": "poker-game-api",
  "gameId": "5e3bb546-d86e-4e63-9ce5-bcce27d30a28",
  "playerId": "7b4b0c27-899a-44fb-8743-9670fd8e9f41",
  "gamePhase": "waiting",
  "isGameOver": false
}
2025-02-27 15:22:31 [[32MHTTP[39M]: GET /api/game/state/7b4b0c27-899a-44fb-8743-9670fd8e9f41 200 2.116 ms {
  "service": "poker-game-api"
}
2025-02-27 15:22:33 [[34MDEBUG[39M]: Request Details {
  "service": "poker-game-api",
  "method": "GET",
  "url": "/api/game/state/7b4b0c27-899a-44fb-8743-9670fd8e9f41",
  "params": {},
  "query": {}
}
2025-02-27 15:22:33 [[34MDEBUG[39M]: Game state retrieved {
  "service": "poker-game-api",
  "gameId": "5e3bb546-d86e-4e63-9ce5-bcce27d30a28",
  "playerId": "7b4b0c27-899a-44fb-8743-9670fd8e9f41",
  "gamePhase": "waiting",
  "isGameOver": false
}
2025-02-27 15:22:33 [[32MHTTP[39M]: GET /api/game/state/7b4b0c27-899a-44fb-8743-9670fd8e9f41 200 2.192 ms {
  "service": "poker-game-api"
}
2025-02-27 15:22:34 [[34MDEBUG[39M]: Request Details {
  "service": "poker-game-api",
  "method": "GET",
  "url": "/api/game/games",
  "params": {},
  "query": {}
}
2025-02-27 15:22:34 [[32MHTTP[39M]: GET /api/game/games 200 1.441 ms {
  "service": "poker-game-api"
}
2025-02-27 15:22:35 [[34MDEBUG[39M]: Request Details {
  "service": "poker-game-api",
  "method": "GET",
  "url": "/api/game/state/7b4b0c27-899a-44fb-8743-9670fd8e9f41",
  "params": {},
  "query": {}
}
2025-02-27 15:22:35 [[34MDEBUG[39M]: Game state retrieved {
  "service": "poker-game-api",
  "gameId": "5e3bb546-d86e-4e63-9ce5-bcce27d30a28",
  "playerId": "7b4b0c27-899a-44fb-8743-9670fd8e9f41",
  "gamePhase": "waiting",
  "isGameOver": false
}
2025-02-27 15:22:35 [[32MHTTP[39M]: GET /api/game/state/7b4b0c27-899a-44fb-8743-9670fd8e9f41 200 1.705 ms {
  "service": "poker-game-api"
}
2025-02-27 15:22:37 [[34MDEBUG[39M]: Request Details {
  "service": "poker-game-api",
  "method": "GET",
  "url": "/api/game/state/7b4b0c27-899a-44fb-8743-9670fd8e9f41",
  "params": {},
  "query": {}
}
2025-02-27 15:22:37 [[34MDEBUG[39M]: Game state retrieved {
  "service": "poker-game-api",
  "gameId": "5e3bb546-d86e-4e63-9ce5-bcce27d30a28",
  "playerId": "7b4b0c27-899a-44fb-8743-9670fd8e9f41",
  "gamePhase": "waiting",
  "isGameOver": false
}
2025-02-27 15:22:37 [[32MHTTP[39M]: GET /api/game/state/7b4b0c27-899a-44fb-8743-9670fd8e9f41 200 1.680 ms {
  "service": "poker-game-api"
}
2025-02-27 15:22:39 [[34MDEBUG[39M]: Request Details {
  "service": "poker-game-api",
  "method": "GET",
  "url": "/api/game/games",
  "params": {},
  "query": {}
}
2025-02-27 15:22:39 [[32MHTTP[39M]: GET /api/game/games 200 0.994 ms {
  "service": "poker-game-api"
}
2025-02-27 15:22:39 [[34MDEBUG[39M]: Request Details {
  "service": "poker-game-api",
  "method": "GET",
  "url": "/api/game/state/7b4b0c27-899a-44fb-8743-9670fd8e9f41",
  "params": {},
  "query": {}
}
2025-02-27 15:22:39 [[34MDEBUG[39M]: Game state retrieved {
  "service": "poker-game-api",
  "gameId": "5e3bb546-d86e-4e63-9ce5-bcce27d30a28",
  "playerId": "7b4b0c27-899a-44fb-8743-9670fd8e9f41",
  "gamePhase": "waiting",
  "isGameOver": false
}
2025-02-27 15:22:39 [[32MHTTP[39M]: GET /api/game/state/7b4b0c27-899a-44fb-8743-9670fd8e9f41 200 0.636 ms {
  "service": "poker-game-api"
}
2025-02-27 15:22:41 [[34MDEBUG[39M]: Request Details {
  "service": "poker-game-api",
  "method": "GET",
  "url": "/api/game/state/7b4b0c27-899a-44fb-8743-9670fd8e9f41",
  "params": {},
  "query": {}
}
2025-02-27 15:22:41 [[34MDEBUG[39M]: Game state retrieved {
  "service": "poker-game-api",
  "gameId": "5e3bb546-d86e-4e63-9ce5-bcce27d30a28",
  "playerId": "7b4b0c27-899a-44fb-8743-9670fd8e9f41",
  "gamePhase": "waiting",
  "isGameOver": false
}
2025-02-27 15:22:41 [[32MHTTP[39M]: GET /api/game/state/7b4b0c27-899a-44fb-8743-9670fd8e9f41 200 1.905 ms {
  "service": "poker-game-api"
}
2025-02-27 15:22:43 [[34MDEBUG[39M]: Request Details {
  "service": "poker-game-api",
  "method": "GET",
  "url": "/api/game/state/7b4b0c27-899a-44fb-8743-9670fd8e9f41",
  "params": {},
  "query": {}
}
2025-02-27 15:22:43 [[34MDEBUG[39M]: Game state retrieved {
  "service": "poker-game-api",
  "gameId": "5e3bb546-d86e-4e63-9ce5-bcce27d30a28",
  "playerId": "7b4b0c27-899a-44fb-8743-9670fd8e9f41",
  "gamePhase": "waiting",
  "isGameOver": false
}
2025-02-27 15:22:43 [[32MHTTP[39M]: GET /api/game/state/7b4b0c27-899a-44fb-8743-9670fd8e9f41 200 1.729 ms {
  "service": "poker-game-api"
}
2025-02-27 15:22:44 [[34MDEBUG[39M]: Request Details {
  "service": "poker-game-api",
  "method": "GET",
  "url": "/api/game/games",
  "params": {},
  "query": {}
}
2025-02-27 15:22:44 [[32MHTTP[39M]: GET /api/game/games 200 1.352 ms {
  "service": "poker-game-api"
}
2025-02-27 15:22:45 [[34MDEBUG[39M]: Request Details {
  "service": "poker-game-api",
  "method": "GET",
  "url": "/api/game/state/7b4b0c27-899a-44fb-8743-9670fd8e9f41",
  "params": {},
  "query": {}
}
2025-02-27 15:22:45 [[34MDEBUG[39M]: Game state retrieved {
  "service": "poker-game-api",
  "gameId": "5e3bb546-d86e-4e63-9ce5-bcce27d30a28",
  "playerId": "7b4b0c27-899a-44fb-8743-9670fd8e9f41",
  "gamePhase": "waiting",
  "isGameOver": false
}
2025-02-27 15:22:45 [[32MHTTP[39M]: GET /api/game/state/7b4b0c27-899a-44fb-8743-9670fd8e9f41 200 1.590 ms {
  "service": "poker-game-api"
}
2025-02-27 15:22:47 [[34MDEBUG[39M]: Request Details {
  "service": "poker-game-api",
  "method": "GET",
  "url": "/api/game/state/7b4b0c27-899a-44fb-8743-9670fd8e9f41",
  "params": {},
  "query": {}
}
2025-02-27 15:22:47 [[34MDEBUG[39M]: Game state retrieved {
  "service": "poker-game-api",
  "gameId": "5e3bb546-d86e-4e63-9ce5-bcce27d30a28",
  "playerId": "7b4b0c27-899a-44fb-8743-9670fd8e9f41",
  "gamePhase": "waiting",
  "isGameOver": false
}
2025-02-27 15:22:47 [[32MHTTP[39M]: GET /api/game/state/7b4b0c27-899a-44fb-8743-9670fd8e9f41 200 1.526 ms {
  "service": "poker-game-api"
}
2025-02-27 15:22:49 [[34MDEBUG[39M]: Request Details {
  "service": "poker-game-api",
  "method": "GET",
  "url": "/api/game/games",
  "params": {},
  "query": {}
}
2025-02-27 15:22:49 [[32MHTTP[39M]: GET /api/game/games 200 1.392 ms {
  "service": "poker-game-api"
}
2025-02-27 15:22:49 [[34MDEBUG[39M]: Request Details {
  "service": "poker-game-api",
  "method": "GET",
  "url": "/api/game/state/7b4b0c27-899a-44fb-8743-9670fd8e9f41",
  "params": {},
  "query": {}
}
2025-02-27 15:22:49 [[34MDEBUG[39M]: Game state retrieved {
  "service": "poker-game-api",
  "gameId": "5e3bb546-d86e-4e63-9ce5-bcce27d30a28",
  "playerId": "7b4b0c27-899a-44fb-8743-9670fd8e9f41",
  "gamePhase": "waiting",
  "isGameOver": false
}
2025-02-27 15:22:49 [[32MHTTP[39M]: GET /api/game/state/7b4b0c27-899a-44fb-8743-9670fd8e9f41 200 0.511 ms {
  "service": "poker-game-api"
}
2025-02-27 15:22:51 [[34MDEBUG[39M]: Request Details {
  "service": "poker-game-api",
  "method": "GET",
  "url": "/api/game/state/7b4b0c27-899a-44fb-8743-9670fd8e9f41",
  "params": {},
  "query": {}
}
2025-02-27 15:22:51 [[34MDEBUG[39M]: Game state retrieved {
  "service": "poker-game-api",
  "gameId": "5e3bb546-d86e-4e63-9ce5-bcce27d30a28",
  "playerId": "7b4b0c27-899a-44fb-8743-9670fd8e9f41",
  "gamePhase": "waiting",
  "isGameOver": false
}
2025-02-27 15:22:51 [[32MHTTP[39M]: GET /api/game/state/7b4b0c27-899a-44fb-8743-9670fd8e9f41 200 1.164 ms {
  "service": "poker-game-api"
}
2025-02-27 15:22:53 [[34MDEBUG[39M]: Request Details {
  "service": "poker-game-api",
  "method": "GET",
  "url": "/api/game/state/7b4b0c27-899a-44fb-8743-9670fd8e9f41",
  "params": {},
  "query": {}
}
2025-02-27 15:22:53 [[34MDEBUG[39M]: Game state retrieved {
  "service": "poker-game-api",
  "gameId": "5e3bb546-d86e-4e63-9ce5-bcce27d30a28",
  "playerId": "7b4b0c27-899a-44fb-8743-9670fd8e9f41",
  "gamePhase": "waiting",
  "isGameOver": false
}
2025-02-27 15:22:53 [[32MHTTP[39M]: GET /api/game/state/7b4b0c27-899a-44fb-8743-9670fd8e9f41 200 1.682 ms {
  "service": "poker-game-api"
}
2025-02-27 15:22:54 [[34MDEBUG[39M]: Request Details {
  "service": "poker-game-api",
  "method": "GET",
  "url": "/api/game/games",
  "params": {},
  "query": {}
}
2025-02-27 15:22:54 [[32MHTTP[39M]: GET /api/game/games 200 1.337 ms {
  "service": "poker-game-api"
}
2025-02-27 15:22:55 [[34MDEBUG[39M]: Request Details {
  "service": "poker-game-api",
  "method": "GET",
  "url": "/api/game/state/7b4b0c27-899a-44fb-8743-9670fd8e9f41",
  "params": {},
  "query": {}
}
2025-02-27 15:22:55 [[34MDEBUG[39M]: Game state retrieved {
  "service": "poker-game-api",
  "gameId": "5e3bb546-d86e-4e63-9ce5-bcce27d30a28",
  "playerId": "7b4b0c27-899a-44fb-8743-9670fd8e9f41",
  "gamePhase": "waiting",
  "isGameOver": false
}
2025-02-27 15:22:55 [[32MHTTP[39M]: GET /api/game/state/7b4b0c27-899a-44fb-8743-9670fd8e9f41 200 1.848 ms {
  "service": "poker-game-api"
}
2025-02-27 15:22:57 [[34MDEBUG[39M]: Request Details {
  "service": "poker-game-api",
  "method": "GET",
  "url": "/api/game/state/7b4b0c27-899a-44fb-8743-9670fd8e9f41",
  "params": {},
  "query": {}
}
2025-02-27 15:22:57 [[34MDEBUG[39M]: Game state retrieved {
  "service": "poker-game-api",
  "gameId": "5e3bb546-d86e-4e63-9ce5-bcce27d30a28",
  "playerId": "7b4b0c27-899a-44fb-8743-9670fd8e9f41",
  "gamePhase": "waiting",
  "isGameOver": false
}
2025-02-27 15:22:57 [[32MHTTP[39M]: GET /api/game/state/7b4b0c27-899a-44fb-8743-9670fd8e9f41 200 1.740 ms {
  "service": "poker-game-api"
}
2025-02-27 15:22:59 [[34MDEBUG[39M]: Request Details {
  "service": "poker-game-api",
  "method": "GET",
  "url": "/api/game/games",
  "params": {},
  "query": {}
}
2025-02-27 15:22:59 [[32MHTTP[39M]: GET /api/game/games 200 1.485 ms {
  "service": "poker-game-api"
}
2025-02-27 15:22:59 [[34MDEBUG[39M]: Request Details {
  "service": "poker-game-api",
  "method": "GET",
  "url": "/api/game/state/7b4b0c27-899a-44fb-8743-9670fd8e9f41",
  "params": {},
  "query": {}
}
2025-02-27 15:22:59 [[34MDEBUG[39M]: Game state retrieved {
  "service": "poker-game-api",
  "gameId": "5e3bb546-d86e-4e63-9ce5-bcce27d30a28",
  "playerId": "7b4b0c27-899a-44fb-8743-9670fd8e9f41",
  "gamePhase": "waiting",
  "isGameOver": false
}
2025-02-27 15:22:59 [[32MHTTP[39M]: GET /api/game/state/7b4b0c27-899a-44fb-8743-9670fd8e9f41 200 0.589 ms {
  "service": "poker-game-api"
}
2025-02-27 15:23:01 [[34MDEBUG[39M]: Request Details {
  "service": "poker-game-api",
  "method": "GET",
  "url": "/api/game/state/7b4b0c27-899a-44fb-8743-9670fd8e9f41",
  "params": {},
  "query": {}
}
2025-02-27 15:23:01 [[34MDEBUG[39M]: Game state retrieved {
  "service": "poker-game-api",
  "gameId": "5e3bb546-d86e-4e63-9ce5-bcce27d30a28",
  "playerId": "7b4b0c27-899a-44fb-8743-9670fd8e9f41",
  "gamePhase": "waiting",
  "isGameOver": false
}
2025-02-27 15:23:01 [[32MHTTP[39M]: GET /api/game/state/7b4b0c27-899a-44fb-8743-9670fd8e9f41 200 1.641 ms {
  "service": "poker-game-api"
}
2025-02-27 15:23:03 [[34MDEBUG[39M]: Request Details {
  "service": "poker-game-api",
  "method": "GET",
  "url": "/api/game/state/7b4b0c27-899a-44fb-8743-9670fd8e9f41",
  "params": {},
  "query": {}
}
2025-02-27 15:23:03 [[34MDEBUG[39M]: Game state retrieved {
  "service": "poker-game-api",
  "gameId": "5e3bb546-d86e-4e63-9ce5-bcce27d30a28",
  "playerId": "7b4b0c27-899a-44fb-8743-9670fd8e9f41",
  "gamePhase": "waiting",
  "isGameOver": false
}
2025-02-27 15:23:03 [[32MHTTP[39M]: GET /api/game/state/7b4b0c27-899a-44fb-8743-9670fd8e9f41 200 1.956 ms {
  "service": "poker-game-api"
}
2025-02-27 15:23:04 [[34MDEBUG[39M]: Request Details {
  "service": "poker-game-api",
  "method": "GET",
  "url": "/api/game/games",
  "params": {},
  "query": {}
}
2025-02-27 15:23:04 [[32MHTTP[39M]: GET /api/game/games 200 1.415 ms {
  "service": "poker-game-api"
}
2025-02-27 15:23:05 [[34MDEBUG[39M]: Request Details {
  "service": "poker-game-api",
  "method": "GET",
  "url": "/api/game/state/7b4b0c27-899a-44fb-8743-9670fd8e9f41",
  "params": {},
  "query": {}
}
2025-02-27 15:23:05 [[34MDEBUG[39M]: Game state retrieved {
  "service": "poker-game-api",
  "gameId": "5e3bb546-d86e-4e63-9ce5-bcce27d30a28",
  "playerId": "7b4b0c27-899a-44fb-8743-9670fd8e9f41",
  "gamePhase": "waiting",
  "isGameOver": false
}
2025-02-27 15:23:05 [[32MHTTP[39M]: GET /api/game/state/7b4b0c27-899a-44fb-8743-9670fd8e9f41 200 2.074 ms {
  "service": "poker-game-api"
}
2025-02-27 15:23:07 [[34MDEBUG[39M]: Request Details {
  "service": "poker-game-api",
  "method": "GET",
  "url": "/api/game/state/7b4b0c27-899a-44fb-8743-9670fd8e9f41",
  "params": {},
  "query": {}
}
2025-02-27 15:23:07 [[34MDEBUG[39M]: Game state retrieved {
  "service": "poker-game-api",
  "gameId": "5e3bb546-d86e-4e63-9ce5-bcce27d30a28",
  "playerId": "7b4b0c27-899a-44fb-8743-9670fd8e9f41",
  "gamePhase": "waiting",
  "isGameOver": false
}
2025-02-27 15:23:07 [[32MHTTP[39M]: GET /api/game/state/7b4b0c27-899a-44fb-8743-9670fd8e9f41 200 1.854 ms {
  "service": "poker-game-api"
}
2025-02-27 15:23:09 [[34MDEBUG[39M]: Request Details {
  "service": "poker-game-api",
  "method": "GET",
  "url": "/api/game/games",
  "params": {},
  "query": {}
}
2025-02-27 15:23:09 [[32MHTTP[39M]: GET /api/game/games 200 1.894 ms {
  "service": "poker-game-api"
}
2025-02-27 15:23:09 [[34MDEBUG[39M]: Request Details {
  "service": "poker-game-api",
  "method": "GET",
  "url": "/api/game/state/7b4b0c27-899a-44fb-8743-9670fd8e9f41",
  "params": {},
  "query": {}
}
2025-02-27 15:23:09 [[34MDEBUG[39M]: Game state retrieved {
  "service": "poker-game-api",
  "gameId": "5e3bb546-d86e-4e63-9ce5-bcce27d30a28",
  "playerId": "7b4b0c27-899a-44fb-8743-9670fd8e9f41",
  "gamePhase": "waiting",
  "isGameOver": false
}
2025-02-27 15:23:09 [[32MHTTP[39M]: GET /api/game/state/7b4b0c27-899a-44fb-8743-9670fd8e9f41 200 0.570 ms {
  "service": "poker-game-api"
}
2025-02-27 15:23:11 [[34MDEBUG[39M]: Request Details {
  "service": "poker-game-api",
  "method": "GET",
  "url": "/api/game/state/7b4b0c27-899a-44fb-8743-9670fd8e9f41",
  "params": {},
  "query": {}
}
2025-02-27 15:23:11 [[34MDEBUG[39M]: Game state retrieved {
  "service": "poker-game-api",
  "gameId": "5e3bb546-d86e-4e63-9ce5-bcce27d30a28",
  "playerId": "7b4b0c27-899a-44fb-8743-9670fd8e9f41",
  "gamePhase": "waiting",
  "isGameOver": false
}
2025-02-27 15:23:11 [[32MHTTP[39M]: GET /api/game/state/7b4b0c27-899a-44fb-8743-9670fd8e9f41 200 1.837 ms {
  "service": "poker-game-api"
}
2025-02-27 15:23:13 [[34MDEBUG[39M]: Request Details {
  "service": "poker-game-api",
  "method": "GET",
  "url": "/api/game/state/7b4b0c27-899a-44fb-8743-9670fd8e9f41",
  "params": {},
  "query": {}
}
2025-02-27 15:23:13 [[34MDEBUG[39M]: Game state retrieved {
  "service": "poker-game-api",
  "gameId": "5e3bb546-d86e-4e63-9ce5-bcce27d30a28",
  "playerId": "7b4b0c27-899a-44fb-8743-9670fd8e9f41",
  "gamePhase": "waiting",
  "isGameOver": false
}
2025-02-27 15:23:13 [[32MHTTP[39M]: GET /api/game/state/7b4b0c27-899a-44fb-8743-9670fd8e9f41 200 1.432 ms {
  "service": "poker-game-api"
}
2025-02-27 15:23:14 [[34MDEBUG[39M]: Request Details {
  "service": "poker-game-api",
  "method": "GET",
  "url": "/api/game/games",
  "params": {},
  "query": {}
}
2025-02-27 15:23:14 [[32MHTTP[39M]: GET /api/game/games 200 1.258 ms {
  "service": "poker-game-api"
}
2025-02-27 15:23:15 [[34MDEBUG[39M]: Request Details {
  "service": "poker-game-api",
  "method": "GET",
  "url": "/api/game/state/7b4b0c27-899a-44fb-8743-9670fd8e9f41",
  "params": {},
  "query": {}
}
2025-02-27 15:23:15 [[34MDEBUG[39M]: Game state retrieved {
  "service": "poker-game-api",
  "gameId": "5e3bb546-d86e-4e63-9ce5-bcce27d30a28",
  "playerId": "7b4b0c27-899a-44fb-8743-9670fd8e9f41",
  "gamePhase": "waiting",
  "isGameOver": false
}
2025-02-27 15:23:15 [[32MHTTP[39M]: GET /api/game/state/7b4b0c27-899a-44fb-8743-9670fd8e9f41 200 1.809 ms {
  "service": "poker-game-api"
}
2025-02-27 15:23:17 [[34MDEBUG[39M]: Request Details {
  "service": "poker-game-api",
  "method": "GET",
  "url": "/api/game/state/7b4b0c27-899a-44fb-8743-9670fd8e9f41",
  "params": {},
  "query": {}
}
2025-02-27 15:23:17 [[34MDEBUG[39M]: Game state retrieved {
  "service": "poker-game-api",
  "gameId": "5e3bb546-d86e-4e63-9ce5-bcce27d30a28",
  "playerId": "7b4b0c27-899a-44fb-8743-9670fd8e9f41",
  "gamePhase": "waiting",
  "isGameOver": false
}
2025-02-27 15:23:17 [[32MHTTP[39M]: GET /api/game/state/7b4b0c27-899a-44fb-8743-9670fd8e9f41 200 2.299 ms {
  "service": "poker-game-api"
}
2025-02-27 15:23:19 [[34MDEBUG[39M]: Request Details {
  "service": "poker-game-api",
  "method": "GET",
  "url": "/api/game/games",
  "params": {},
  "query": {}
}
2025-02-27 15:23:19 [[32MHTTP[39M]: GET /api/game/games 200 1.669 ms {
  "service": "poker-game-api"
}
2025-02-27 15:23:19 [[34MDEBUG[39M]: Request Details {
  "service": "poker-game-api",
  "method": "GET",
  "url": "/api/game/state/7b4b0c27-899a-44fb-8743-9670fd8e9f41",
  "params": {},
  "query": {}
}
2025-02-27 15:23:19 [[34MDEBUG[39M]: Game state retrieved {
  "service": "poker-game-api",
  "gameId": "5e3bb546-d86e-4e63-9ce5-bcce27d30a28",
  "playerId": "7b4b0c27-899a-44fb-8743-9670fd8e9f41",
  "gamePhase": "waiting",
  "isGameOver": false
}
2025-02-27 15:23:19 [[32MHTTP[39M]: GET /api/game/state/7b4b0c27-899a-44fb-8743-9670fd8e9f41 200 0.905 ms {
  "service": "poker-game-api"
}
2025-02-27 15:23:21 [[34MDEBUG[39M]: Request Details {
  "service": "poker-game-api",
  "method": "GET",
  "url": "/api/game/state/7b4b0c27-899a-44fb-8743-9670fd8e9f41",
  "params": {},
  "query": {}
}
2025-02-27 15:23:21 [[34MDEBUG[39M]: Game state retrieved {
  "service": "poker-game-api",
  "gameId": "5e3bb546-d86e-4e63-9ce5-bcce27d30a28",
  "playerId": "7b4b0c27-899a-44fb-8743-9670fd8e9f41",
  "gamePhase": "waiting",
  "isGameOver": false
}
2025-02-27 15:23:21 [[32MHTTP[39M]: GET /api/game/state/7b4b0c27-899a-44fb-8743-9670fd8e9f41 200 1.497 ms {
  "service": "poker-game-api"
}
2025-02-27 15:23:23 [[34MDEBUG[39M]: Request Details {
  "service": "poker-game-api",
  "method": "GET",
  "url": "/api/game/state/7b4b0c27-899a-44fb-8743-9670fd8e9f41",
  "params": {},
  "query": {}
}
2025-02-27 15:23:23 [[34MDEBUG[39M]: Game state retrieved {
  "service": "poker-game-api",
  "gameId": "5e3bb546-d86e-4e63-9ce5-bcce27d30a28",
  "playerId": "7b4b0c27-899a-44fb-8743-9670fd8e9f41",
  "gamePhase": "waiting",
  "isGameOver": false
}
2025-02-27 15:23:23 [[32MHTTP[39M]: GET /api/game/state/7b4b0c27-899a-44fb-8743-9670fd8e9f41 200 1.754 ms {
  "service": "poker-game-api"
}
2025-02-27 15:23:24 [[34MDEBUG[39M]: Request Details {
  "service": "poker-game-api",
  "method": "GET",
  "url": "/api/game/games",
  "params": {},
  "query": {}
}
2025-02-27 15:23:24 [[32MHTTP[39M]: GET /api/game/games 200 1.129 ms {
  "service": "poker-game-api"
}
2025-02-27 15:23:25 [[34MDEBUG[39M]: Request Details {
  "service": "poker-game-api",
  "method": "GET",
  "url": "/api/game/state/7b4b0c27-899a-44fb-8743-9670fd8e9f41",
  "params": {},
  "query": {}
}
2025-02-27 15:23:25 [[34MDEBUG[39M]: Game state retrieved {
  "service": "poker-game-api",
  "gameId": "5e3bb546-d86e-4e63-9ce5-bcce27d30a28",
  "playerId": "7b4b0c27-899a-44fb-8743-9670fd8e9f41",
  "gamePhase": "waiting",
  "isGameOver": false
}
2025-02-27 15:23:25 [[32MHTTP[39M]: GET /api/game/state/7b4b0c27-899a-44fb-8743-9670fd8e9f41 200 0.589 ms {
  "service": "poker-game-api"
}
2025-02-27 15:23:27 [[34MDEBUG[39M]: Request Details {
  "service": "poker-game-api",
  "method": "GET",
  "url": "/api/game/state/7b4b0c27-899a-44fb-8743-9670fd8e9f41",
  "params": {},
  "query": {}
}
2025-02-27 15:23:27 [[34MDEBUG[39M]: Game state retrieved {
  "service": "poker-game-api",
  "gameId": "5e3bb546-d86e-4e63-9ce5-bcce27d30a28",
  "playerId": "7b4b0c27-899a-44fb-8743-9670fd8e9f41",
  "gamePhase": "waiting",
  "isGameOver": false
}
2025-02-27 15:23:27 [[32MHTTP[39M]: GET /api/game/state/7b4b0c27-899a-44fb-8743-9670fd8e9f41 200 1.624 ms {
  "service": "poker-game-api"
}
2025-02-27 15:23:29 [[34MDEBUG[39M]: Request Details {
  "service": "poker-game-api",
  "method": "GET",
  "url": "/api/game/games",
  "params": {},
  "query": {}
}
2025-02-27 15:23:29 [[32MHTTP[39M]: GET /api/game/games 200 1.199 ms {
  "service": "poker-game-api"
}
2025-02-27 15:23:29 [[34MDEBUG[39M]: Request Details {
  "service": "poker-game-api",
  "method": "GET",
  "url": "/api/game/state/7b4b0c27-899a-44fb-8743-9670fd8e9f41",
  "params": {},
  "query": {}
}
2025-02-27 15:23:29 [[34MDEBUG[39M]: Game state retrieved {
  "service": "poker-game-api",
  "gameId": "5e3bb546-d86e-4e63-9ce5-bcce27d30a28",
  "playerId": "7b4b0c27-899a-44fb-8743-9670fd8e9f41",
  "gamePhase": "waiting",
  "isGameOver": false
}
2025-02-27 15:23:29 [[32MHTTP[39M]: GET /api/game/state/7b4b0c27-899a-44fb-8743-9670fd8e9f41 200 0.522 ms {
  "service": "poker-game-api"
}
2025-02-27 15:23:31 [[34MDEBUG[39M]: Request Details {
  "service": "poker-game-api",
  "method": "GET",
  "url": "/api/game/state/7b4b0c27-899a-44fb-8743-9670fd8e9f41",
  "params": {},
  "query": {}
}
2025-02-27 15:23:31 [[34MDEBUG[39M]: Game state retrieved {
  "service": "poker-game-api",
  "gameId": "5e3bb546-d86e-4e63-9ce5-bcce27d30a28",
  "playerId": "7b4b0c27-899a-44fb-8743-9670fd8e9f41",
  "gamePhase": "waiting",
  "isGameOver": false
}
2025-02-27 15:23:31 [[32MHTTP[39M]: GET /api/game/state/7b4b0c27-899a-44fb-8743-9670fd8e9f41 200 2.077 ms {
  "service": "poker-game-api"
}
2025-02-27 15:23:33 [[34MDEBUG[39M]: Request Details {
  "service": "poker-game-api",
  "method": "GET",
  "url": "/api/game/state/7b4b0c27-899a-44fb-8743-9670fd8e9f41",
  "params": {},
  "query": {}
}
2025-02-27 15:23:33 [[34MDEBUG[39M]: Game state retrieved {
  "service": "poker-game-api",
  "gameId": "5e3bb546-d86e-4e63-9ce5-bcce27d30a28",
  "playerId": "7b4b0c27-899a-44fb-8743-9670fd8e9f41",
  "gamePhase": "waiting",
  "isGameOver": false
}
2025-02-27 15:23:33 [[32MHTTP[39M]: GET /api/game/state/7b4b0c27-899a-44fb-8743-9670fd8e9f41 200 1.694 ms {
  "service": "poker-game-api"
}
2025-02-27 15:23:34 [[34MDEBUG[39M]: Request Details {
  "service": "poker-game-api",
  "method": "GET",
  "url": "/api/game/games",
  "params": {},
  "query": {}
}
2025-02-27 15:23:34 [[32MHTTP[39M]: GET /api/game/games 200 1.372 ms {
  "service": "poker-game-api"
}
2025-02-27 15:23:35 [[34MDEBUG[39M]: Request Details {
  "service": "poker-game-api",
  "method": "GET",
  "url": "/api/game/state/7b4b0c27-899a-44fb-8743-9670fd8e9f41",
  "params": {},
  "query": {}
}
2025-02-27 15:23:35 [[34MDEBUG[39M]: Game state retrieved {
  "service": "poker-game-api",
  "gameId": "5e3bb546-d86e-4e63-9ce5-bcce27d30a28",
  "playerId": "7b4b0c27-899a-44fb-8743-9670fd8e9f41",
  "gamePhase": "waiting",
  "isGameOver": false
}
2025-02-27 15:23:35 [[32MHTTP[39M]: GET /api/game/state/7b4b0c27-899a-44fb-8743-9670fd8e9f41 200 1.610 ms {
  "service": "poker-game-api"
}
2025-02-27 15:23:37 [[34MDEBUG[39M]: Request Details {
  "service": "poker-game-api",
  "method": "GET",
  "url": "/api/game/state/7b4b0c27-899a-44fb-8743-9670fd8e9f41",
  "params": {},
  "query": {}
}
2025-02-27 15:23:37 [[34MDEBUG[39M]: Game state retrieved {
  "service": "poker-game-api",
  "gameId": "5e3bb546-d86e-4e63-9ce5-bcce27d30a28",
  "playerId": "7b4b0c27-899a-44fb-8743-9670fd8e9f41",
  "gamePhase": "waiting",
  "isGameOver": false
}
2025-02-27 15:23:37 [[32MHTTP[39M]: GET /api/game/state/7b4b0c27-899a-44fb-8743-9670fd8e9f41 200 1.872 ms {
  "service": "poker-game-api"
}
2025-02-27 15:23:39 [[34MDEBUG[39M]: Request Details {
  "service": "poker-game-api",
  "method": "GET",
  "url": "/api/game/games",
  "params": {},
  "query": {}
}
2025-02-27 15:23:39 [[32MHTTP[39M]: GET /api/game/games 200 1.288 ms {
  "service": "poker-game-api"
}
2025-02-27 15:23:39 [[34MDEBUG[39M]: Request Details {
  "service": "poker-game-api",
  "method": "GET",
  "url": "/api/game/state/7b4b0c27-899a-44fb-8743-9670fd8e9f41",
  "params": {},
  "query": {}
}
2025-02-27 15:23:39 [[34MDEBUG[39M]: Game state retrieved {
  "service": "poker-game-api",
  "gameId": "5e3bb546-d86e-4e63-9ce5-bcce27d30a28",
  "playerId": "7b4b0c27-899a-44fb-8743-9670fd8e9f41",
  "gamePhase": "waiting",
  "isGameOver": false
}
2025-02-27 15:23:39 [[32MHTTP[39M]: GET /api/game/state/7b4b0c27-899a-44fb-8743-9670fd8e9f41 200 0.521 ms {
  "service": "poker-game-api"
}
2025-02-27 15:23:41 [[34MDEBUG[39M]: Request Details {
  "service": "poker-game-api",
  "method": "GET",
  "url": "/api/game/state/7b4b0c27-899a-44fb-8743-9670fd8e9f41",
  "params": {},
  "query": {}
}
2025-02-27 15:23:41 [[34MDEBUG[39M]: Game state retrieved {
  "service": "poker-game-api",
  "gameId": "5e3bb546-d86e-4e63-9ce5-bcce27d30a28",
  "playerId": "7b4b0c27-899a-44fb-8743-9670fd8e9f41",
  "gamePhase": "waiting",
  "isGameOver": false
}
2025-02-27 15:23:41 [[32MHTTP[39M]: GET /api/game/state/7b4b0c27-899a-44fb-8743-9670fd8e9f41 200 1.050 ms {
  "service": "poker-game-api"
}
2025-02-27 15:23:43 [[34MDEBUG[39M]: Request Details {
  "service": "poker-game-api",
  "method": "GET",
  "url": "/api/game/state/7b4b0c27-899a-44fb-8743-9670fd8e9f41",
  "params": {},
  "query": {}
}
2025-02-27 15:23:43 [[34MDEBUG[39M]: Game state retrieved {
  "service": "poker-game-api",
  "gameId": "5e3bb546-d86e-4e63-9ce5-bcce27d30a28",
  "playerId": "7b4b0c27-899a-44fb-8743-9670fd8e9f41",
  "gamePhase": "waiting",
  "isGameOver": false
}
2025-02-27 15:23:43 [[32MHTTP[39M]: GET /api/game/state/7b4b0c27-899a-44fb-8743-9670fd8e9f41 200 1.820 ms {
  "service": "poker-game-api"
}
2025-02-27 15:23:44 [[34MDEBUG[39M]: Request Details {
  "service": "poker-game-api",
  "method": "GET",
  "url": "/api/game/games",
  "params": {},
  "query": {}
}
2025-02-27 15:23:44 [[32MHTTP[39M]: GET /api/game/games 200 1.221 ms {
  "service": "poker-game-api"
}
2025-02-27 15:23:45 [[34MDEBUG[39M]: Request Details {
  "service": "poker-game-api",
  "method": "GET",
  "url": "/api/game/state/7b4b0c27-899a-44fb-8743-9670fd8e9f41",
  "params": {},
  "query": {}
}
2025-02-27 15:23:45 [[34MDEBUG[39M]: Game state retrieved {
  "service": "poker-game-api",
  "gameId": "5e3bb546-d86e-4e63-9ce5-bcce27d30a28",
  "playerId": "7b4b0c27-899a-44fb-8743-9670fd8e9f41",
  "gamePhase": "waiting",
  "isGameOver": false
}
2025-02-27 15:23:45 [[32MHTTP[39M]: GET /api/game/state/7b4b0c27-899a-44fb-8743-9670fd8e9f41 200 1.711 ms {
  "service": "poker-game-api"
}
2025-02-27 15:23:47 [[34MDEBUG[39M]: Request Details {
  "service": "poker-game-api",
  "method": "GET",
  "url": "/api/game/state/7b4b0c27-899a-44fb-8743-9670fd8e9f41",
  "params": {},
  "query": {}
}
2025-02-27 15:23:47 [[34MDEBUG[39M]: Game state retrieved {
  "service": "poker-game-api",
  "gameId": "5e3bb546-d86e-4e63-9ce5-bcce27d30a28",
  "playerId": "7b4b0c27-899a-44fb-8743-9670fd8e9f41",
  "gamePhase": "waiting",
  "isGameOver": false
}
2025-02-27 15:23:47 [[32MHTTP[39M]: GET /api/game/state/7b4b0c27-899a-44fb-8743-9670fd8e9f41 200 1.492 ms {
  "service": "poker-game-api"
}
2025-02-27 15:23:49 [[34MDEBUG[39M]: Request Details {
  "service": "poker-game-api",
  "method": "GET",
  "url": "/api/game/games",
  "params": {},
  "query": {}
}
2025-02-27 15:23:49 [[32MHTTP[39M]: GET /api/game/games 200 1.265 ms {
  "service": "poker-game-api"
}
2025-02-27 15:23:49 [[34MDEBUG[39M]: Request Details {
  "service": "poker-game-api",
  "method": "GET",
  "url": "/api/game/state/7b4b0c27-899a-44fb-8743-9670fd8e9f41",
  "params": {},
  "query": {}
}
2025-02-27 15:23:49 [[34MDEBUG[39M]: Game state retrieved {
  "service": "poker-game-api",
  "gameId": "5e3bb546-d86e-4e63-9ce5-bcce27d30a28",
  "playerId": "7b4b0c27-899a-44fb-8743-9670fd8e9f41",
  "gamePhase": "waiting",
  "isGameOver": false
}
2025-02-27 15:23:49 [[32MHTTP[39M]: GET /api/game/state/7b4b0c27-899a-44fb-8743-9670fd8e9f41 200 0.565 ms {
  "service": "poker-game-api"
}
2025-02-27 15:23:51 [[34MDEBUG[39M]: Request Details {
  "service": "poker-game-api",
  "method": "GET",
  "url": "/api/game/state/7b4b0c27-899a-44fb-8743-9670fd8e9f41",
  "params": {},
  "query": {}
}
2025-02-27 15:23:51 [[34MDEBUG[39M]: Game state retrieved {
  "service": "poker-game-api",
  "gameId": "5e3bb546-d86e-4e63-9ce5-bcce27d30a28",
  "playerId": "7b4b0c27-899a-44fb-8743-9670fd8e9f41",
  "gamePhase": "waiting",
  "isGameOver": false
}
2025-02-27 15:23:51 [[32MHTTP[39M]: GET /api/game/state/7b4b0c27-899a-44fb-8743-9670fd8e9f41 200 2.075 ms {
  "service": "poker-game-api"
}
2025-02-27 15:23:53 [[34MDEBUG[39M]: Request Details {
  "service": "poker-game-api",
  "method": "GET",
  "url": "/api/game/state/7b4b0c27-899a-44fb-8743-9670fd8e9f41",
  "params": {},
  "query": {}
}
2025-02-27 15:23:53 [[34MDEBUG[39M]: Game state retrieved {
  "service": "poker-game-api",
  "gameId": "5e3bb546-d86e-4e63-9ce5-bcce27d30a28",
  "playerId": "7b4b0c27-899a-44fb-8743-9670fd8e9f41",
  "gamePhase": "waiting",
  "isGameOver": false
}
2025-02-27 15:23:53 [[32MHTTP[39M]: GET /api/game/state/7b4b0c27-899a-44fb-8743-9670fd8e9f41 200 2.489 ms {
  "service": "poker-game-api"
}
2025-02-27 15:23:54 [[34MDEBUG[39M]: Request Details {
  "service": "poker-game-api",
  "method": "GET",
  "url": "/api/game/games",
  "params": {},
  "query": {}
}
2025-02-27 15:23:54 [[32MHTTP[39M]: GET /api/game/games 200 1.336 ms {
  "service": "poker-game-api"
}
2025-02-27 15:23:55 [[34MDEBUG[39M]: Request Details {
  "service": "poker-game-api",
  "method": "GET",
  "url": "/api/game/state/7b4b0c27-899a-44fb-8743-9670fd8e9f41",
  "params": {},
  "query": {}
}
2025-02-27 15:23:55 [[34MDEBUG[39M]: Game state retrieved {
  "service": "poker-game-api",
  "gameId": "5e3bb546-d86e-4e63-9ce5-bcce27d30a28",
  "playerId": "7b4b0c27-899a-44fb-8743-9670fd8e9f41",
  "gamePhase": "waiting",
  "isGameOver": false
}
2025-02-27 15:23:55 [[32MHTTP[39M]: GET /api/game/state/7b4b0c27-899a-44fb-8743-9670fd8e9f41 200 1.765 ms {
  "service": "poker-game-api"
}
2025-02-27 15:23:56 [[34MDEBUG[39M]: Request Details {
  "service": "poker-game-api",
  "method": "GET",
  "url": "/dashboard.html",
  "params": {},
  "query": {}
}
2025-02-27 15:23:56 [[32MHTTP[39M]: GET /dashboard.html 304 1.618 ms {
  "service": "poker-game-api"
}
2025-02-27 15:23:56 [[34MDEBUG[39M]: Request Details {
  "service": "poker-game-api",
  "method": "GET",
  "url": "/api/game/games",
  "params": {},
  "query": {}
}
2025-02-27 15:23:56 [[32MHTTP[39M]: GET /api/game/games 200 0.780 ms {
  "service": "poker-game-api"
}
2025-02-27 15:23:57 [[34MDEBUG[39M]: Request Details {
  "service": "poker-game-api",
  "method": "GET",
  "url": "/api/game/state/7b4b0c27-899a-44fb-8743-9670fd8e9f41",
  "params": {},
  "query": {}
}
2025-02-27 15:23:57 [[34MDEBUG[39M]: Game state retrieved {
  "service": "poker-game-api",
  "gameId": "5e3bb546-d86e-4e63-9ce5-bcce27d30a28",
  "playerId": "7b4b0c27-899a-44fb-8743-9670fd8e9f41",
  "gamePhase": "waiting",
  "isGameOver": false
}
2025-02-27 15:23:57 [[32MHTTP[39M]: GET /api/game/state/7b4b0c27-899a-44fb-8743-9670fd8e9f41 200 1.210 ms {
  "service": "poker-game-api"
}
2025-02-27 15:23:59 [[34MDEBUG[39M]: Request Details {
  "service": "poker-game-api",
  "method": "GET",
  "url": "/api/game/state/7b4b0c27-899a-44fb-8743-9670fd8e9f41",
  "params": {},
  "query": {}
}
2025-02-27 15:23:59 [[34MDEBUG[39M]: Game state retrieved {
  "service": "poker-game-api",
  "gameId": "5e3bb546-d86e-4e63-9ce5-bcce27d30a28",
  "playerId": "7b4b0c27-899a-44fb-8743-9670fd8e9f41",
  "gamePhase": "waiting",
  "isGameOver": false
}
2025-02-27 15:23:59 [[32MHTTP[39M]: GET /api/game/state/7b4b0c27-899a-44fb-8743-9670fd8e9f41 200 0.539 ms {
  "service": "poker-game-api"
}
2025-02-27 15:24:00 [[34MDEBUG[39M]: Request Details {
  "service": "poker-game-api",
  "method": "GET",
  "url": "/dashboard.html",
  "params": {},
  "query": {}
}
2025-02-27 15:24:00 [[32MHTTP[39M]: GET /dashboard.html 304 1.511 ms {
  "service": "poker-game-api"
}
2025-02-27 15:24:00 [[34MDEBUG[39M]: Request Details {
  "service": "poker-game-api",
  "method": "GET",
  "url": "/api/game/games",
  "params": {},
  "query": {}
}
2025-02-27 15:24:00 [[32MHTTP[39M]: GET /api/game/games 200 0.887 ms {
  "service": "poker-game-api"
}
2025-02-27 15:24:01 [[34MDEBUG[39M]: Request Details {
  "service": "poker-game-api",
  "method": "GET",
  "url": "/dashboard.html",
  "params": {},
  "query": {}
}
2025-02-27 15:24:01 [[32MHTTP[39M]: GET /dashboard.html 304 0.609 ms {
  "service": "poker-game-api"
}
2025-02-27 15:24:01 [[34MDEBUG[39M]: Request Details {
  "service": "poker-game-api",
  "method": "GET",
  "url": "/api/game/games",
  "params": {},
  "query": {}
}
2025-02-27 15:24:01 [[32MHTTP[39M]: GET /api/game/games 200 0.672 ms {
  "service": "poker-game-api"
}
2025-02-27 15:24:01 [[34MDEBUG[39M]: Request Details {
  "service": "poker-game-api",
  "method": "GET",
  "url": "/api/game/state/7b4b0c27-899a-44fb-8743-9670fd8e9f41",
  "params": {},
  "query": {}
}
2025-02-27 15:24:01 [[34MDEBUG[39M]: Game state retrieved {
  "service": "poker-game-api",
  "gameId": "5e3bb546-d86e-4e63-9ce5-bcce27d30a28",
  "playerId": "7b4b0c27-899a-44fb-8743-9670fd8e9f41",
  "gamePhase": "waiting",
  "isGameOver": false
}
2025-02-27 15:24:01 [[32MHTTP[39M]: GET /api/game/state/7b4b0c27-899a-44fb-8743-9670fd8e9f41 200 0.989 ms {
  "service": "poker-game-api"
}
2025-02-27 15:24:02 [[34MDEBUG[39M]: Request Details {
  "service": "poker-game-api",
  "method": "GET",
  "url": "/dashboard.html",
  "params": {},
  "query": {}
}
2025-02-27 15:24:02 [[32MHTTP[39M]: GET /dashboard.html 304 0.774 ms {
  "service": "poker-game-api"
}
2025-02-27 15:24:02 [[34MDEBUG[39M]: Request Details {
  "service": "poker-game-api",
  "method": "GET",
  "url": "/api/game/games",
  "params": {},
  "query": {}
}
2025-02-27 15:24:02 [[32MHTTP[39M]: GET /api/game/games 200 0.565 ms {
  "service": "poker-game-api"
}
2025-02-27 15:24:02 [[34MDEBUG[39M]: Request Details {
  "service": "poker-game-api",
  "method": "GET",
  "url": "/dashboard.html",
  "params": {},
  "query": {}
}
2025-02-27 15:24:02 [[32MHTTP[39M]: GET /dashboard.html 304 0.701 ms {
  "service": "poker-game-api"
}
2025-02-27 15:24:02 [[34MDEBUG[39M]: Request Details {
  "service": "poker-game-api",
  "method": "GET",
  "url": "/api/game/games",
  "params": {},
  "query": {}
}
2025-02-27 15:24:02 [[32MHTTP[39M]: GET /api/game/games 200 0.939 ms {
  "service": "poker-game-api"
}
2025-02-27 15:24:03 [[34MDEBUG[39M]: Request Details {
  "service": "poker-game-api",
  "method": "GET",
  "url": "/dashboard.html",
  "params": {},
  "query": {}
}
2025-02-27 15:24:03 [[32MHTTP[39M]: GET /dashboard.html 304 0.606 ms {
  "service": "poker-game-api"
}
2025-02-27 15:24:03 [[34MDEBUG[39M]: Request Details {
  "service": "poker-game-api",
  "method": "GET",
  "url": "/api/game/games",
  "params": {},
  "query": {}
}
2025-02-27 15:24:03 [[32MHTTP[39M]: GET /api/game/games 200 0.593 ms {
  "service": "poker-game-api"
}
2025-02-27 15:24:03 [[34MDEBUG[39M]: Request Details {
  "service": "poker-game-api",
  "method": "GET",
  "url": "/dashboard.html",
  "params": {},
  "query": {}
}
2025-02-27 15:24:03 [[32MHTTP[39M]: GET /dashboard.html 304 0.621 ms {
  "service": "poker-game-api"
}
2025-02-27 15:24:03 [[34MDEBUG[39M]: Request Details {
  "service": "poker-game-api",
  "method": "GET",
  "url": "/api/game/games",
  "params": {},
  "query": {}
}
2025-02-27 15:24:03 [[32MHTTP[39M]: GET /api/game/games 200 2.446 ms {
  "service": "poker-game-api"
}
2025-02-27 15:24:03 [[34MDEBUG[39M]: Request Details {
  "service": "poker-game-api",
  "method": "GET",
  "url": "/api/game/state/7b4b0c27-899a-44fb-8743-9670fd8e9f41",
  "params": {},
  "query": {}
}
2025-02-27 15:24:03 [[34MDEBUG[39M]: Game state retrieved {
  "service": "poker-game-api",
  "gameId": "5e3bb546-d86e-4e63-9ce5-bcce27d30a28",
  "playerId": "7b4b0c27-899a-44fb-8743-9670fd8e9f41",
  "gamePhase": "waiting",
  "isGameOver": false
}
2025-02-27 15:24:03 [[32MHTTP[39M]: GET /api/game/state/7b4b0c27-899a-44fb-8743-9670fd8e9f41 200 1.503 ms {
  "service": "poker-game-api"
}
2025-02-27 15:24:03 [[34MDEBUG[39M]: Request Details {
  "service": "poker-game-api",
  "method": "GET",
  "url": "/dashboard.html",
  "params": {},
  "query": {}
}
2025-02-27 15:24:03 [[32MHTTP[39M]: GET /dashboard.html 304 1.158 ms {
  "service": "poker-game-api"
}
2025-02-27 15:24:03 [[34MDEBUG[39M]: Request Details {
  "service": "poker-game-api",
  "method": "GET",
  "url": "/api/game/games",
  "params": {},
  "query": {}
}
2025-02-27 15:24:03 [[32MHTTP[39M]: GET /api/game/games 200 0.591 ms {
  "service": "poker-game-api"
}
2025-02-27 15:24:04 [[34MDEBUG[39M]: Request Details {
  "service": "poker-game-api",
  "method": "GET",
  "url": "/dashboard.html",
  "params": {},
  "query": {}
}
2025-02-27 15:24:04 [[32MHTTP[39M]: GET /dashboard.html 304 0.642 ms {
  "service": "poker-game-api"
}
2025-02-27 15:24:04 [[34MDEBUG[39M]: Request Details {
  "service": "poker-game-api",
  "method": "GET",
  "url": "/api/game/games",
  "params": {},
  "query": {}
}
2025-02-27 15:24:04 [[32MHTTP[39M]: GET /api/game/games 200 0.733 ms {
  "service": "poker-game-api"
}
2025-02-27 15:24:04 [[34MDEBUG[39M]: Request Details {
  "service": "poker-game-api",
  "method": "GET",
  "url": "/dashboard.html",
  "params": {},
  "query": {}
}
2025-02-27 15:24:04 [[32MHTTP[39M]: GET /dashboard.html 304 0.543 ms {
  "service": "poker-game-api"
}
2025-02-27 15:24:04 [[34MDEBUG[39M]: Request Details {
  "service": "poker-game-api",
  "method": "GET",
  "url": "/api/game/games",
  "params": {},
  "query": {}
}
2025-02-27 15:24:04 [[32MHTTP[39M]: GET /api/game/games 200 0.596 ms {
  "service": "poker-game-api"
}
2025-02-27 15:24:04 [[34MDEBUG[39M]: Request Details {
  "service": "poker-game-api",
  "method": "GET",
  "url": "/dashboard.html",
  "params": {},
  "query": {}
}
2025-02-27 15:24:04 [[32MHTTP[39M]: GET /dashboard.html 304 0.696 ms {
  "service": "poker-game-api"
}
2025-02-27 15:24:04 [[34MDEBUG[39M]: Request Details {
  "service": "poker-game-api",
  "method": "GET",
  "url": "/api/game/games",
  "params": {},
  "query": {}
}
2025-02-27 15:24:04 [[32MHTTP[39M]: GET /api/game/games 200 0.580 ms {
  "service": "poker-game-api"
}
2025-02-27 15:24:05 [[34MDEBUG[39M]: Request Details {
  "service": "poker-game-api",
  "method": "GET",
  "url": "/dashboard.html",
  "params": {},
  "query": {}
}
2025-02-27 15:24:05 [[32MHTTP[39M]: GET /dashboard.html 304 0.591 ms {
  "service": "poker-game-api"
}
2025-02-27 15:24:05 [[34MDEBUG[39M]: Request Details {
  "service": "poker-game-api",
  "method": "GET",
  "url": "/api/game/games",
  "params": {},
  "query": {}
}
2025-02-27 15:24:05 [[32MHTTP[39M]: GET /api/game/games 200 0.509 ms {
  "service": "poker-game-api"
}
2025-02-27 15:24:05 [[34MDEBUG[39M]: Request Details {
  "service": "poker-game-api",
  "method": "GET",
  "url": "/dashboard.html",
  "params": {},
  "query": {}
}
2025-02-27 15:24:05 [[32MHTTP[39M]: GET /dashboard.html 304 0.795 ms {
  "service": "poker-game-api"
}
2025-02-27 15:24:05 [[34MDEBUG[39M]: Request Details {
  "service": "poker-game-api",
  "method": "GET",
  "url": "/api/game/games",
  "params": {},
  "query": {}
}
2025-02-27 15:24:05 [[32MHTTP[39M]: GET /api/game/games 200 0.663 ms {
  "service": "poker-game-api"
}
2025-02-27 15:24:05 [[34MDEBUG[39M]: Request Details {
  "service": "poker-game-api",
  "method": "GET",
  "url": "/api/game/state/7b4b0c27-899a-44fb-8743-9670fd8e9f41",
  "params": {},
  "query": {}
}
2025-02-27 15:24:05 [[34MDEBUG[39M]: Game state retrieved {
  "service": "poker-game-api",
  "gameId": "5e3bb546-d86e-4e63-9ce5-bcce27d30a28",
  "playerId": "7b4b0c27-899a-44fb-8743-9670fd8e9f41",
  "gamePhase": "waiting",
  "isGameOver": false
}
2025-02-27 15:24:05 [[32MHTTP[39M]: GET /api/game/state/7b4b0c27-899a-44fb-8743-9670fd8e9f41 200 0.885 ms {
  "service": "poker-game-api"
}
2025-02-27 15:24:07 [[34MDEBUG[39M]: Request Details {
  "service": "poker-game-api",
  "method": "GET",
  "url": "/api/game/state/7b4b0c27-899a-44fb-8743-9670fd8e9f41",
  "params": {},
  "query": {}
}
2025-02-27 15:24:07 [[34MDEBUG[39M]: Game state retrieved {
  "service": "poker-game-api",
  "gameId": "5e3bb546-d86e-4e63-9ce5-bcce27d30a28",
  "playerId": "7b4b0c27-899a-44fb-8743-9670fd8e9f41",
  "gamePhase": "waiting",
  "isGameOver": false
}
2025-02-27 15:24:07 [[32MHTTP[39M]: GET /api/game/state/7b4b0c27-899a-44fb-8743-9670fd8e9f41 200 1.518 ms {
  "service": "poker-game-api"
}
2025-02-27 15:24:09 [[34MDEBUG[39M]: Request Details {
  "service": "poker-game-api",
  "method": "GET",
  "url": "/api/game/state/7b4b0c27-899a-44fb-8743-9670fd8e9f41",
  "params": {},
  "query": {}
}
2025-02-27 15:24:09 [[34MDEBUG[39M]: Game state retrieved {
  "service": "poker-game-api",
  "gameId": "5e3bb546-d86e-4e63-9ce5-bcce27d30a28",
  "playerId": "7b4b0c27-899a-44fb-8743-9670fd8e9f41",
  "gamePhase": "waiting",
  "isGameOver": false
}
2025-02-27 15:24:09 [[32MHTTP[39M]: GET /api/game/state/7b4b0c27-899a-44fb-8743-9670fd8e9f41 200 0.512 ms {
  "service": "poker-game-api"
}
2025-02-27 15:24:10 [[34MDEBUG[39M]: Request Details {
  "service": "poker-game-api",
  "method": "GET",
  "url": "/api/game/games",
  "params": {},
  "query": {}
}
2025-02-27 15:24:10 [[32MHTTP[39M]: GET /api/game/games 200 1.639 ms {
  "service": "poker-game-api"
}
2025-02-27 15:24:11 [[34MDEBUG[39M]: Request Details {
  "service": "poker-game-api",
  "method": "GET",
  "url": "/api/game/games",
  "params": {},
  "query": {}
}
2025-02-27 15:24:11 [[32MHTTP[39M]: GET /api/game/games 200 1.224 ms {
  "service": "poker-game-api"
}
2025-02-27 15:24:11 [[34MDEBUG[39M]: Request Details {
  "service": "poker-game-api",
  "method": "GET",
  "url": "/api/game/state/7b4b0c27-899a-44fb-8743-9670fd8e9f41",
  "params": {},
  "query": {}
}
2025-02-27 15:24:11 [[34MDEBUG[39M]: Game state retrieved {
  "service": "poker-game-api",
  "gameId": "5e3bb546-d86e-4e63-9ce5-bcce27d30a28",
  "playerId": "7b4b0c27-899a-44fb-8743-9670fd8e9f41",
  "gamePhase": "waiting",
  "isGameOver": false
}
2025-02-27 15:24:11 [[32MHTTP[39M]: GET /api/game/state/7b4b0c27-899a-44fb-8743-9670fd8e9f41 200 1.564 ms {
  "service": "poker-game-api"
}
2025-02-27 15:24:12 [[34MDEBUG[39M]: Request Details {
  "service": "poker-game-api",
  "method": "GET",
  "url": "/api/game/games",
  "params": {},
  "query": {}
}
2025-02-27 15:24:12 [[32MHTTP[39M]: GET /api/game/games 200 1.355 ms {
  "service": "poker-game-api"
}
2025-02-27 15:24:13 [[34MDEBUG[39M]: Request Details {
  "service": "poker-game-api",
  "method": "GET",
  "url": "/api/game/games",
  "params": {},
  "query": {}
}
2025-02-27 15:24:13 [[32MHTTP[39M]: GET /api/game/games 200 1.426 ms {
  "service": "poker-game-api"
}
2025-02-27 15:24:13 [[34MDEBUG[39M]: Request Details {
  "service": "poker-game-api",
  "method": "GET",
  "url": "/api/game/state/7b4b0c27-899a-44fb-8743-9670fd8e9f41",
  "params": {},
  "query": {}
}
2025-02-27 15:24:13 [[34MDEBUG[39M]: Game state retrieved {
  "service": "poker-game-api",
  "gameId": "5e3bb546-d86e-4e63-9ce5-bcce27d30a28",
  "playerId": "7b4b0c27-899a-44fb-8743-9670fd8e9f41",
  "gamePhase": "waiting",
  "isGameOver": false
}
2025-02-27 15:24:13 [[32MHTTP[39M]: GET /api/game/state/7b4b0c27-899a-44fb-8743-9670fd8e9f41 200 1.323 ms {
  "service": "poker-game-api"
}
2025-02-27 15:24:15 [[34MDEBUG[39M]: Request Details {
  "service": "poker-game-api",
  "method": "GET",
  "url": "/api/game/games",
  "params": {},
  "query": {}
}
2025-02-27 15:24:15 [[32MHTTP[39M]: GET /api/game/games 200 1.662 ms {
  "service": "poker-game-api"
}
2025-02-27 15:24:15 [[34MDEBUG[39M]: Request Details {
  "service": "poker-game-api",
  "method": "GET",
  "url": "/api/game/state/7b4b0c27-899a-44fb-8743-9670fd8e9f41",
  "params": {},
  "query": {}
}
2025-02-27 15:24:15 [[34MDEBUG[39M]: Game state retrieved {
  "service": "poker-game-api",
  "gameId": "5e3bb546-d86e-4e63-9ce5-bcce27d30a28",
  "playerId": "7b4b0c27-899a-44fb-8743-9670fd8e9f41",
  "gamePhase": "waiting",
  "isGameOver": false
}
2025-02-27 15:24:15 [[32MHTTP[39M]: GET /api/game/state/7b4b0c27-899a-44fb-8743-9670fd8e9f41 200 1.524 ms {
  "service": "poker-game-api"
}
2025-02-27 15:24:17 [[34MDEBUG[39M]: Request Details {
  "service": "poker-game-api",
  "method": "GET",
  "url": "/api/game/games",
  "params": {},
  "query": {}
}
2025-02-27 15:24:17 [[32MHTTP[39M]: GET /api/game/games 200 1.590 ms {
  "service": "poker-game-api"
}
2025-02-27 15:24:17 [[34MDEBUG[39M]: Request Details {
  "service": "poker-game-api",
  "method": "GET",
  "url": "/api/game/state/7b4b0c27-899a-44fb-8743-9670fd8e9f41",
  "params": {},
  "query": {}
}
2025-02-27 15:24:17 [[34MDEBUG[39M]: Game state retrieved {
  "service": "poker-game-api",
  "gameId": "5e3bb546-d86e-4e63-9ce5-bcce27d30a28",
  "playerId": "7b4b0c27-899a-44fb-8743-9670fd8e9f41",
  "gamePhase": "waiting",
  "isGameOver": false
}
2025-02-27 15:24:17 [[32MHTTP[39M]: GET /api/game/state/7b4b0c27-899a-44fb-8743-9670fd8e9f41 200 1.575 ms {
  "service": "poker-game-api"
}
2025-02-27 15:24:19 [[34MDEBUG[39M]: Request Details {
  "service": "poker-game-api",
  "method": "GET",
  "url": "/api/game/state/7b4b0c27-899a-44fb-8743-9670fd8e9f41",
  "params": {},
  "query": {}
}
2025-02-27 15:24:19 [[34MDEBUG[39M]: Game state retrieved {
  "service": "poker-game-api",
  "gameId": "5e3bb546-d86e-4e63-9ce5-bcce27d30a28",
  "playerId": "7b4b0c27-899a-44fb-8743-9670fd8e9f41",
  "gamePhase": "waiting",
  "isGameOver": false
}
2025-02-27 15:24:19 [[32MHTTP[39M]: GET /api/game/state/7b4b0c27-899a-44fb-8743-9670fd8e9f41 200 0.651 ms {
  "service": "poker-game-api"
}
2025-02-27 15:24:20 [[34MDEBUG[39M]: Request Details {
  "service": "poker-game-api",
  "method": "GET",
  "url": "/api/game/games",
  "params": {},
  "query": {}
}
2025-02-27 15:24:20 [[32MHTTP[39M]: GET /api/game/games 200 0.790 ms {
  "service": "poker-game-api"
}
2025-02-27 15:24:21 [[34MDEBUG[39M]: Request Details {
  "service": "poker-game-api",
  "method": "GET",
  "url": "/api/game/state/7b4b0c27-899a-44fb-8743-9670fd8e9f41",
  "params": {},
  "query": {}
}
2025-02-27 15:24:21 [[34MDEBUG[39M]: Game state retrieved {
  "service": "poker-game-api",
  "gameId": "5e3bb546-d86e-4e63-9ce5-bcce27d30a28",
  "playerId": "7b4b0c27-899a-44fb-8743-9670fd8e9f41",
  "gamePhase": "waiting",
  "isGameOver": false
}
2025-02-27 15:24:21 [[32MHTTP[39M]: GET /api/game/state/7b4b0c27-899a-44fb-8743-9670fd8e9f41 200 1.321 ms {
  "service": "poker-game-api"
}
2025-02-27 15:24:23 [[34MDEBUG[39M]: Request Details {
  "service": "poker-game-api",
  "method": "GET",
  "url": "/api/game/state/7b4b0c27-899a-44fb-8743-9670fd8e9f41",
  "params": {},
  "query": {}
}
2025-02-27 15:24:23 [[34MDEBUG[39M]: Game state retrieved {
  "service": "poker-game-api",
  "gameId": "5e3bb546-d86e-4e63-9ce5-bcce27d30a28",
  "playerId": "7b4b0c27-899a-44fb-8743-9670fd8e9f41",
  "gamePhase": "waiting",
  "isGameOver": false
}
2025-02-27 15:24:23 [[32MHTTP[39M]: GET /api/game/state/7b4b0c27-899a-44fb-8743-9670fd8e9f41 200 1.589 ms {
  "service": "poker-game-api"
}
2025-02-27 15:24:25 [[34MDEBUG[39M]: Request Details {
  "service": "poker-game-api",
  "method": "GET",
  "url": "/api/game/games",
  "params": {},
  "query": {}
}
2025-02-27 15:24:25 [[32MHTTP[39M]: GET /api/game/games 200 1.274 ms {
  "service": "poker-game-api"
}
2025-02-27 15:24:25 [[34MDEBUG[39M]: Request Details {
  "service": "poker-game-api",
  "method": "GET",
  "url": "/api/game/state/7b4b0c27-899a-44fb-8743-9670fd8e9f41",
  "params": {},
  "query": {}
}
2025-02-27 15:24:25 [[34MDEBUG[39M]: Game state retrieved {
  "service": "poker-game-api",
  "gameId": "5e3bb546-d86e-4e63-9ce5-bcce27d30a28",
  "playerId": "7b4b0c27-899a-44fb-8743-9670fd8e9f41",
  "gamePhase": "waiting",
  "isGameOver": false
}
2025-02-27 15:24:25 [[32MHTTP[39M]: GET /api/game/state/7b4b0c27-899a-44fb-8743-9670fd8e9f41 200 1.486 ms {
  "service": "poker-game-api"
}
2025-02-27 15:24:30 [[34MDEBUG[39M]: Request Details {
  "service": "poker-game-api",
  "method": "GET",
  "url": "/api/game/games",
  "params": {},
  "query": {}
}
2025-02-27 15:24:30 [[32MHTTP[39M]: GET /api/game/games 200 1.513 ms {
  "service": "poker-game-api"
}
2025-02-27 15:24:35 [[34MDEBUG[39M]: Request Details {
  "service": "poker-game-api",
  "method": "GET",
  "url": "/api/game/games",
  "params": {},
  "query": {}
}
2025-02-27 15:24:35 [[32MHTTP[39M]: GET /api/game/games 200 1.207 ms {
  "service": "poker-game-api"
}
2025-02-27 15:24:40 [[34MDEBUG[39M]: Request Details {
  "service": "poker-game-api",
  "method": "GET",
  "url": "/api/game/games",
  "params": {},
  "query": {}
}
2025-02-27 15:24:40 [[32MHTTP[39M]: GET /api/game/games 200 1.565 ms {
  "service": "poker-game-api"
}
2025-02-27 15:24:45 [[34MDEBUG[39M]: Request Details {
  "service": "poker-game-api",
  "method": "GET",
  "url": "/api/game/games",
  "params": {},
  "query": {}
}
2025-02-27 15:24:45 [[32MHTTP[39M]: GET /api/game/games 200 0.382 ms {
  "service": "poker-game-api"
}
2025-02-27 15:24:50 [[34MDEBUG[39M]: Request Details {
  "service": "poker-game-api",
  "method": "GET",
  "url": "/api/game/games",
  "params": {},
  "query": {}
}
2025-02-27 15:24:50 [[32MHTTP[39M]: GET /api/game/games 200 1.270 ms {
  "service": "poker-game-api"
}
2025-02-27 15:24:55 [[34MDEBUG[39M]: Request Details {
  "service": "poker-game-api",
  "method": "GET",
  "url": "/api/game/games",
  "params": {},
  "query": {}
}
2025-02-27 15:24:55 [[32MHTTP[39M]: GET /api/game/games 200 1.260 ms {
  "service": "poker-game-api"
}
2025-02-27 15:25:00 [[34MDEBUG[39M]: Request Details {
  "service": "poker-game-api",
  "method": "GET",
  "url": "/api/game/games",
  "params": {},
  "query": {}
}
2025-02-27 15:25:00 [[32MHTTP[39M]: GET /api/game/games 200 0.613 ms {
  "service": "poker-game-api"
}
2025-02-27 15:25:05 [[34MDEBUG[39M]: Request Details {
  "service": "poker-game-api",
  "method": "GET",
  "url": "/api/game/games",
  "params": {},
  "query": {}
}
2025-02-27 15:25:05 [[32MHTTP[39M]: GET /api/game/games 200 1.256 ms {
  "service": "poker-game-api"
}
2025-02-27 15:25:10 [[34MDEBUG[39M]: Request Details {
  "service": "poker-game-api",
  "method": "GET",
  "url": "/api/game/games",
  "params": {},
  "query": {}
}
2025-02-27 15:25:10 [[32MHTTP[39M]: GET /api/game/games 200 1.348 ms {
  "service": "poker-game-api"
}
2025-02-27 15:25:15 [[34MDEBUG[39M]: Request Details {
  "service": "poker-game-api",
  "method": "GET",
  "url": "/api/game/games",
  "params": {},
  "query": {}
}
2025-02-27 15:25:15 [[32MHTTP[39M]: GET /api/game/games 200 1.300 ms {
  "service": "poker-game-api"
}
2025-02-27 15:25:20 [[34MDEBUG[39M]: Request Details {
  "service": "poker-game-api",
  "method": "GET",
  "url": "/api/game/games",
  "params": {},
  "query": {}
}
2025-02-27 15:25:20 [[32MHTTP[39M]: GET /api/game/games 200 1.925 ms {
  "service": "poker-game-api"
}
2025-02-27 15:25:25 [[34MDEBUG[39M]: Request Details {
  "service": "poker-game-api",
  "method": "GET",
  "url": "/api/game/games",
  "params": {},
  "query": {}
}
2025-02-27 15:25:25 [[32MHTTP[39M]: GET /api/game/games 200 1.164 ms {
  "service": "poker-game-api"
}
2025-02-27 15:25:30 [[34MDEBUG[39M]: Request Details {
  "service": "poker-game-api",
  "method": "GET",
  "url": "/api/game/games",
  "params": {},
  "query": {}
}
2025-02-27 15:25:30 [[32MHTTP[39M]: GET /api/game/games 200 0.445 ms {
  "service": "poker-game-api"
}
2025-02-27 15:25:35 [[34MDEBUG[39M]: Request Details {
  "service": "poker-game-api",
  "method": "GET",
  "url": "/api/game/games",
  "params": {},
  "query": {}
}
2025-02-27 15:25:35 [[32MHTTP[39M]: GET /api/game/games 200 2.286 ms {
  "service": "poker-game-api"
}
2025-02-27 15:25:40 [[34MDEBUG[39M]: Request Details {
  "service": "poker-game-api",
  "method": "GET",
  "url": "/api/game/games",
  "params": {},
  "query": {}
}
2025-02-27 15:25:40 [[32MHTTP[39M]: GET /api/game/games 200 1.319 ms {
  "service": "poker-game-api"
}
2025-02-27 15:25:45 [[34MDEBUG[39M]: Request Details {
  "service": "poker-game-api",
  "method": "GET",
  "url": "/api/game/games",
  "params": {},
  "query": {}
}
2025-02-27 15:25:45 [[32MHTTP[39M]: GET /api/game/games 200 0.643 ms {
  "service": "poker-game-api"
}
2025-02-27 15:25:50 [[34MDEBUG[39M]: Request Details {
  "service": "poker-game-api",
  "method": "GET",
  "url": "/api/game/games",
  "params": {},
  "query": {}
}
2025-02-27 15:25:50 [[32MHTTP[39M]: GET /api/game/games 200 0.808 ms {
  "service": "poker-game-api"
}
2025-02-27 15:25:55 [[34MDEBUG[39M]: Request Details {
  "service": "poker-game-api",
  "method": "GET",
  "url": "/api/game/games",
  "params": {},
  "query": {}
}
2025-02-27 15:25:55 [[32MHTTP[39M]: GET /api/game/games 200 1.591 ms {
  "service": "poker-game-api"
}
2025-02-27 15:26:00 [[34MDEBUG[39M]: Request Details {
  "service": "poker-game-api",
  "method": "GET",
  "url": "/api/game/games",
  "params": {},
  "query": {}
}
2025-02-27 15:26:00 [[32MHTTP[39M]: GET /api/game/games 200 1.447 ms {
  "service": "poker-game-api"
}
2025-02-27 15:26:05 [[34MDEBUG[39M]: Request Details {
  "service": "poker-game-api",
  "method": "GET",
  "url": "/api/game/games",
  "params": {},
  "query": {}
}
2025-02-27 15:26:05 [[32MHTTP[39M]: GET /api/game/games 200 0.654 ms {
  "service": "poker-game-api"
}
2025-02-27 15:26:10 [[34MDEBUG[39M]: Request Details {
  "service": "poker-game-api",
  "method": "GET",
  "url": "/api/game/games",
  "params": {},
  "query": {}
}
2025-02-27 15:26:10 [[32MHTTP[39M]: GET /api/game/games 200 0.821 ms {
  "service": "poker-game-api"
}
2025-02-27 15:26:15 [[34MDEBUG[39M]: Request Details {
  "service": "poker-game-api",
  "method": "GET",
  "url": "/api/game/games",
  "params": {},
  "query": {}
}
2025-02-27 15:26:15 [[32MHTTP[39M]: GET /api/game/games 200 1.034 ms {
  "service": "poker-game-api"
}
2025-02-27 15:26:20 [[34MDEBUG[39M]: Request Details {
  "service": "poker-game-api",
  "method": "GET",
  "url": "/api/game/games",
  "params": {},
  "query": {}
}
2025-02-27 15:26:20 [[32MHTTP[39M]: GET /api/game/games 200 0.752 ms {
  "service": "poker-game-api"
}
2025-02-27 15:26:25 [[34MDEBUG[39M]: Request Details {
  "service": "poker-game-api",
  "method": "GET",
  "url": "/api/game/games",
  "params": {},
  "query": {}
}
2025-02-27 15:26:25 [[32MHTTP[39M]: GET /api/game/games 200 1.072 ms {
  "service": "poker-game-api"
}
2025-02-27 15:26:30 [[34MDEBUG[39M]: Request Details {
  "service": "poker-game-api",
  "method": "GET",
  "url": "/api/game/games",
  "params": {},
  "query": {}
}
2025-02-27 15:26:30 [[32MHTTP[39M]: GET /api/game/games 200 1.670 ms {
  "service": "poker-game-api"
}
2025-02-27 15:26:57 [[34MDEBUG[39M]: Request Details {
  "service": "poker-game-api",
  "method": "GET",
  "url": "/api/game/games",
  "params": {},
  "query": {}
}
2025-02-27 15:26:57 [[32MHTTP[39M]: GET /api/game/games 200 0.801 ms {
  "service": "poker-game-api"
}
2025-02-27 15:27:00 [[34MDEBUG[39M]: Request Details {
  "service": "poker-game-api",
  "method": "GET",
  "url": "/api/game/games",
  "params": {},
  "query": {}
}
2025-02-27 15:27:00 [[32MHTTP[39M]: GET /api/game/games 200 1.476 ms {
  "service": "poker-game-api"
}
2025-02-27 15:27:00 [[34MDEBUG[39M]: Request Details {
  "service": "poker-game-api",
  "method": "GET",
  "url": "/api/game/games",
  "params": {},
  "query": {}
}
2025-02-27 15:27:00 [[32MHTTP[39M]: GET /api/game/games 200 1.355 ms {
  "service": "poker-game-api"
}
2025-02-27 15:27:05 [[34MDEBUG[39M]: Request Details {
  "service": "poker-game-api",
  "method": "GET",
  "url": "/api/game/games",
  "params": {},
  "query": {}
}
2025-02-27 15:27:05 [[32MHTTP[39M]: GET /api/game/games 200 1.444 ms {
  "service": "poker-game-api"
}
2025-02-27 15:27:10 [[34MDEBUG[39M]: Request Details {
  "service": "poker-game-api",
  "method": "GET",
  "url": "/api/game/games",
  "params": {},
  "query": {}
}
2025-02-27 15:27:10 [[32MHTTP[39M]: GET /api/game/games 200 0.713 ms {
  "service": "poker-game-api"
}
2025-02-27 15:27:11 [[34MDEBUG[39M]: Request Details {
  "service": "poker-game-api",
  "method": "POST",
  "url": "/api/game/join",
  "params": {},
  "query": {}
}
2025-02-27 15:27:11 [[32MINFO[39M]: Player joined game {
  "service": "poker-game-api",
  "gameId": "5e3bb546-d86e-4e63-9ce5-bcce27d30a28",
  "playerId": "5a9ab908-7032-4611-83a1-a91e71042308",
  "playerName": "Poker Player"
}
2025-02-27 15:27:11 [[32MHTTP[39M]: POST /api/game/join 200 1.362 ms {
  "service": "poker-game-api"
}
2025-02-27 15:27:11 [[34MDEBUG[39M]: Request Details {
  "service": "poker-game-api",
  "method": "POST",
  "url": "/api/game/ready/5a9ab908-7032-4611-83a1-a91e71042308",
  "params": {},
  "query": {}
}
2025-02-27 15:27:11 [[34MDEBUG[39M]: Player marked as ready {
  "service": "poker-game-api",
  "gameId": "5e3bb546-d86e-4e63-9ce5-bcce27d30a28",
  "playerId": "5a9ab908-7032-4611-83a1-a91e71042308",
  "playerName": "Poker Player"
}
2025-02-27 15:27:11 [[32MINFO[39M]: Game started {
  "service": "poker-game-api",
  "gameId": "5e3bb546-d86e-4e63-9ce5-bcce27d30a28",
  "players": [
    {
      "id": "7b4b0c27-899a-44fb-8743-9670fd8e9f41",
      "name": "Poker Player"
    },
    {
      "id": "5a9ab908-7032-4611-83a1-a91e71042308",
      "name": "Poker Player"
    }
  ]
}
2025-02-27 15:27:11 [[32MHTTP[39M]: POST /api/game/ready/5a9ab908-7032-4611-83a1-a91e71042308 200 0.800 ms {
  "service": "poker-game-api"
}
2025-02-27 15:27:13 [[34MDEBUG[39M]: Request Details {
  "service": "poker-game-api",
  "method": "GET",
  "url": "/dashboard.html",
  "params": {},
  "query": {}
}
2025-02-27 15:27:13 [[32MHTTP[39M]: GET /dashboard.html 304 0.871 ms {
  "service": "poker-game-api"
}
2025-02-27 15:27:13 [[34MDEBUG[39M]: Request Details {
  "service": "poker-game-api",
  "method": "GET",
  "url": "/api/game/games",
  "params": {},
  "query": {}
}
2025-02-27 15:27:13 [[32MHTTP[39M]: GET /api/game/games 200 0.681 ms {
  "service": "poker-game-api"
}
2025-02-27 15:27:13 [[34MDEBUG[39M]: Request Details {
  "service": "poker-game-api",
  "method": "GET",
  "url": "/api/game/state/5a9ab908-7032-4611-83a1-a91e71042308",
  "params": {},
  "query": {}
}
2025-02-27 15:27:13 [[34MDEBUG[39M]: Game state retrieved {
  "service": "poker-game-api",
  "gameId": "5e3bb546-d86e-4e63-9ce5-bcce27d30a28",
  "playerId": "5a9ab908-7032-4611-83a1-a91e71042308",
  "gamePhase": "preflop",
  "isGameOver": false
}
2025-02-27 15:27:13 [[32MHTTP[39M]: GET /api/game/state/5a9ab908-7032-4611-83a1-a91e71042308 200 1.413 ms {
  "service": "poker-game-api"
}
2025-02-27 15:27:15 [[34MDEBUG[39M]: Request Details {
  "service": "poker-game-api",
  "method": "GET",
  "url": "/api/game/state/5a9ab908-7032-4611-83a1-a91e71042308",
  "params": {},
  "query": {}
}
2025-02-27 15:27:15 [[34MDEBUG[39M]: Game state retrieved {
  "service": "poker-game-api",
  "gameId": "5e3bb546-d86e-4e63-9ce5-bcce27d30a28",
  "playerId": "5a9ab908-7032-4611-83a1-a91e71042308",
  "gamePhase": "preflop",
  "isGameOver": false
}
2025-02-27 15:27:15 [[32MHTTP[39M]: GET /api/game/state/5a9ab908-7032-4611-83a1-a91e71042308 200 1.531 ms {
  "service": "poker-game-api"
}
2025-02-27 15:27:17 [[34MDEBUG[39M]: Request Details {
  "service": "poker-game-api",
  "method": "GET",
  "url": "/api/game/games",
  "params": {},
  "query": {}
}
2025-02-27 15:27:17 [[32MHTTP[39M]: GET /api/game/games 200 1.045 ms {
  "service": "poker-game-api"
}
2025-02-27 15:27:17 [[34MDEBUG[39M]: Request Details {
  "service": "poker-game-api",
  "method": "GET",
  "url": "/api/game/state/5a9ab908-7032-4611-83a1-a91e71042308",
  "params": {},
  "query": {}
}
2025-02-27 15:27:17 [[34MDEBUG[39M]: Game state retrieved {
  "service": "poker-game-api",
  "gameId": "5e3bb546-d86e-4e63-9ce5-bcce27d30a28",
  "playerId": "5a9ab908-7032-4611-83a1-a91e71042308",
  "gamePhase": "preflop",
  "isGameOver": false
}
2025-02-27 15:27:17 [[32MHTTP[39M]: GET /api/game/state/5a9ab908-7032-4611-83a1-a91e71042308 200 1.398 ms {
  "service": "poker-game-api"
}
2025-02-27 15:27:18 [[34MDEBUG[39M]: Request Details {
  "service": "poker-game-api",
  "method": "GET",
  "url": "/api/game/games",
  "params": {},
  "query": {}
}
2025-02-27 15:27:18 [[32MHTTP[39M]: GET /api/game/games 200 1.600 ms {
  "service": "poker-game-api"
}
2025-02-27 15:27:19 [[34MDEBUG[39M]: Request Details {
  "service": "poker-game-api",
  "method": "GET",
  "url": "/api/game/state/5a9ab908-7032-4611-83a1-a91e71042308",
  "params": {},
  "query": {}
}
2025-02-27 15:27:19 [[34MDEBUG[39M]: Game state retrieved {
  "service": "poker-game-api",
  "gameId": "5e3bb546-d86e-4e63-9ce5-bcce27d30a28",
  "playerId": "5a9ab908-7032-4611-83a1-a91e71042308",
  "gamePhase": "preflop",
  "isGameOver": false
}
2025-02-27 15:27:19 [[32MHTTP[39M]: GET /api/game/state/5a9ab908-7032-4611-83a1-a91e71042308 200 2.032 ms {
  "service": "poker-game-api"
}
2025-02-27 15:27:21 [[34MDEBUG[39M]: Request Details {
  "service": "poker-game-api",
  "method": "GET",
  "url": "/api/game/state/5a9ab908-7032-4611-83a1-a91e71042308",
  "params": {},
  "query": {}
}
2025-02-27 15:27:21 [[34MDEBUG[39M]: Game state retrieved {
  "service": "poker-game-api",
  "gameId": "5e3bb546-d86e-4e63-9ce5-bcce27d30a28",
  "playerId": "5a9ab908-7032-4611-83a1-a91e71042308",
  "gamePhase": "preflop",
  "isGameOver": false
}
2025-02-27 15:27:21 [[32MHTTP[39M]: GET /api/game/state/5a9ab908-7032-4611-83a1-a91e71042308 200 0.682 ms {
  "service": "poker-game-api"
}
2025-02-27 15:27:23 [[34MDEBUG[39M]: Request Details {
  "service": "poker-game-api",
  "method": "GET",
  "url": "/api/game/games",
  "params": {},
  "query": {}
}
2025-02-27 15:27:23 [[32MHTTP[39M]: GET /api/game/games 200 1.216 ms {
  "service": "poker-game-api"
}
2025-02-27 15:27:23 [[34MDEBUG[39M]: Request Details {
  "service": "poker-game-api",
  "method": "GET",
  "url": "/api/game/state/5a9ab908-7032-4611-83a1-a91e71042308",
  "params": {},
  "query": {}
}
2025-02-27 15:27:23 [[34MDEBUG[39M]: Game state retrieved {
  "service": "poker-game-api",
  "gameId": "5e3bb546-d86e-4e63-9ce5-bcce27d30a28",
  "playerId": "5a9ab908-7032-4611-83a1-a91e71042308",
  "gamePhase": "preflop",
  "isGameOver": false
}
2025-02-27 15:27:23 [[32MHTTP[39M]: GET /api/game/state/5a9ab908-7032-4611-83a1-a91e71042308 200 1.411 ms {
  "service": "poker-game-api"
}
2025-02-27 15:27:25 [[34MDEBUG[39M]: Request Details {
  "service": "poker-game-api",
  "method": "GET",
  "url": "/api/game/state/5a9ab908-7032-4611-83a1-a91e71042308",
  "params": {},
  "query": {}
}
2025-02-27 15:27:25 [[34MDEBUG[39M]: Game state retrieved {
  "service": "poker-game-api",
  "gameId": "5e3bb546-d86e-4e63-9ce5-bcce27d30a28",
  "playerId": "5a9ab908-7032-4611-83a1-a91e71042308",
  "gamePhase": "preflop",
  "isGameOver": false
}
2025-02-27 15:27:25 [[32MHTTP[39M]: GET /api/game/state/5a9ab908-7032-4611-83a1-a91e71042308 200 1.503 ms {
  "service": "poker-game-api"
}
2025-02-27 15:27:27 [[34MDEBUG[39M]: Request Details {
  "service": "poker-game-api",
  "method": "GET",
  "url": "/api/game/state/5a9ab908-7032-4611-83a1-a91e71042308",
  "params": {},
  "query": {}
}
2025-02-27 15:27:27 [[34MDEBUG[39M]: Game state retrieved {
  "service": "poker-game-api",
  "gameId": "5e3bb546-d86e-4e63-9ce5-bcce27d30a28",
  "playerId": "5a9ab908-7032-4611-83a1-a91e71042308",
  "gamePhase": "preflop",
  "isGameOver": false
}
2025-02-27 15:27:27 [[32MHTTP[39M]: GET /api/game/state/5a9ab908-7032-4611-83a1-a91e71042308 200 1.906 ms {
  "service": "poker-game-api"
}
2025-02-27 15:27:28 [[34MDEBUG[39M]: Request Details {
  "service": "poker-game-api",
  "method": "GET",
  "url": "/api/game/games",
  "params": {},
  "query": {}
}
2025-02-27 15:27:28 [[32MHTTP[39M]: GET /api/game/games 200 1.404 ms {
  "service": "poker-game-api"
}
2025-02-27 15:27:29 [[34MDEBUG[39M]: Request Details {
  "service": "poker-game-api",
  "method": "GET",
  "url": "/api/game/state/5a9ab908-7032-4611-83a1-a91e71042308",
  "params": {},
  "query": {}
}
2025-02-27 15:27:29 [[34MDEBUG[39M]: Game state retrieved {
  "service": "poker-game-api",
  "gameId": "5e3bb546-d86e-4e63-9ce5-bcce27d30a28",
  "playerId": "5a9ab908-7032-4611-83a1-a91e71042308",
  "gamePhase": "preflop",
  "isGameOver": false
}
2025-02-27 15:27:29 [[32MHTTP[39M]: GET /api/game/state/5a9ab908-7032-4611-83a1-a91e71042308 200 1.847 ms {
  "service": "poker-game-api"
}
2025-02-27 15:27:31 [[34MDEBUG[39M]: Request Details {
  "service": "poker-game-api",
  "method": "GET",
  "url": "/api/game/state/5a9ab908-7032-4611-83a1-a91e71042308",
  "params": {},
  "query": {}
}
2025-02-27 15:27:31 [[34MDEBUG[39M]: Game state retrieved {
  "service": "poker-game-api",
  "gameId": "5e3bb546-d86e-4e63-9ce5-bcce27d30a28",
  "playerId": "5a9ab908-7032-4611-83a1-a91e71042308",
  "gamePhase": "preflop",
  "isGameOver": false
}
2025-02-27 15:27:31 [[32MHTTP[39M]: GET /api/game/state/5a9ab908-7032-4611-83a1-a91e71042308 200 1.820 ms {
  "service": "poker-game-api"
}
2025-02-27 15:27:33 [[34MDEBUG[39M]: Request Details {
  "service": "poker-game-api",
  "method": "GET",
  "url": "/api/game/games",
  "params": {},
  "query": {}
}
2025-02-27 15:27:33 [[32MHTTP[39M]: GET /api/game/games 200 1.481 ms {
  "service": "poker-game-api"
}
2025-02-27 15:27:33 [[34MDEBUG[39M]: Request Details {
  "service": "poker-game-api",
  "method": "GET",
  "url": "/api/game/state/5a9ab908-7032-4611-83a1-a91e71042308",
  "params": {},
  "query": {}
}
2025-02-27 15:27:33 [[34MDEBUG[39M]: Game state retrieved {
  "service": "poker-game-api",
  "gameId": "5e3bb546-d86e-4e63-9ce5-bcce27d30a28",
  "playerId": "5a9ab908-7032-4611-83a1-a91e71042308",
  "gamePhase": "preflop",
  "isGameOver": false
}
2025-02-27 15:27:33 [[32MHTTP[39M]: GET /api/game/state/5a9ab908-7032-4611-83a1-a91e71042308 200 1.932 ms {
  "service": "poker-game-api"
}
2025-02-27 15:27:35 [[34MDEBUG[39M]: Request Details {
  "service": "poker-game-api",
  "method": "GET",
  "url": "/api/game/state/5a9ab908-7032-4611-83a1-a91e71042308",
  "params": {},
  "query": {}
}
2025-02-27 15:27:35 [[34MDEBUG[39M]: Game state retrieved {
  "service": "poker-game-api",
  "gameId": "5e3bb546-d86e-4e63-9ce5-bcce27d30a28",
  "playerId": "5a9ab908-7032-4611-83a1-a91e71042308",
  "gamePhase": "preflop",
  "isGameOver": false
}
2025-02-27 15:27:35 [[32MHTTP[39M]: GET /api/game/state/5a9ab908-7032-4611-83a1-a91e71042308 200 1.534 ms {
  "service": "poker-game-api"
}
2025-02-27 15:27:37 [[34MDEBUG[39M]: Request Details {
  "service": "poker-game-api",
  "method": "GET",
  "url": "/api/game/state/5a9ab908-7032-4611-83a1-a91e71042308",
  "params": {},
  "query": {}
}
2025-02-27 15:27:37 [[34MDEBUG[39M]: Game state retrieved {
  "service": "poker-game-api",
  "gameId": "5e3bb546-d86e-4e63-9ce5-bcce27d30a28",
  "playerId": "5a9ab908-7032-4611-83a1-a91e71042308",
  "gamePhase": "preflop",
  "isGameOver": false
}
2025-02-27 15:27:37 [[32MHTTP[39M]: GET /api/game/state/5a9ab908-7032-4611-83a1-a91e71042308 200 1.696 ms {
  "service": "poker-game-api"
}
2025-02-27 15:27:38 [[34MDEBUG[39M]: Request Details {
  "service": "poker-game-api",
  "method": "GET",
  "url": "/api/game/games",
  "params": {},
  "query": {}
}
2025-02-27 15:27:38 [[32MHTTP[39M]: GET /api/game/games 200 0.853 ms {
  "service": "poker-game-api"
}
2025-02-27 15:27:39 [[34MDEBUG[39M]: Request Details {
  "service": "poker-game-api",
  "method": "GET",
  "url": "/api/game/state/5a9ab908-7032-4611-83a1-a91e71042308",
  "params": {},
  "query": {}
}
2025-02-27 15:27:39 [[34MDEBUG[39M]: Game state retrieved {
  "service": "poker-game-api",
  "gameId": "5e3bb546-d86e-4e63-9ce5-bcce27d30a28",
  "playerId": "5a9ab908-7032-4611-83a1-a91e71042308",
  "gamePhase": "preflop",
  "isGameOver": false
}
2025-02-27 15:27:39 [[32MHTTP[39M]: GET /api/game/state/5a9ab908-7032-4611-83a1-a91e71042308 200 1.964 ms {
  "service": "poker-game-api"
}
2025-02-27 15:27:41 [[34MDEBUG[39M]: Request Details {
  "service": "poker-game-api",
  "method": "GET",
  "url": "/api/game/state/5a9ab908-7032-4611-83a1-a91e71042308",
  "params": {},
  "query": {}
}
2025-02-27 15:27:41 [[34MDEBUG[39M]: Game state retrieved {
  "service": "poker-game-api",
  "gameId": "5e3bb546-d86e-4e63-9ce5-bcce27d30a28",
  "playerId": "5a9ab908-7032-4611-83a1-a91e71042308",
  "gamePhase": "preflop",
  "isGameOver": false
}
2025-02-27 15:27:41 [[32MHTTP[39M]: GET /api/game/state/5a9ab908-7032-4611-83a1-a91e71042308 200 1.699 ms {
  "service": "poker-game-api"
}
2025-02-27 15:27:43 [[34MDEBUG[39M]: Request Details {
  "service": "poker-game-api",
  "method": "GET",
  "url": "/api/game/games",
  "params": {},
  "query": {}
}
2025-02-27 15:27:43 [[32MHTTP[39M]: GET /api/game/games 200 0.994 ms {
  "service": "poker-game-api"
}
2025-02-27 15:27:43 [[34MDEBUG[39M]: Request Details {
  "service": "poker-game-api",
  "method": "GET",
  "url": "/api/game/state/5a9ab908-7032-4611-83a1-a91e71042308",
  "params": {},
  "query": {}
}
2025-02-27 15:27:43 [[34MDEBUG[39M]: Game state retrieved {
  "service": "poker-game-api",
  "gameId": "5e3bb546-d86e-4e63-9ce5-bcce27d30a28",
  "playerId": "5a9ab908-7032-4611-83a1-a91e71042308",
  "gamePhase": "preflop",
  "isGameOver": false
}
2025-02-27 15:27:43 [[32MHTTP[39M]: GET /api/game/state/5a9ab908-7032-4611-83a1-a91e71042308 200 1.314 ms {
  "service": "poker-game-api"
}
2025-02-27 15:27:45 [[34MDEBUG[39M]: Request Details {
  "service": "poker-game-api",
  "method": "GET",
  "url": "/api/game/state/5a9ab908-7032-4611-83a1-a91e71042308",
  "params": {},
  "query": {}
}
2025-02-27 15:27:45 [[34MDEBUG[39M]: Game state retrieved {
  "service": "poker-game-api",
  "gameId": "5e3bb546-d86e-4e63-9ce5-bcce27d30a28",
  "playerId": "5a9ab908-7032-4611-83a1-a91e71042308",
  "gamePhase": "preflop",
  "isGameOver": false
}
2025-02-27 15:27:45 [[32MHTTP[39M]: GET /api/game/state/5a9ab908-7032-4611-83a1-a91e71042308 200 1.904 ms {
  "service": "poker-game-api"
}
2025-02-27 15:27:47 [[34MDEBUG[39M]: Request Details {
  "service": "poker-game-api",
  "method": "GET",
  "url": "/api/game/state/5a9ab908-7032-4611-83a1-a91e71042308",
  "params": {},
  "query": {}
}
2025-02-27 15:27:47 [[34MDEBUG[39M]: Game state retrieved {
  "service": "poker-game-api",
  "gameId": "5e3bb546-d86e-4e63-9ce5-bcce27d30a28",
  "playerId": "5a9ab908-7032-4611-83a1-a91e71042308",
  "gamePhase": "preflop",
  "isGameOver": false
}
2025-02-27 15:27:47 [[32MHTTP[39M]: GET /api/game/state/5a9ab908-7032-4611-83a1-a91e71042308 200 3.555 ms {
  "service": "poker-game-api"
}
2025-02-27 15:27:48 [[34MDEBUG[39M]: Request Details {
  "service": "poker-game-api",
  "method": "GET",
  "url": "/api/game/games",
  "params": {},
  "query": {}
}
2025-02-27 15:27:48 [[32MHTTP[39M]: GET /api/game/games 200 0.690 ms {
  "service": "poker-game-api"
}
2025-02-27 15:27:49 [[34MDEBUG[39M]: Request Details {
  "service": "poker-game-api",
  "method": "GET",
  "url": "/api/game/state/5a9ab908-7032-4611-83a1-a91e71042308",
  "params": {},
  "query": {}
}
2025-02-27 15:27:49 [[34MDEBUG[39M]: Game state retrieved {
  "service": "poker-game-api",
  "gameId": "5e3bb546-d86e-4e63-9ce5-bcce27d30a28",
  "playerId": "5a9ab908-7032-4611-83a1-a91e71042308",
  "gamePhase": "preflop",
  "isGameOver": false
}
2025-02-27 15:27:49 [[32MHTTP[39M]: GET /api/game/state/5a9ab908-7032-4611-83a1-a91e71042308 200 0.504 ms {
  "service": "poker-game-api"
}
2025-02-27 15:27:51 [[34MDEBUG[39M]: Request Details {
  "service": "poker-game-api",
  "method": "GET",
  "url": "/api/game/state/5a9ab908-7032-4611-83a1-a91e71042308",
  "params": {},
  "query": {}
}
2025-02-27 15:27:51 [[34MDEBUG[39M]: Game state retrieved {
  "service": "poker-game-api",
  "gameId": "5e3bb546-d86e-4e63-9ce5-bcce27d30a28",
  "playerId": "5a9ab908-7032-4611-83a1-a91e71042308",
  "gamePhase": "preflop",
  "isGameOver": false
}
2025-02-27 15:27:51 [[32MHTTP[39M]: GET /api/game/state/5a9ab908-7032-4611-83a1-a91e71042308 200 0.421 ms {
  "service": "poker-game-api"
}
2025-02-27 15:27:53 [[34MDEBUG[39M]: Request Details {
  "service": "poker-game-api",
  "method": "GET",
  "url": "/api/game/games",
  "params": {},
  "query": {}
}
2025-02-27 15:27:53 [[32MHTTP[39M]: GET /api/game/games 200 0.432 ms {
  "service": "poker-game-api"
}
2025-02-27 15:27:53 [[34MDEBUG[39M]: Request Details {
  "service": "poker-game-api",
  "method": "GET",
  "url": "/api/game/state/5a9ab908-7032-4611-83a1-a91e71042308",
  "params": {},
  "query": {}
}
2025-02-27 15:27:53 [[34MDEBUG[39M]: Game state retrieved {
  "service": "poker-game-api",
  "gameId": "5e3bb546-d86e-4e63-9ce5-bcce27d30a28",
  "playerId": "5a9ab908-7032-4611-83a1-a91e71042308",
  "gamePhase": "preflop",
  "isGameOver": false
}
2025-02-27 15:27:53 [[32MHTTP[39M]: GET /api/game/state/5a9ab908-7032-4611-83a1-a91e71042308 200 0.740 ms {
  "service": "poker-game-api"
}
2025-02-27 15:27:55 [[34MDEBUG[39M]: Request Details {
  "service": "poker-game-api",
  "method": "GET",
  "url": "/api/game/state/5a9ab908-7032-4611-83a1-a91e71042308",
  "params": {},
  "query": {}
}
2025-02-27 15:27:55 [[34MDEBUG[39M]: Game state retrieved {
  "service": "poker-game-api",
  "gameId": "5e3bb546-d86e-4e63-9ce5-bcce27d30a28",
  "playerId": "5a9ab908-7032-4611-83a1-a91e71042308",
  "gamePhase": "preflop",
  "isGameOver": false
}
2025-02-27 15:27:55 [[32MHTTP[39M]: GET /api/game/state/5a9ab908-7032-4611-83a1-a91e71042308 200 0.845 ms {
  "service": "poker-game-api"
}
2025-02-27 15:27:57 [[34MDEBUG[39M]: Request Details {
  "service": "poker-game-api",
  "method": "GET",
  "url": "/api/game/state/5a9ab908-7032-4611-83a1-a91e71042308",
  "params": {},
  "query": {}
}
2025-02-27 15:27:57 [[34MDEBUG[39M]: Game state retrieved {
  "service": "poker-game-api",
  "gameId": "5e3bb546-d86e-4e63-9ce5-bcce27d30a28",
  "playerId": "5a9ab908-7032-4611-83a1-a91e71042308",
  "gamePhase": "preflop",
  "isGameOver": false
}
2025-02-27 15:27:57 [[32MHTTP[39M]: GET /api/game/state/5a9ab908-7032-4611-83a1-a91e71042308 200 0.848 ms {
  "service": "poker-game-api"
}
2025-02-27 15:27:58 [[34MDEBUG[39M]: Request Details {
  "service": "poker-game-api",
  "method": "GET",
  "url": "/api/game/games",
  "params": {},
  "query": {}
}
2025-02-27 15:27:58 [[32MHTTP[39M]: GET /api/game/games 200 0.467 ms {
  "service": "poker-game-api"
}
2025-02-27 15:27:59 [[34MDEBUG[39M]: Request Details {
  "service": "poker-game-api",
  "method": "GET",
  "url": "/api/game/state/5a9ab908-7032-4611-83a1-a91e71042308",
  "params": {},
  "query": {}
}
2025-02-27 15:27:59 [[34MDEBUG[39M]: Game state retrieved {
  "service": "poker-game-api",
  "gameId": "5e3bb546-d86e-4e63-9ce5-bcce27d30a28",
  "playerId": "5a9ab908-7032-4611-83a1-a91e71042308",
  "gamePhase": "preflop",
  "isGameOver": false
}
2025-02-27 15:27:59 [[32MHTTP[39M]: GET /api/game/state/5a9ab908-7032-4611-83a1-a91e71042308 200 1.050 ms {
  "service": "poker-game-api"
}
2025-02-27 15:28:01 [[34MDEBUG[39M]: Request Details {
  "service": "poker-game-api",
  "method": "GET",
  "url": "/api/game/state/5a9ab908-7032-4611-83a1-a91e71042308",
  "params": {},
  "query": {}
}
2025-02-27 15:28:01 [[34MDEBUG[39M]: Game state retrieved {
  "service": "poker-game-api",
  "gameId": "5e3bb546-d86e-4e63-9ce5-bcce27d30a28",
  "playerId": "5a9ab908-7032-4611-83a1-a91e71042308",
  "gamePhase": "preflop",
  "isGameOver": false
}
2025-02-27 15:28:01 [[32MHTTP[39M]: GET /api/game/state/5a9ab908-7032-4611-83a1-a91e71042308 200 0.938 ms {
  "service": "poker-game-api"
}
2025-02-27 15:28:03 [[34MDEBUG[39M]: Request Details {
  "service": "poker-game-api",
  "method": "GET",
  "url": "/api/game/games",
  "params": {},
  "query": {}
}
2025-02-27 15:28:03 [[32MHTTP[39M]: GET /api/game/games 200 0.737 ms {
  "service": "poker-game-api"
}
2025-02-27 15:28:03 [[34MDEBUG[39M]: Request Details {
  "service": "poker-game-api",
  "method": "GET",
  "url": "/api/game/state/5a9ab908-7032-4611-83a1-a91e71042308",
  "params": {},
  "query": {}
}
2025-02-27 15:28:03 [[34MDEBUG[39M]: Game state retrieved {
  "service": "poker-game-api",
  "gameId": "5e3bb546-d86e-4e63-9ce5-bcce27d30a28",
  "playerId": "5a9ab908-7032-4611-83a1-a91e71042308",
  "gamePhase": "preflop",
  "isGameOver": false
}
2025-02-27 15:28:03 [[32MHTTP[39M]: GET /api/game/state/5a9ab908-7032-4611-83a1-a91e71042308 200 0.967 ms {
  "service": "poker-game-api"
}
2025-02-27 15:28:05 [[34MDEBUG[39M]: Request Details {
  "service": "poker-game-api",
  "method": "GET",
  "url": "/api/game/state/5a9ab908-7032-4611-83a1-a91e71042308",
  "params": {},
  "query": {}
}
2025-02-27 15:28:05 [[34MDEBUG[39M]: Game state retrieved {
  "service": "poker-game-api",
  "gameId": "5e3bb546-d86e-4e63-9ce5-bcce27d30a28",
  "playerId": "5a9ab908-7032-4611-83a1-a91e71042308",
  "gamePhase": "preflop",
  "isGameOver": false
}
2025-02-27 15:28:05 [[32MHTTP[39M]: GET /api/game/state/5a9ab908-7032-4611-83a1-a91e71042308 200 15.501 ms {
  "service": "poker-game-api"
}
2025-02-27 15:28:07 [[34MDEBUG[39M]: Request Details {
  "service": "poker-game-api",
  "method": "GET",
  "url": "/api/game/state/5a9ab908-7032-4611-83a1-a91e71042308",
  "params": {},
  "query": {}
}
2025-02-27 15:28:07 [[34MDEBUG[39M]: Game state retrieved {
  "service": "poker-game-api",
  "gameId": "5e3bb546-d86e-4e63-9ce5-bcce27d30a28",
  "playerId": "5a9ab908-7032-4611-83a1-a91e71042308",
  "gamePhase": "preflop",
  "isGameOver": false
}
2025-02-27 15:28:07 [[32MHTTP[39M]: GET /api/game/state/5a9ab908-7032-4611-83a1-a91e71042308 200 2.060 ms {
  "service": "poker-game-api"
}
2025-02-27 15:28:08 [[34MDEBUG[39M]: Request Details {
  "service": "poker-game-api",
  "method": "GET",
  "url": "/api/game/games",
  "params": {},
  "query": {}
}
2025-02-27 15:28:08 [[32MHTTP[39M]: GET /api/game/games 200 0.716 ms {
  "service": "poker-game-api"
}
2025-02-27 15:28:09 [[34MDEBUG[39M]: Request Details {
  "service": "poker-game-api",
  "method": "GET",
  "url": "/api/game/state/5a9ab908-7032-4611-83a1-a91e71042308",
  "params": {},
  "query": {}
}
2025-02-27 15:28:09 [[34MDEBUG[39M]: Game state retrieved {
  "service": "poker-game-api",
  "gameId": "5e3bb546-d86e-4e63-9ce5-bcce27d30a28",
  "playerId": "5a9ab908-7032-4611-83a1-a91e71042308",
  "gamePhase": "preflop",
  "isGameOver": false
}
2025-02-27 15:28:09 [[32MHTTP[39M]: GET /api/game/state/5a9ab908-7032-4611-83a1-a91e71042308 200 0.845 ms {
  "service": "poker-game-api"
}
2025-02-27 15:28:11 [[34MDEBUG[39M]: Request Details {
  "service": "poker-game-api",
  "method": "GET",
  "url": "/api/game/state/5a9ab908-7032-4611-83a1-a91e71042308",
  "params": {},
  "query": {}
}
2025-02-27 15:28:11 [[34MDEBUG[39M]: Game state retrieved {
  "service": "poker-game-api",
  "gameId": "5e3bb546-d86e-4e63-9ce5-bcce27d30a28",
  "playerId": "5a9ab908-7032-4611-83a1-a91e71042308",
  "gamePhase": "preflop",
  "isGameOver": false
}
2025-02-27 15:28:11 [[32MHTTP[39M]: GET /api/game/state/5a9ab908-7032-4611-83a1-a91e71042308 200 1.375 ms {
  "service": "poker-game-api"
}
2025-02-27 15:28:13 [[34MDEBUG[39M]: Request Details {
  "service": "poker-game-api",
  "method": "GET",
  "url": "/api/game/games",
  "params": {},
  "query": {}
}
2025-02-27 15:28:13 [[32MHTTP[39M]: GET /api/game/games 200 0.694 ms {
  "service": "poker-game-api"
}
2025-02-27 15:28:13 [[34MDEBUG[39M]: Request Details {
  "service": "poker-game-api",
  "method": "GET",
  "url": "/api/game/state/5a9ab908-7032-4611-83a1-a91e71042308",
  "params": {},
  "query": {}
}
2025-02-27 15:28:13 [[34MDEBUG[39M]: Game state retrieved {
  "service": "poker-game-api",
  "gameId": "5e3bb546-d86e-4e63-9ce5-bcce27d30a28",
  "playerId": "5a9ab908-7032-4611-83a1-a91e71042308",
  "gamePhase": "preflop",
  "isGameOver": false
}
2025-02-27 15:28:13 [[32MHTTP[39M]: GET /api/game/state/5a9ab908-7032-4611-83a1-a91e71042308 200 1.020 ms {
  "service": "poker-game-api"
}
2025-02-27 15:28:15 [[34MDEBUG[39M]: Request Details {
  "service": "poker-game-api",
  "method": "GET",
  "url": "/api/game/state/5a9ab908-7032-4611-83a1-a91e71042308",
  "params": {},
  "query": {}
}
2025-02-27 15:28:15 [[34MDEBUG[39M]: Game state retrieved {
  "service": "poker-game-api",
  "gameId": "5e3bb546-d86e-4e63-9ce5-bcce27d30a28",
  "playerId": "5a9ab908-7032-4611-83a1-a91e71042308",
  "gamePhase": "preflop",
  "isGameOver": false
}
2025-02-27 15:28:15 [[32MHTTP[39M]: GET /api/game/state/5a9ab908-7032-4611-83a1-a91e71042308 200 0.833 ms {
  "service": "poker-game-api"
}
2025-02-27 15:28:17 [[34MDEBUG[39M]: Request Details {
  "service": "poker-game-api",
  "method": "GET",
  "url": "/api/game/state/5a9ab908-7032-4611-83a1-a91e71042308",
  "params": {},
  "query": {}
}
2025-02-27 15:28:17 [[34MDEBUG[39M]: Game state retrieved {
  "service": "poker-game-api",
  "gameId": "5e3bb546-d86e-4e63-9ce5-bcce27d30a28",
  "playerId": "5a9ab908-7032-4611-83a1-a91e71042308",
  "gamePhase": "preflop",
  "isGameOver": false
}
2025-02-27 15:28:17 [[32MHTTP[39M]: GET /api/game/state/5a9ab908-7032-4611-83a1-a91e71042308 200 0.765 ms {
  "service": "poker-game-api"
}
2025-02-27 15:28:18 [[34MDEBUG[39M]: Request Details {
  "service": "poker-game-api",
  "method": "GET",
  "url": "/api/game/games",
  "params": {},
  "query": {}
}
2025-02-27 15:28:18 [[32MHTTP[39M]: GET /api/game/games 200 0.683 ms {
  "service": "poker-game-api"
}
2025-02-27 15:28:19 [[34MDEBUG[39M]: Request Details {
  "service": "poker-game-api",
  "method": "GET",
  "url": "/api/game/state/5a9ab908-7032-4611-83a1-a91e71042308",
  "params": {},
  "query": {}
}
2025-02-27 15:28:19 [[34MDEBUG[39M]: Game state retrieved {
  "service": "poker-game-api",
  "gameId": "5e3bb546-d86e-4e63-9ce5-bcce27d30a28",
  "playerId": "5a9ab908-7032-4611-83a1-a91e71042308",
  "gamePhase": "preflop",
  "isGameOver": false
}
2025-02-27 15:28:19 [[32MHTTP[39M]: GET /api/game/state/5a9ab908-7032-4611-83a1-a91e71042308 200 0.718 ms {
  "service": "poker-game-api"
}
2025-02-27 15:28:21 [[34MDEBUG[39M]: Request Details {
  "service": "poker-game-api",
  "method": "GET",
  "url": "/api/game/state/5a9ab908-7032-4611-83a1-a91e71042308",
  "params": {},
  "query": {}
}
2025-02-27 15:28:21 [[34MDEBUG[39M]: Game state retrieved {
  "service": "poker-game-api",
  "gameId": "5e3bb546-d86e-4e63-9ce5-bcce27d30a28",
  "playerId": "5a9ab908-7032-4611-83a1-a91e71042308",
  "gamePhase": "preflop",
  "isGameOver": false
}
2025-02-27 15:28:21 [[32MHTTP[39M]: GET /api/game/state/5a9ab908-7032-4611-83a1-a91e71042308 200 0.846 ms {
  "service": "poker-game-api"
}
2025-02-27 15:28:23 [[34MDEBUG[39M]: Request Details {
  "service": "poker-game-api",
  "method": "GET",
  "url": "/api/game/games",
  "params": {},
  "query": {}
}
2025-02-27 15:28:23 [[32MHTTP[39M]: GET /api/game/games 200 0.659 ms {
  "service": "poker-game-api"
}
2025-02-27 15:28:23 [[34MDEBUG[39M]: Request Details {
  "service": "poker-game-api",
  "method": "GET",
  "url": "/api/game/state/5a9ab908-7032-4611-83a1-a91e71042308",
  "params": {},
  "query": {}
}
2025-02-27 15:28:23 [[34MDEBUG[39M]: Game state retrieved {
  "service": "poker-game-api",
  "gameId": "5e3bb546-d86e-4e63-9ce5-bcce27d30a28",
  "playerId": "5a9ab908-7032-4611-83a1-a91e71042308",
  "gamePhase": "preflop",
  "isGameOver": false
}
2025-02-27 15:28:23 [[32MHTTP[39M]: GET /api/game/state/5a9ab908-7032-4611-83a1-a91e71042308 200 1.578 ms {
  "service": "poker-game-api"
}
2025-02-27 15:28:25 [[34MDEBUG[39M]: Request Details {
  "service": "poker-game-api",
  "method": "GET",
  "url": "/api/game/state/5a9ab908-7032-4611-83a1-a91e71042308",
  "params": {},
  "query": {}
}
2025-02-27 15:28:25 [[34MDEBUG[39M]: Game state retrieved {
  "service": "poker-game-api",
  "gameId": "5e3bb546-d86e-4e63-9ce5-bcce27d30a28",
  "playerId": "5a9ab908-7032-4611-83a1-a91e71042308",
  "gamePhase": "preflop",
  "isGameOver": false
}
2025-02-27 15:28:25 [[32MHTTP[39M]: GET /api/game/state/5a9ab908-7032-4611-83a1-a91e71042308 200 0.757 ms {
  "service": "poker-game-api"
}
2025-02-27 15:28:27 [[34MDEBUG[39M]: Request Details {
  "service": "poker-game-api",
  "method": "GET",
  "url": "/api/game/state/5a9ab908-7032-4611-83a1-a91e71042308",
  "params": {},
  "query": {}
}
2025-02-27 15:28:27 [[34MDEBUG[39M]: Game state retrieved {
  "service": "poker-game-api",
  "gameId": "5e3bb546-d86e-4e63-9ce5-bcce27d30a28",
  "playerId": "5a9ab908-7032-4611-83a1-a91e71042308",
  "gamePhase": "preflop",
  "isGameOver": false
}
2025-02-27 15:28:27 [[32MHTTP[39M]: GET /api/game/state/5a9ab908-7032-4611-83a1-a91e71042308 200 0.641 ms {
  "service": "poker-game-api"
}
2025-02-27 15:28:28 [[34MDEBUG[39M]: Request Details {
  "service": "poker-game-api",
  "method": "GET",
  "url": "/api/game/games",
  "params": {},
  "query": {}
}
2025-02-27 15:28:28 [[32MHTTP[39M]: GET /api/game/games 200 1.093 ms {
  "service": "poker-game-api"
}
2025-02-27 15:28:29 [[34MDEBUG[39M]: Request Details {
  "service": "poker-game-api",
  "method": "GET",
  "url": "/api/game/state/5a9ab908-7032-4611-83a1-a91e71042308",
  "params": {},
  "query": {}
}
2025-02-27 15:28:29 [[34MDEBUG[39M]: Game state retrieved {
  "service": "poker-game-api",
  "gameId": "5e3bb546-d86e-4e63-9ce5-bcce27d30a28",
  "playerId": "5a9ab908-7032-4611-83a1-a91e71042308",
  "gamePhase": "preflop",
  "isGameOver": false
}
2025-02-27 15:28:29 [[32MHTTP[39M]: GET /api/game/state/5a9ab908-7032-4611-83a1-a91e71042308 200 0.825 ms {
  "service": "poker-game-api"
}
2025-02-27 15:28:31 [[34MDEBUG[39M]: Request Details {
  "service": "poker-game-api",
  "method": "GET",
  "url": "/api/game/state/5a9ab908-7032-4611-83a1-a91e71042308",
  "params": {},
  "query": {}
}
2025-02-27 15:28:31 [[34MDEBUG[39M]: Game state retrieved {
  "service": "poker-game-api",
  "gameId": "5e3bb546-d86e-4e63-9ce5-bcce27d30a28",
  "playerId": "5a9ab908-7032-4611-83a1-a91e71042308",
  "gamePhase": "preflop",
  "isGameOver": false
}
2025-02-27 15:28:31 [[32MHTTP[39M]: GET /api/game/state/5a9ab908-7032-4611-83a1-a91e71042308 200 0.866 ms {
  "service": "poker-game-api"
}
2025-02-27 15:28:33 [[34MDEBUG[39M]: Request Details {
  "service": "poker-game-api",
  "method": "GET",
  "url": "/api/game/games",
  "params": {},
  "query": {}
}
2025-02-27 15:28:33 [[32MHTTP[39M]: GET /api/game/games 200 0.731 ms {
  "service": "poker-game-api"
}
2025-02-27 15:28:33 [[34MDEBUG[39M]: Request Details {
  "service": "poker-game-api",
  "method": "GET",
  "url": "/api/game/state/5a9ab908-7032-4611-83a1-a91e71042308",
  "params": {},
  "query": {}
}
2025-02-27 15:28:33 [[34MDEBUG[39M]: Game state retrieved {
  "service": "poker-game-api",
  "gameId": "5e3bb546-d86e-4e63-9ce5-bcce27d30a28",
  "playerId": "5a9ab908-7032-4611-83a1-a91e71042308",
  "gamePhase": "preflop",
  "isGameOver": false
}
2025-02-27 15:28:33 [[32MHTTP[39M]: GET /api/game/state/5a9ab908-7032-4611-83a1-a91e71042308 200 0.834 ms {
  "service": "poker-game-api"
}
2025-02-27 15:28:35 [[34MDEBUG[39M]: Request Details {
  "service": "poker-game-api",
  "method": "GET",
  "url": "/api/game/state/5a9ab908-7032-4611-83a1-a91e71042308",
  "params": {},
  "query": {}
}
2025-02-27 15:28:35 [[34MDEBUG[39M]: Game state retrieved {
  "service": "poker-game-api",
  "gameId": "5e3bb546-d86e-4e63-9ce5-bcce27d30a28",
  "playerId": "5a9ab908-7032-4611-83a1-a91e71042308",
  "gamePhase": "preflop",
  "isGameOver": false
}
2025-02-27 15:28:35 [[32MHTTP[39M]: GET /api/game/state/5a9ab908-7032-4611-83a1-a91e71042308 200 1.030 ms {
  "service": "poker-game-api"
}
2025-02-27 15:28:37 [[34MDEBUG[39M]: Request Details {
  "service": "poker-game-api",
  "method": "GET",
  "url": "/api/game/state/5a9ab908-7032-4611-83a1-a91e71042308",
  "params": {},
  "query": {}
}
2025-02-27 15:28:37 [[34MDEBUG[39M]: Game state retrieved {
  "service": "poker-game-api",
  "gameId": "5e3bb546-d86e-4e63-9ce5-bcce27d30a28",
  "playerId": "5a9ab908-7032-4611-83a1-a91e71042308",
  "gamePhase": "preflop",
  "isGameOver": false
}
2025-02-27 15:28:37 [[32MHTTP[39M]: GET /api/game/state/5a9ab908-7032-4611-83a1-a91e71042308 200 1.949 ms {
  "service": "poker-game-api"
}
2025-02-27 15:28:38 [[34MDEBUG[39M]: Request Details {
  "service": "poker-game-api",
  "method": "GET",
  "url": "/api/game/games",
  "params": {},
  "query": {}
}
2025-02-27 15:28:38 [[32MHTTP[39M]: GET /api/game/games 200 0.761 ms {
  "service": "poker-game-api"
}
2025-02-27 15:28:39 [[34MDEBUG[39M]: Request Details {
  "service": "poker-game-api",
  "method": "GET",
  "url": "/api/game/state/5a9ab908-7032-4611-83a1-a91e71042308",
  "params": {},
  "query": {}
}
2025-02-27 15:28:39 [[34MDEBUG[39M]: Game state retrieved {
  "service": "poker-game-api",
  "gameId": "5e3bb546-d86e-4e63-9ce5-bcce27d30a28",
  "playerId": "5a9ab908-7032-4611-83a1-a91e71042308",
  "gamePhase": "preflop",
  "isGameOver": false
}
2025-02-27 15:28:39 [[32MHTTP[39M]: GET /api/game/state/5a9ab908-7032-4611-83a1-a91e71042308 200 1.108 ms {
  "service": "poker-game-api"
}
2025-02-27 15:28:41 [[34MDEBUG[39M]: Request Details {
  "service": "poker-game-api",
  "method": "GET",
  "url": "/api/game/state/5a9ab908-7032-4611-83a1-a91e71042308",
  "params": {},
  "query": {}
}
2025-02-27 15:28:41 [[34MDEBUG[39M]: Game state retrieved {
  "service": "poker-game-api",
  "gameId": "5e3bb546-d86e-4e63-9ce5-bcce27d30a28",
  "playerId": "5a9ab908-7032-4611-83a1-a91e71042308",
  "gamePhase": "preflop",
  "isGameOver": false
}
2025-02-27 15:28:41 [[32MHTTP[39M]: GET /api/game/state/5a9ab908-7032-4611-83a1-a91e71042308 200 0.825 ms {
  "service": "poker-game-api"
}
2025-02-27 15:28:43 [[34MDEBUG[39M]: Request Details {
  "service": "poker-game-api",
  "method": "GET",
  "url": "/api/game/games",
  "params": {},
  "query": {}
}
2025-02-27 15:28:43 [[32MHTTP[39M]: GET /api/game/games 200 0.804 ms {
  "service": "poker-game-api"
}
2025-02-27 15:28:43 [[34MDEBUG[39M]: Request Details {
  "service": "poker-game-api",
  "method": "GET",
  "url": "/api/game/state/5a9ab908-7032-4611-83a1-a91e71042308",
  "params": {},
  "query": {}
}
2025-02-27 15:28:43 [[34MDEBUG[39M]: Game state retrieved {
  "service": "poker-game-api",
  "gameId": "5e3bb546-d86e-4e63-9ce5-bcce27d30a28",
  "playerId": "5a9ab908-7032-4611-83a1-a91e71042308",
  "gamePhase": "preflop",
  "isGameOver": false
}
2025-02-27 15:28:43 [[32MHTTP[39M]: GET /api/game/state/5a9ab908-7032-4611-83a1-a91e71042308 200 0.817 ms {
  "service": "poker-game-api"
}
2025-02-27 15:28:45 [[34MDEBUG[39M]: Request Details {
  "service": "poker-game-api",
  "method": "GET",
  "url": "/api/game/state/5a9ab908-7032-4611-83a1-a91e71042308",
  "params": {},
  "query": {}
}
2025-02-27 15:28:45 [[34MDEBUG[39M]: Game state retrieved {
  "service": "poker-game-api",
  "gameId": "5e3bb546-d86e-4e63-9ce5-bcce27d30a28",
  "playerId": "5a9ab908-7032-4611-83a1-a91e71042308",
  "gamePhase": "preflop",
  "isGameOver": false
}
2025-02-27 15:28:45 [[32MHTTP[39M]: GET /api/game/state/5a9ab908-7032-4611-83a1-a91e71042308 200 1.501 ms {
  "service": "poker-game-api"
}
2025-02-27 15:28:47 [[34MDEBUG[39M]: Request Details {
  "service": "poker-game-api",
  "method": "GET",
  "url": "/api/game/state/5a9ab908-7032-4611-83a1-a91e71042308",
  "params": {},
  "query": {}
}
2025-02-27 15:28:47 [[34MDEBUG[39M]: Game state retrieved {
  "service": "poker-game-api",
  "gameId": "5e3bb546-d86e-4e63-9ce5-bcce27d30a28",
  "playerId": "5a9ab908-7032-4611-83a1-a91e71042308",
  "gamePhase": "preflop",
  "isGameOver": false
}
2025-02-27 15:28:47 [[32MHTTP[39M]: GET /api/game/state/5a9ab908-7032-4611-83a1-a91e71042308 200 0.488 ms {
  "service": "poker-game-api"
}
2025-02-27 15:28:48 [[34MDEBUG[39M]: Request Details {
  "service": "poker-game-api",
  "method": "GET",
  "url": "/api/game/games",
  "params": {},
  "query": {}
}
2025-02-27 15:28:48 [[32MHTTP[39M]: GET /api/game/games 200 0.476 ms {
  "service": "poker-game-api"
}
2025-02-27 15:28:49 [[34MDEBUG[39M]: Request Details {
  "service": "poker-game-api",
  "method": "GET",
  "url": "/api/game/state/5a9ab908-7032-4611-83a1-a91e71042308",
  "params": {},
  "query": {}
}
2025-02-27 15:28:49 [[34MDEBUG[39M]: Game state retrieved {
  "service": "poker-game-api",
  "gameId": "5e3bb546-d86e-4e63-9ce5-bcce27d30a28",
  "playerId": "5a9ab908-7032-4611-83a1-a91e71042308",
  "gamePhase": "preflop",
  "isGameOver": false
}
2025-02-27 15:28:49 [[32MHTTP[39M]: GET /api/game/state/5a9ab908-7032-4611-83a1-a91e71042308 200 0.840 ms {
  "service": "poker-game-api"
}
2025-02-27 15:28:51 [[34MDEBUG[39M]: Request Details {
  "service": "poker-game-api",
  "method": "GET",
  "url": "/api/game/state/5a9ab908-7032-4611-83a1-a91e71042308",
  "params": {},
  "query": {}
}
2025-02-27 15:28:51 [[34MDEBUG[39M]: Game state retrieved {
  "service": "poker-game-api",
  "gameId": "5e3bb546-d86e-4e63-9ce5-bcce27d30a28",
  "playerId": "5a9ab908-7032-4611-83a1-a91e71042308",
  "gamePhase": "preflop",
  "isGameOver": false
}
2025-02-27 15:28:51 [[32MHTTP[39M]: GET /api/game/state/5a9ab908-7032-4611-83a1-a91e71042308 200 0.641 ms {
  "service": "poker-game-api"
}
2025-02-27 15:28:53 [[34MDEBUG[39M]: Request Details {
  "service": "poker-game-api",
  "method": "GET",
  "url": "/api/game/games",
  "params": {},
  "query": {}
}
2025-02-27 15:28:53 [[32MHTTP[39M]: GET /api/game/games 200 0.709 ms {
  "service": "poker-game-api"
}
2025-02-27 15:28:53 [[34MDEBUG[39M]: Request Details {
  "service": "poker-game-api",
  "method": "GET",
  "url": "/api/game/state/5a9ab908-7032-4611-83a1-a91e71042308",
  "params": {},
  "query": {}
}
2025-02-27 15:28:53 [[34MDEBUG[39M]: Game state retrieved {
  "service": "poker-game-api",
  "gameId": "5e3bb546-d86e-4e63-9ce5-bcce27d30a28",
  "playerId": "5a9ab908-7032-4611-83a1-a91e71042308",
  "gamePhase": "preflop",
  "isGameOver": false
}
2025-02-27 15:28:53 [[32MHTTP[39M]: GET /api/game/state/5a9ab908-7032-4611-83a1-a91e71042308 200 0.885 ms {
  "service": "poker-game-api"
}
2025-02-27 15:28:55 [[34MDEBUG[39M]: Request Details {
  "service": "poker-game-api",
  "method": "GET",
  "url": "/api/game/state/5a9ab908-7032-4611-83a1-a91e71042308",
  "params": {},
  "query": {}
}
2025-02-27 15:28:55 [[34MDEBUG[39M]: Game state retrieved {
  "service": "poker-game-api",
  "gameId": "5e3bb546-d86e-4e63-9ce5-bcce27d30a28",
  "playerId": "5a9ab908-7032-4611-83a1-a91e71042308",
  "gamePhase": "preflop",
  "isGameOver": false
}
2025-02-27 15:28:55 [[32MHTTP[39M]: GET /api/game/state/5a9ab908-7032-4611-83a1-a91e71042308 200 0.863 ms {
  "service": "poker-game-api"
}
2025-02-27 15:28:57 [[34MDEBUG[39M]: Request Details {
  "service": "poker-game-api",
  "method": "GET",
  "url": "/api/game/state/5a9ab908-7032-4611-83a1-a91e71042308",
  "params": {},
  "query": {}
}
2025-02-27 15:28:57 [[34MDEBUG[39M]: Game state retrieved {
  "service": "poker-game-api",
  "gameId": "5e3bb546-d86e-4e63-9ce5-bcce27d30a28",
  "playerId": "5a9ab908-7032-4611-83a1-a91e71042308",
  "gamePhase": "preflop",
  "isGameOver": false
}
2025-02-27 15:28:57 [[32MHTTP[39M]: GET /api/game/state/5a9ab908-7032-4611-83a1-a91e71042308 200 0.361 ms {
  "service": "poker-game-api"
}
2025-02-27 15:28:58 [[34MDEBUG[39M]: Request Details {
  "service": "poker-game-api",
  "method": "GET",
  "url": "/api/game/games",
  "params": {},
  "query": {}
}
2025-02-27 15:28:58 [[32MHTTP[39M]: GET /api/game/games 200 0.722 ms {
  "service": "poker-game-api"
}
2025-02-27 15:28:59 [[34MDEBUG[39M]: Request Details {
  "service": "poker-game-api",
  "method": "GET",
  "url": "/api/game/state/5a9ab908-7032-4611-83a1-a91e71042308",
  "params": {},
  "query": {}
}
2025-02-27 15:28:59 [[34MDEBUG[39M]: Game state retrieved {
  "service": "poker-game-api",
  "gameId": "5e3bb546-d86e-4e63-9ce5-bcce27d30a28",
  "playerId": "5a9ab908-7032-4611-83a1-a91e71042308",
  "gamePhase": "preflop",
  "isGameOver": false
}
2025-02-27 15:28:59 [[32MHTTP[39M]: GET /api/game/state/5a9ab908-7032-4611-83a1-a91e71042308 200 1.018 ms {
  "service": "poker-game-api"
}
2025-02-27 15:29:01 [[34MDEBUG[39M]: Request Details {
  "service": "poker-game-api",
  "method": "GET",
  "url": "/api/game/state/5a9ab908-7032-4611-83a1-a91e71042308",
  "params": {},
  "query": {}
}
2025-02-27 15:29:01 [[34MDEBUG[39M]: Game state retrieved {
  "service": "poker-game-api",
  "gameId": "5e3bb546-d86e-4e63-9ce5-bcce27d30a28",
  "playerId": "5a9ab908-7032-4611-83a1-a91e71042308",
  "gamePhase": "preflop",
  "isGameOver": false
}
2025-02-27 15:29:01 [[32MHTTP[39M]: GET /api/game/state/5a9ab908-7032-4611-83a1-a91e71042308 200 1.082 ms {
  "service": "poker-game-api"
}
2025-02-27 15:29:03 [[34MDEBUG[39M]: Request Details {
  "service": "poker-game-api",
  "method": "GET",
  "url": "/api/game/games",
  "params": {},
  "query": {}
}
2025-02-27 15:29:03 [[32MHTTP[39M]: GET /api/game/games 200 0.497 ms {
  "service": "poker-game-api"
}
2025-02-27 15:29:03 [[34MDEBUG[39M]: Request Details {
  "service": "poker-game-api",
  "method": "GET",
  "url": "/api/game/state/5a9ab908-7032-4611-83a1-a91e71042308",
  "params": {},
  "query": {}
}
2025-02-27 15:29:03 [[34MDEBUG[39M]: Game state retrieved {
  "service": "poker-game-api",
  "gameId": "5e3bb546-d86e-4e63-9ce5-bcce27d30a28",
  "playerId": "5a9ab908-7032-4611-83a1-a91e71042308",
  "gamePhase": "preflop",
  "isGameOver": false
}
2025-02-27 15:29:03 [[32MHTTP[39M]: GET /api/game/state/5a9ab908-7032-4611-83a1-a91e71042308 200 0.746 ms {
  "service": "poker-game-api"
}
2025-02-27 15:29:05 [[34MDEBUG[39M]: Request Details {
  "service": "poker-game-api",
  "method": "GET",
  "url": "/api/game/state/5a9ab908-7032-4611-83a1-a91e71042308",
  "params": {},
  "query": {}
}
2025-02-27 15:29:05 [[34MDEBUG[39M]: Game state retrieved {
  "service": "poker-game-api",
  "gameId": "5e3bb546-d86e-4e63-9ce5-bcce27d30a28",
  "playerId": "5a9ab908-7032-4611-83a1-a91e71042308",
  "gamePhase": "preflop",
  "isGameOver": false
}
2025-02-27 15:29:05 [[32MHTTP[39M]: GET /api/game/state/5a9ab908-7032-4611-83a1-a91e71042308 200 1.150 ms {
  "service": "poker-game-api"
}
2025-02-27 15:29:07 [[34MDEBUG[39M]: Request Details {
  "service": "poker-game-api",
  "method": "GET",
  "url": "/api/game/state/5a9ab908-7032-4611-83a1-a91e71042308",
  "params": {},
  "query": {}
}
2025-02-27 15:29:07 [[34MDEBUG[39M]: Game state retrieved {
  "service": "poker-game-api",
  "gameId": "5e3bb546-d86e-4e63-9ce5-bcce27d30a28",
  "playerId": "5a9ab908-7032-4611-83a1-a91e71042308",
  "gamePhase": "preflop",
  "isGameOver": false
}
2025-02-27 15:29:07 [[32MHTTP[39M]: GET /api/game/state/5a9ab908-7032-4611-83a1-a91e71042308 200 0.795 ms {
  "service": "poker-game-api"
}
2025-02-27 15:29:08 [[34MDEBUG[39M]: Request Details {
  "service": "poker-game-api",
  "method": "GET",
  "url": "/api/game/games",
  "params": {},
  "query": {}
}
2025-02-27 15:29:08 [[32MHTTP[39M]: GET /api/game/games 200 0.716 ms {
  "service": "poker-game-api"
}
2025-02-27 15:29:09 [[34MDEBUG[39M]: Request Details {
  "service": "poker-game-api",
  "method": "GET",
  "url": "/api/game/state/5a9ab908-7032-4611-83a1-a91e71042308",
  "params": {},
  "query": {}
}
2025-02-27 15:29:09 [[34MDEBUG[39M]: Game state retrieved {
  "service": "poker-game-api",
  "gameId": "5e3bb546-d86e-4e63-9ce5-bcce27d30a28",
  "playerId": "5a9ab908-7032-4611-83a1-a91e71042308",
  "gamePhase": "preflop",
  "isGameOver": false
}
2025-02-27 15:29:09 [[32MHTTP[39M]: GET /api/game/state/5a9ab908-7032-4611-83a1-a91e71042308 200 0.801 ms {
  "service": "poker-game-api"
}
2025-02-27 15:29:11 [[34MDEBUG[39M]: Request Details {
  "service": "poker-game-api",
  "method": "GET",
  "url": "/api/game/state/5a9ab908-7032-4611-83a1-a91e71042308",
  "params": {},
  "query": {}
}
2025-02-27 15:29:11 [[34MDEBUG[39M]: Game state retrieved {
  "service": "poker-game-api",
  "gameId": "5e3bb546-d86e-4e63-9ce5-bcce27d30a28",
  "playerId": "5a9ab908-7032-4611-83a1-a91e71042308",
  "gamePhase": "preflop",
  "isGameOver": false
}
2025-02-27 15:29:11 [[32MHTTP[39M]: GET /api/game/state/5a9ab908-7032-4611-83a1-a91e71042308 200 0.652 ms {
  "service": "poker-game-api"
}
2025-02-27 15:29:13 [[34MDEBUG[39M]: Request Details {
  "service": "poker-game-api",
  "method": "GET",
  "url": "/api/game/games",
  "params": {},
  "query": {}
}
2025-02-27 15:29:13 [[32MHTTP[39M]: GET /api/game/games 200 0.659 ms {
  "service": "poker-game-api"
}
2025-02-27 15:29:13 [[34MDEBUG[39M]: Request Details {
  "service": "poker-game-api",
  "method": "GET",
  "url": "/api/game/state/5a9ab908-7032-4611-83a1-a91e71042308",
  "params": {},
  "query": {}
}
2025-02-27 15:29:13 [[34MDEBUG[39M]: Game state retrieved {
  "service": "poker-game-api",
  "gameId": "5e3bb546-d86e-4e63-9ce5-bcce27d30a28",
  "playerId": "5a9ab908-7032-4611-83a1-a91e71042308",
  "gamePhase": "preflop",
  "isGameOver": false
}
2025-02-27 15:29:13 [[32MHTTP[39M]: GET /api/game/state/5a9ab908-7032-4611-83a1-a91e71042308 200 0.978 ms {
  "service": "poker-game-api"
}
2025-02-27 15:29:15 [[34MDEBUG[39M]: Request Details {
  "service": "poker-game-api",
  "method": "GET",
  "url": "/api/game/state/5a9ab908-7032-4611-83a1-a91e71042308",
  "params": {},
  "query": {}
}
2025-02-27 15:29:15 [[34MDEBUG[39M]: Game state retrieved {
  "service": "poker-game-api",
  "gameId": "5e3bb546-d86e-4e63-9ce5-bcce27d30a28",
  "playerId": "5a9ab908-7032-4611-83a1-a91e71042308",
  "gamePhase": "preflop",
  "isGameOver": false
}
2025-02-27 15:29:15 [[32MHTTP[39M]: GET /api/game/state/5a9ab908-7032-4611-83a1-a91e71042308 200 65.893 ms {
  "service": "poker-game-api"
}
2025-02-27 15:29:17 [[34MDEBUG[39M]: Request Details {
  "service": "poker-game-api",
  "method": "GET",
  "url": "/api/game/state/5a9ab908-7032-4611-83a1-a91e71042308",
  "params": {},
  "query": {}
}
2025-02-27 15:29:17 [[34MDEBUG[39M]: Game state retrieved {
  "service": "poker-game-api",
  "gameId": "5e3bb546-d86e-4e63-9ce5-bcce27d30a28",
  "playerId": "5a9ab908-7032-4611-83a1-a91e71042308",
  "gamePhase": "preflop",
  "isGameOver": false
}
2025-02-27 15:29:17 [[32MHTTP[39M]: GET /api/game/state/5a9ab908-7032-4611-83a1-a91e71042308 200 0.851 ms {
  "service": "poker-game-api"
}
2025-02-27 15:29:18 [[34MDEBUG[39M]: Request Details {
  "service": "poker-game-api",
  "method": "GET",
  "url": "/api/game/games",
  "params": {},
  "query": {}
}
2025-02-27 15:29:18 [[32MHTTP[39M]: GET /api/game/games 200 0.729 ms {
  "service": "poker-game-api"
}
2025-02-27 15:29:19 [[34MDEBUG[39M]: Request Details {
  "service": "poker-game-api",
  "method": "GET",
  "url": "/api/game/state/5a9ab908-7032-4611-83a1-a91e71042308",
  "params": {},
  "query": {}
}
2025-02-27 15:29:19 [[34MDEBUG[39M]: Game state retrieved {
  "service": "poker-game-api",
  "gameId": "5e3bb546-d86e-4e63-9ce5-bcce27d30a28",
  "playerId": "5a9ab908-7032-4611-83a1-a91e71042308",
  "gamePhase": "preflop",
  "isGameOver": false
}
2025-02-27 15:29:19 [[32MHTTP[39M]: GET /api/game/state/5a9ab908-7032-4611-83a1-a91e71042308 200 0.914 ms {
  "service": "poker-game-api"
}
2025-02-27 15:29:21 [[34MDEBUG[39M]: Request Details {
  "service": "poker-game-api",
  "method": "GET",
  "url": "/api/game/state/5a9ab908-7032-4611-83a1-a91e71042308",
  "params": {},
  "query": {}
}
2025-02-27 15:29:21 [[34MDEBUG[39M]: Game state retrieved {
  "service": "poker-game-api",
  "gameId": "5e3bb546-d86e-4e63-9ce5-bcce27d30a28",
  "playerId": "5a9ab908-7032-4611-83a1-a91e71042308",
  "gamePhase": "preflop",
  "isGameOver": false
}
2025-02-27 15:29:21 [[32MHTTP[39M]: GET /api/game/state/5a9ab908-7032-4611-83a1-a91e71042308 200 0.643 ms {
  "service": "poker-game-api"
}
2025-02-27 15:29:23 [[34MDEBUG[39M]: Request Details {
  "service": "poker-game-api",
  "method": "GET",
  "url": "/api/game/games",
  "params": {},
  "query": {}
}
2025-02-27 15:29:23 [[32MHTTP[39M]: GET /api/game/games 200 0.853 ms {
  "service": "poker-game-api"
}
2025-02-27 15:29:23 [[34MDEBUG[39M]: Request Details {
  "service": "poker-game-api",
  "method": "GET",
  "url": "/api/game/state/5a9ab908-7032-4611-83a1-a91e71042308",
  "params": {},
  "query": {}
}
2025-02-27 15:29:23 [[34MDEBUG[39M]: Game state retrieved {
  "service": "poker-game-api",
  "gameId": "5e3bb546-d86e-4e63-9ce5-bcce27d30a28",
  "playerId": "5a9ab908-7032-4611-83a1-a91e71042308",
  "gamePhase": "preflop",
  "isGameOver": false
}
2025-02-27 15:29:23 [[32MHTTP[39M]: GET /api/game/state/5a9ab908-7032-4611-83a1-a91e71042308 200 0.632 ms {
  "service": "poker-game-api"
}
2025-02-27 15:29:25 [[34MDEBUG[39M]: Request Details {
  "service": "poker-game-api",
  "method": "GET",
  "url": "/api/game/state/5a9ab908-7032-4611-83a1-a91e71042308",
  "params": {},
  "query": {}
}
2025-02-27 15:29:25 [[34MDEBUG[39M]: Game state retrieved {
  "service": "poker-game-api",
  "gameId": "5e3bb546-d86e-4e63-9ce5-bcce27d30a28",
  "playerId": "5a9ab908-7032-4611-83a1-a91e71042308",
  "gamePhase": "preflop",
  "isGameOver": false
}
2025-02-27 15:29:25 [[32MHTTP[39M]: GET /api/game/state/5a9ab908-7032-4611-83a1-a91e71042308 200 0.680 ms {
  "service": "poker-game-api"
}
2025-02-27 15:29:27 [[34MDEBUG[39M]: Request Details {
  "service": "poker-game-api",
  "method": "GET",
  "url": "/api/game/state/5a9ab908-7032-4611-83a1-a91e71042308",
  "params": {},
  "query": {}
}
2025-02-27 15:29:27 [[34MDEBUG[39M]: Game state retrieved {
  "service": "poker-game-api",
  "gameId": "5e3bb546-d86e-4e63-9ce5-bcce27d30a28",
  "playerId": "5a9ab908-7032-4611-83a1-a91e71042308",
  "gamePhase": "preflop",
  "isGameOver": false
}
2025-02-27 15:29:27 [[32MHTTP[39M]: GET /api/game/state/5a9ab908-7032-4611-83a1-a91e71042308 200 0.979 ms {
  "service": "poker-game-api"
}
2025-02-27 15:29:28 [[34MDEBUG[39M]: Request Details {
  "service": "poker-game-api",
  "method": "GET",
  "url": "/api/game/games",
  "params": {},
  "query": {}
}
2025-02-27 15:29:28 [[32MHTTP[39M]: GET /api/game/games 200 1.240 ms {
  "service": "poker-game-api"
}
2025-02-27 15:29:29 [[34MDEBUG[39M]: Request Details {
  "service": "poker-game-api",
  "method": "GET",
  "url": "/api/game/state/5a9ab908-7032-4611-83a1-a91e71042308",
  "params": {},
  "query": {}
}
2025-02-27 15:29:29 [[34MDEBUG[39M]: Game state retrieved {
  "service": "poker-game-api",
  "gameId": "5e3bb546-d86e-4e63-9ce5-bcce27d30a28",
  "playerId": "5a9ab908-7032-4611-83a1-a91e71042308",
  "gamePhase": "preflop",
  "isGameOver": false
}
2025-02-27 15:29:29 [[32MHTTP[39M]: GET /api/game/state/5a9ab908-7032-4611-83a1-a91e71042308 200 0.866 ms {
  "service": "poker-game-api"
}
2025-02-27 15:29:31 [[34MDEBUG[39M]: Request Details {
  "service": "poker-game-api",
  "method": "GET",
  "url": "/api/game/state/5a9ab908-7032-4611-83a1-a91e71042308",
  "params": {},
  "query": {}
}
2025-02-27 15:29:31 [[34MDEBUG[39M]: Game state retrieved {
  "service": "poker-game-api",
  "gameId": "5e3bb546-d86e-4e63-9ce5-bcce27d30a28",
  "playerId": "5a9ab908-7032-4611-83a1-a91e71042308",
  "gamePhase": "preflop",
  "isGameOver": false
}
2025-02-27 15:29:31 [[32MHTTP[39M]: GET /api/game/state/5a9ab908-7032-4611-83a1-a91e71042308 200 1.515 ms {
  "service": "poker-game-api"
}
2025-02-27 15:29:33 [[34MDEBUG[39M]: Request Details {
  "service": "poker-game-api",
  "method": "GET",
  "url": "/api/game/games",
  "params": {},
  "query": {}
}
2025-02-27 15:29:33 [[32MHTTP[39M]: GET /api/game/games 200 0.494 ms {
  "service": "poker-game-api"
}
2025-02-27 15:29:33 [[34MDEBUG[39M]: Request Details {
  "service": "poker-game-api",
  "method": "GET",
  "url": "/api/game/state/5a9ab908-7032-4611-83a1-a91e71042308",
  "params": {},
  "query": {}
}
2025-02-27 15:29:33 [[34MDEBUG[39M]: Game state retrieved {
  "service": "poker-game-api",
  "gameId": "5e3bb546-d86e-4e63-9ce5-bcce27d30a28",
  "playerId": "5a9ab908-7032-4611-83a1-a91e71042308",
  "gamePhase": "preflop",
  "isGameOver": false
}
2025-02-27 15:29:33 [[32MHTTP[39M]: GET /api/game/state/5a9ab908-7032-4611-83a1-a91e71042308 200 2.042 ms {
  "service": "poker-game-api"
}
2025-02-27 15:29:35 [[34MDEBUG[39M]: Request Details {
  "service": "poker-game-api",
  "method": "GET",
  "url": "/api/game/state/5a9ab908-7032-4611-83a1-a91e71042308",
  "params": {},
  "query": {}
}
2025-02-27 15:29:35 [[34MDEBUG[39M]: Game state retrieved {
  "service": "poker-game-api",
  "gameId": "5e3bb546-d86e-4e63-9ce5-bcce27d30a28",
  "playerId": "5a9ab908-7032-4611-83a1-a91e71042308",
  "gamePhase": "preflop",
  "isGameOver": false
}
2025-02-27 15:29:35 [[32MHTTP[39M]: GET /api/game/state/5a9ab908-7032-4611-83a1-a91e71042308 200 0.867 ms {
  "service": "poker-game-api"
}
2025-02-27 15:29:37 [[34MDEBUG[39M]: Request Details {
  "service": "poker-game-api",
  "method": "GET",
  "url": "/api/game/state/5a9ab908-7032-4611-83a1-a91e71042308",
  "params": {},
  "query": {}
}
2025-02-27 15:29:37 [[34MDEBUG[39M]: Game state retrieved {
  "service": "poker-game-api",
  "gameId": "5e3bb546-d86e-4e63-9ce5-bcce27d30a28",
  "playerId": "5a9ab908-7032-4611-83a1-a91e71042308",
  "gamePhase": "preflop",
  "isGameOver": false
}
2025-02-27 15:29:37 [[32MHTTP[39M]: GET /api/game/state/5a9ab908-7032-4611-83a1-a91e71042308 200 1.056 ms {
  "service": "poker-game-api"
}
2025-02-27 15:29:38 [[34MDEBUG[39M]: Request Details {
  "service": "poker-game-api",
  "method": "GET",
  "url": "/api/game/games",
  "params": {},
  "query": {}
}
2025-02-27 15:29:38 [[32MHTTP[39M]: GET /api/game/games 200 0.660 ms {
  "service": "poker-game-api"
}
2025-02-27 15:29:39 [[34MDEBUG[39M]: Request Details {
  "service": "poker-game-api",
  "method": "GET",
  "url": "/api/game/state/5a9ab908-7032-4611-83a1-a91e71042308",
  "params": {},
  "query": {}
}
2025-02-27 15:29:39 [[34MDEBUG[39M]: Game state retrieved {
  "service": "poker-game-api",
  "gameId": "5e3bb546-d86e-4e63-9ce5-bcce27d30a28",
  "playerId": "5a9ab908-7032-4611-83a1-a91e71042308",
  "gamePhase": "preflop",
  "isGameOver": false
}
2025-02-27 15:29:39 [[32MHTTP[39M]: GET /api/game/state/5a9ab908-7032-4611-83a1-a91e71042308 200 0.733 ms {
  "service": "poker-game-api"
}
2025-02-27 15:29:41 [[34MDEBUG[39M]: Request Details {
  "service": "poker-game-api",
  "method": "GET",
  "url": "/api/game/state/5a9ab908-7032-4611-83a1-a91e71042308",
  "params": {},
  "query": {}
}
2025-02-27 15:29:41 [[34MDEBUG[39M]: Game state retrieved {
  "service": "poker-game-api",
  "gameId": "5e3bb546-d86e-4e63-9ce5-bcce27d30a28",
  "playerId": "5a9ab908-7032-4611-83a1-a91e71042308",
  "gamePhase": "preflop",
  "isGameOver": false
}
2025-02-27 15:29:41 [[32MHTTP[39M]: GET /api/game/state/5a9ab908-7032-4611-83a1-a91e71042308 200 1.061 ms {
  "service": "poker-game-api"
}
2025-02-27 15:29:43 [[34MDEBUG[39M]: Request Details {
  "service": "poker-game-api",
  "method": "GET",
  "url": "/api/game/games",
  "params": {},
  "query": {}
}
2025-02-27 15:29:43 [[32MHTTP[39M]: GET /api/game/games 200 0.635 ms {
  "service": "poker-game-api"
}
2025-02-27 15:29:43 [[34MDEBUG[39M]: Request Details {
  "service": "poker-game-api",
  "method": "GET",
  "url": "/api/game/state/5a9ab908-7032-4611-83a1-a91e71042308",
  "params": {},
  "query": {}
}
2025-02-27 15:29:43 [[34MDEBUG[39M]: Game state retrieved {
  "service": "poker-game-api",
  "gameId": "5e3bb546-d86e-4e63-9ce5-bcce27d30a28",
  "playerId": "5a9ab908-7032-4611-83a1-a91e71042308",
  "gamePhase": "preflop",
  "isGameOver": false
}
2025-02-27 15:29:43 [[32MHTTP[39M]: GET /api/game/state/5a9ab908-7032-4611-83a1-a91e71042308 200 0.787 ms {
  "service": "poker-game-api"
}
2025-02-27 15:29:45 [[34MDEBUG[39M]: Request Details {
  "service": "poker-game-api",
  "method": "GET",
  "url": "/api/game/state/5a9ab908-7032-4611-83a1-a91e71042308",
  "params": {},
  "query": {}
}
2025-02-27 15:29:45 [[34MDEBUG[39M]: Game state retrieved {
  "service": "poker-game-api",
  "gameId": "5e3bb546-d86e-4e63-9ce5-bcce27d30a28",
  "playerId": "5a9ab908-7032-4611-83a1-a91e71042308",
  "gamePhase": "preflop",
  "isGameOver": false
}
2025-02-27 15:29:45 [[32MHTTP[39M]: GET /api/game/state/5a9ab908-7032-4611-83a1-a91e71042308 200 0.557 ms {
  "service": "poker-game-api"
}
2025-02-27 15:29:47 [[34MDEBUG[39M]: Request Details {
  "service": "poker-game-api",
  "method": "GET",
  "url": "/api/game/state/5a9ab908-7032-4611-83a1-a91e71042308",
  "params": {},
  "query": {}
}
2025-02-27 15:29:47 [[34MDEBUG[39M]: Game state retrieved {
  "service": "poker-game-api",
  "gameId": "5e3bb546-d86e-4e63-9ce5-bcce27d30a28",
  "playerId": "5a9ab908-7032-4611-83a1-a91e71042308",
  "gamePhase": "preflop",
  "isGameOver": false
}
2025-02-27 15:29:47 [[32MHTTP[39M]: GET /api/game/state/5a9ab908-7032-4611-83a1-a91e71042308 200 0.867 ms {
  "service": "poker-game-api"
}
2025-02-27 15:29:48 [[34MDEBUG[39M]: Request Details {
  "service": "poker-game-api",
  "method": "GET",
  "url": "/api/game/games",
  "params": {},
  "query": {}
}
2025-02-27 15:29:48 [[32MHTTP[39M]: GET /api/game/games 200 0.723 ms {
  "service": "poker-game-api"
}
2025-02-27 15:29:49 [[34MDEBUG[39M]: Request Details {
  "service": "poker-game-api",
  "method": "GET",
  "url": "/api/game/state/5a9ab908-7032-4611-83a1-a91e71042308",
  "params": {},
  "query": {}
}
2025-02-27 15:29:49 [[34MDEBUG[39M]: Game state retrieved {
  "service": "poker-game-api",
  "gameId": "5e3bb546-d86e-4e63-9ce5-bcce27d30a28",
  "playerId": "5a9ab908-7032-4611-83a1-a91e71042308",
  "gamePhase": "preflop",
  "isGameOver": false
}
2025-02-27 15:29:49 [[32MHTTP[39M]: GET /api/game/state/5a9ab908-7032-4611-83a1-a91e71042308 200 0.862 ms {
  "service": "poker-game-api"
}
2025-02-27 15:29:51 [[34MDEBUG[39M]: Request Details {
  "service": "poker-game-api",
  "method": "GET",
  "url": "/api/game/state/5a9ab908-7032-4611-83a1-a91e71042308",
  "params": {},
  "query": {}
}
2025-02-27 15:29:51 [[34MDEBUG[39M]: Game state retrieved {
  "service": "poker-game-api",
  "gameId": "5e3bb546-d86e-4e63-9ce5-bcce27d30a28",
  "playerId": "5a9ab908-7032-4611-83a1-a91e71042308",
  "gamePhase": "preflop",
  "isGameOver": false
}
2025-02-27 15:29:51 [[32MHTTP[39M]: GET /api/game/state/5a9ab908-7032-4611-83a1-a91e71042308 200 1.060 ms {
  "service": "poker-game-api"
}
2025-02-27 15:29:53 [[34MDEBUG[39M]: Request Details {
  "service": "poker-game-api",
  "method": "GET",
  "url": "/api/game/games",
  "params": {},
  "query": {}
}
2025-02-27 15:29:53 [[32MHTTP[39M]: GET /api/game/games 200 0.730 ms {
  "service": "poker-game-api"
}
2025-02-27 15:29:53 [[34MDEBUG[39M]: Request Details {
  "service": "poker-game-api",
  "method": "GET",
  "url": "/api/game/state/5a9ab908-7032-4611-83a1-a91e71042308",
  "params": {},
  "query": {}
}
2025-02-27 15:29:53 [[34MDEBUG[39M]: Game state retrieved {
  "service": "poker-game-api",
  "gameId": "5e3bb546-d86e-4e63-9ce5-bcce27d30a28",
  "playerId": "5a9ab908-7032-4611-83a1-a91e71042308",
  "gamePhase": "preflop",
  "isGameOver": false
}
2025-02-27 15:29:53 [[32MHTTP[39M]: GET /api/game/state/5a9ab908-7032-4611-83a1-a91e71042308 200 0.613 ms {
  "service": "poker-game-api"
}
2025-02-27 15:29:55 [[34MDEBUG[39M]: Request Details {
  "service": "poker-game-api",
  "method": "GET",
  "url": "/api/game/state/5a9ab908-7032-4611-83a1-a91e71042308",
  "params": {},
  "query": {}
}
2025-02-27 15:29:55 [[34MDEBUG[39M]: Game state retrieved {
  "service": "poker-game-api",
  "gameId": "5e3bb546-d86e-4e63-9ce5-bcce27d30a28",
  "playerId": "5a9ab908-7032-4611-83a1-a91e71042308",
  "gamePhase": "preflop",
  "isGameOver": false
}
2025-02-27 15:29:55 [[32MHTTP[39M]: GET /api/game/state/5a9ab908-7032-4611-83a1-a91e71042308 200 0.882 ms {
  "service": "poker-game-api"
}
2025-02-27 15:29:57 [[34MDEBUG[39M]: Request Details {
  "service": "poker-game-api",
  "method": "GET",
  "url": "/api/game/state/5a9ab908-7032-4611-83a1-a91e71042308",
  "params": {},
  "query": {}
}
2025-02-27 15:29:57 [[34MDEBUG[39M]: Game state retrieved {
  "service": "poker-game-api",
  "gameId": "5e3bb546-d86e-4e63-9ce5-bcce27d30a28",
  "playerId": "5a9ab908-7032-4611-83a1-a91e71042308",
  "gamePhase": "preflop",
  "isGameOver": false
}
2025-02-27 15:29:57 [[32MHTTP[39M]: GET /api/game/state/5a9ab908-7032-4611-83a1-a91e71042308 200 0.889 ms {
  "service": "poker-game-api"
}
2025-02-27 15:29:58 [[34MDEBUG[39M]: Request Details {
  "service": "poker-game-api",
  "method": "GET",
  "url": "/api/game/games",
  "params": {},
  "query": {}
}
2025-02-27 15:29:58 [[32MHTTP[39M]: GET /api/game/games 200 0.771 ms {
  "service": "poker-game-api"
}
2025-02-27 15:29:59 [[34MDEBUG[39M]: Request Details {
  "service": "poker-game-api",
  "method": "GET",
  "url": "/api/game/state/5a9ab908-7032-4611-83a1-a91e71042308",
  "params": {},
  "query": {}
}
2025-02-27 15:29:59 [[34MDEBUG[39M]: Game state retrieved {
  "service": "poker-game-api",
  "gameId": "5e3bb546-d86e-4e63-9ce5-bcce27d30a28",
  "playerId": "5a9ab908-7032-4611-83a1-a91e71042308",
  "gamePhase": "preflop",
  "isGameOver": false
}
2025-02-27 15:29:59 [[32MHTTP[39M]: GET /api/game/state/5a9ab908-7032-4611-83a1-a91e71042308 200 0.745 ms {
  "service": "poker-game-api"
}
2025-02-27 15:30:01 [[34MDEBUG[39M]: Request Details {
  "service": "poker-game-api",
  "method": "GET",
  "url": "/api/game/state/5a9ab908-7032-4611-83a1-a91e71042308",
  "params": {},
  "query": {}
}
2025-02-27 15:30:01 [[34MDEBUG[39M]: Game state retrieved {
  "service": "poker-game-api",
  "gameId": "5e3bb546-d86e-4e63-9ce5-bcce27d30a28",
  "playerId": "5a9ab908-7032-4611-83a1-a91e71042308",
  "gamePhase": "preflop",
  "isGameOver": false
}
2025-02-27 15:30:01 [[32MHTTP[39M]: GET /api/game/state/5a9ab908-7032-4611-83a1-a91e71042308 200 0.954 ms {
  "service": "poker-game-api"
}
2025-02-27 15:30:03 [[34MDEBUG[39M]: Request Details {
  "service": "poker-game-api",
  "method": "GET",
  "url": "/api/game/games",
  "params": {},
  "query": {}
}
2025-02-27 15:30:03 [[32MHTTP[39M]: GET /api/game/games 200 0.651 ms {
  "service": "poker-game-api"
}
2025-02-27 15:30:03 [[34MDEBUG[39M]: Request Details {
  "service": "poker-game-api",
  "method": "GET",
  "url": "/api/game/state/5a9ab908-7032-4611-83a1-a91e71042308",
  "params": {},
  "query": {}
}
2025-02-27 15:30:03 [[34MDEBUG[39M]: Game state retrieved {
  "service": "poker-game-api",
  "gameId": "5e3bb546-d86e-4e63-9ce5-bcce27d30a28",
  "playerId": "5a9ab908-7032-4611-83a1-a91e71042308",
  "gamePhase": "preflop",
  "isGameOver": false
}
2025-02-27 15:30:03 [[32MHTTP[39M]: GET /api/game/state/5a9ab908-7032-4611-83a1-a91e71042308 200 0.730 ms {
  "service": "poker-game-api"
}
2025-02-27 15:30:05 [[34MDEBUG[39M]: Request Details {
  "service": "poker-game-api",
  "method": "GET",
  "url": "/api/game/state/5a9ab908-7032-4611-83a1-a91e71042308",
  "params": {},
  "query": {}
}
2025-02-27 15:30:05 [[34MDEBUG[39M]: Game state retrieved {
  "service": "poker-game-api",
  "gameId": "5e3bb546-d86e-4e63-9ce5-bcce27d30a28",
  "playerId": "5a9ab908-7032-4611-83a1-a91e71042308",
  "gamePhase": "preflop",
  "isGameOver": false
}
2025-02-27 15:30:05 [[32MHTTP[39M]: GET /api/game/state/5a9ab908-7032-4611-83a1-a91e71042308 200 1.175 ms {
  "service": "poker-game-api"
}
2025-02-27 15:30:07 [[34MDEBUG[39M]: Request Details {
  "service": "poker-game-api",
  "method": "GET",
  "url": "/api/game/state/5a9ab908-7032-4611-83a1-a91e71042308",
  "params": {},
  "query": {}
}
2025-02-27 15:30:07 [[34MDEBUG[39M]: Game state retrieved {
  "service": "poker-game-api",
  "gameId": "5e3bb546-d86e-4e63-9ce5-bcce27d30a28",
  "playerId": "5a9ab908-7032-4611-83a1-a91e71042308",
  "gamePhase": "preflop",
  "isGameOver": false
}
2025-02-27 15:30:07 [[32MHTTP[39M]: GET /api/game/state/5a9ab908-7032-4611-83a1-a91e71042308 200 1.083 ms {
  "service": "poker-game-api"
}
2025-02-27 15:30:08 [[34MDEBUG[39M]: Request Details {
  "service": "poker-game-api",
  "method": "GET",
  "url": "/api/game/games",
  "params": {},
  "query": {}
}
2025-02-27 15:30:08 [[32MHTTP[39M]: GET /api/game/games 200 0.836 ms {
  "service": "poker-game-api"
}
2025-02-27 15:30:09 [[34MDEBUG[39M]: Request Details {
  "service": "poker-game-api",
  "method": "GET",
  "url": "/api/game/state/5a9ab908-7032-4611-83a1-a91e71042308",
  "params": {},
  "query": {}
}
2025-02-27 15:30:09 [[34MDEBUG[39M]: Game state retrieved {
  "service": "poker-game-api",
  "gameId": "5e3bb546-d86e-4e63-9ce5-bcce27d30a28",
  "playerId": "5a9ab908-7032-4611-83a1-a91e71042308",
  "gamePhase": "preflop",
  "isGameOver": false
}
2025-02-27 15:30:09 [[32MHTTP[39M]: GET /api/game/state/5a9ab908-7032-4611-83a1-a91e71042308 200 0.862 ms {
  "service": "poker-game-api"
}
2025-02-27 15:30:11 [[34MDEBUG[39M]: Request Details {
  "service": "poker-game-api",
  "method": "GET",
  "url": "/api/game/state/5a9ab908-7032-4611-83a1-a91e71042308",
  "params": {},
  "query": {}
}
2025-02-27 15:30:11 [[34MDEBUG[39M]: Game state retrieved {
  "service": "poker-game-api",
  "gameId": "5e3bb546-d86e-4e63-9ce5-bcce27d30a28",
  "playerId": "5a9ab908-7032-4611-83a1-a91e71042308",
  "gamePhase": "preflop",
  "isGameOver": false
}
2025-02-27 15:30:11 [[32MHTTP[39M]: GET /api/game/state/5a9ab908-7032-4611-83a1-a91e71042308 200 1.122 ms {
  "service": "poker-game-api"
}
2025-02-27 15:30:13 [[34MDEBUG[39M]: Request Details {
  "service": "poker-game-api",
  "method": "GET",
  "url": "/api/game/games",
  "params": {},
  "query": {}
}
2025-02-27 15:30:13 [[32MHTTP[39M]: GET /api/game/games 200 0.644 ms {
  "service": "poker-game-api"
}
2025-02-27 15:30:13 [[34MDEBUG[39M]: Request Details {
  "service": "poker-game-api",
  "method": "GET",
  "url": "/api/game/state/5a9ab908-7032-4611-83a1-a91e71042308",
  "params": {},
  "query": {}
}
2025-02-27 15:30:13 [[34MDEBUG[39M]: Game state retrieved {
  "service": "poker-game-api",
  "gameId": "5e3bb546-d86e-4e63-9ce5-bcce27d30a28",
  "playerId": "5a9ab908-7032-4611-83a1-a91e71042308",
  "gamePhase": "preflop",
  "isGameOver": false
}
2025-02-27 15:30:13 [[32MHTTP[39M]: GET /api/game/state/5a9ab908-7032-4611-83a1-a91e71042308 200 0.608 ms {
  "service": "poker-game-api"
}
2025-02-27 15:30:15 [[34MDEBUG[39M]: Request Details {
  "service": "poker-game-api",
  "method": "GET",
  "url": "/api/game/state/5a9ab908-7032-4611-83a1-a91e71042308",
  "params": {},
  "query": {}
}
2025-02-27 15:30:15 [[34MDEBUG[39M]: Game state retrieved {
  "service": "poker-game-api",
  "gameId": "5e3bb546-d86e-4e63-9ce5-bcce27d30a28",
  "playerId": "5a9ab908-7032-4611-83a1-a91e71042308",
  "gamePhase": "preflop",
  "isGameOver": false
}
2025-02-27 15:30:15 [[32MHTTP[39M]: GET /api/game/state/5a9ab908-7032-4611-83a1-a91e71042308 200 0.830 ms {
  "service": "poker-game-api"
}
2025-02-27 15:30:17 [[34MDEBUG[39M]: Request Details {
  "service": "poker-game-api",
  "method": "GET",
  "url": "/api/game/state/5a9ab908-7032-4611-83a1-a91e71042308",
  "params": {},
  "query": {}
}
2025-02-27 15:30:17 [[34MDEBUG[39M]: Game state retrieved {
  "service": "poker-game-api",
  "gameId": "5e3bb546-d86e-4e63-9ce5-bcce27d30a28",
  "playerId": "5a9ab908-7032-4611-83a1-a91e71042308",
  "gamePhase": "preflop",
  "isGameOver": false
}
2025-02-27 15:30:17 [[32MHTTP[39M]: GET /api/game/state/5a9ab908-7032-4611-83a1-a91e71042308 200 1.034 ms {
  "service": "poker-game-api"
}
2025-02-27 15:30:18 [[34MDEBUG[39M]: Request Details {
  "service": "poker-game-api",
  "method": "GET",
  "url": "/api/game/games",
  "params": {},
  "query": {}
}
2025-02-27 15:30:18 [[32MHTTP[39M]: GET /api/game/games 200 0.702 ms {
  "service": "poker-game-api"
}
2025-02-27 15:30:19 [[34MDEBUG[39M]: Request Details {
  "service": "poker-game-api",
  "method": "GET",
  "url": "/api/game/state/5a9ab908-7032-4611-83a1-a91e71042308",
  "params": {},
  "query": {}
}
2025-02-27 15:30:19 [[34MDEBUG[39M]: Game state retrieved {
  "service": "poker-game-api",
  "gameId": "5e3bb546-d86e-4e63-9ce5-bcce27d30a28",
  "playerId": "5a9ab908-7032-4611-83a1-a91e71042308",
  "gamePhase": "preflop",
  "isGameOver": false
}
2025-02-27 15:30:19 [[32MHTTP[39M]: GET /api/game/state/5a9ab908-7032-4611-83a1-a91e71042308 200 0.763 ms {
  "service": "poker-game-api"
}
2025-02-27 15:30:21 [[34MDEBUG[39M]: Request Details {
  "service": "poker-game-api",
  "method": "GET",
  "url": "/api/game/state/5a9ab908-7032-4611-83a1-a91e71042308",
  "params": {},
  "query": {}
}
2025-02-27 15:30:21 [[34MDEBUG[39M]: Game state retrieved {
  "service": "poker-game-api",
  "gameId": "5e3bb546-d86e-4e63-9ce5-bcce27d30a28",
  "playerId": "5a9ab908-7032-4611-83a1-a91e71042308",
  "gamePhase": "preflop",
  "isGameOver": false
}
2025-02-27 15:30:21 [[32MHTTP[39M]: GET /api/game/state/5a9ab908-7032-4611-83a1-a91e71042308 200 0.770 ms {
  "service": "poker-game-api"
}
2025-02-27 15:30:23 [[34MDEBUG[39M]: Request Details {
  "service": "poker-game-api",
  "method": "GET",
  "url": "/api/game/games",
  "params": {},
  "query": {}
}
2025-02-27 15:30:23 [[32MHTTP[39M]: GET /api/game/games 200 0.639 ms {
  "service": "poker-game-api"
}
2025-02-27 15:30:23 [[34MDEBUG[39M]: Request Details {
  "service": "poker-game-api",
  "method": "GET",
  "url": "/api/game/state/5a9ab908-7032-4611-83a1-a91e71042308",
  "params": {},
  "query": {}
}
2025-02-27 15:30:23 [[34MDEBUG[39M]: Game state retrieved {
  "service": "poker-game-api",
  "gameId": "5e3bb546-d86e-4e63-9ce5-bcce27d30a28",
  "playerId": "5a9ab908-7032-4611-83a1-a91e71042308",
  "gamePhase": "preflop",
  "isGameOver": false
}
2025-02-27 15:30:23 [[32MHTTP[39M]: GET /api/game/state/5a9ab908-7032-4611-83a1-a91e71042308 200 0.769 ms {
  "service": "poker-game-api"
}
2025-02-27 15:30:25 [[34MDEBUG[39M]: Request Details {
  "service": "poker-game-api",
  "method": "GET",
  "url": "/api/game/state/5a9ab908-7032-4611-83a1-a91e71042308",
  "params": {},
  "query": {}
}
2025-02-27 15:30:25 [[34MDEBUG[39M]: Game state retrieved {
  "service": "poker-game-api",
  "gameId": "5e3bb546-d86e-4e63-9ce5-bcce27d30a28",
  "playerId": "5a9ab908-7032-4611-83a1-a91e71042308",
  "gamePhase": "preflop",
  "isGameOver": false
}
2025-02-27 15:30:25 [[32MHTTP[39M]: GET /api/game/state/5a9ab908-7032-4611-83a1-a91e71042308 200 0.622 ms {
  "service": "poker-game-api"
}
2025-02-27 15:30:27 [[34MDEBUG[39M]: Request Details {
  "service": "poker-game-api",
  "method": "GET",
  "url": "/api/game/state/5a9ab908-7032-4611-83a1-a91e71042308",
  "params": {},
  "query": {}
}
2025-02-27 15:30:27 [[34MDEBUG[39M]: Game state retrieved {
  "service": "poker-game-api",
  "gameId": "5e3bb546-d86e-4e63-9ce5-bcce27d30a28",
  "playerId": "5a9ab908-7032-4611-83a1-a91e71042308",
  "gamePhase": "preflop",
  "isGameOver": false
}
2025-02-27 15:30:27 [[32MHTTP[39M]: GET /api/game/state/5a9ab908-7032-4611-83a1-a91e71042308 200 0.917 ms {
  "service": "poker-game-api"
}
2025-02-27 15:30:28 [[34MDEBUG[39M]: Request Details {
  "service": "poker-game-api",
  "method": "GET",
  "url": "/api/game/games",
  "params": {},
  "query": {}
}
2025-02-27 15:30:28 [[32MHTTP[39M]: GET /api/game/games 200 0.709 ms {
  "service": "poker-game-api"
}
2025-02-27 15:30:29 [[34MDEBUG[39M]: Request Details {
  "service": "poker-game-api",
  "method": "GET",
  "url": "/api/game/state/5a9ab908-7032-4611-83a1-a91e71042308",
  "params": {},
  "query": {}
}
2025-02-27 15:30:29 [[34MDEBUG[39M]: Game state retrieved {
  "service": "poker-game-api",
  "gameId": "5e3bb546-d86e-4e63-9ce5-bcce27d30a28",
  "playerId": "5a9ab908-7032-4611-83a1-a91e71042308",
  "gamePhase": "preflop",
  "isGameOver": false
}
2025-02-27 15:30:29 [[32MHTTP[39M]: GET /api/game/state/5a9ab908-7032-4611-83a1-a91e71042308 200 1.016 ms {
  "service": "poker-game-api"
}
2025-02-27 15:30:31 [[34MDEBUG[39M]: Request Details {
  "service": "poker-game-api",
  "method": "GET",
  "url": "/api/game/state/5a9ab908-7032-4611-83a1-a91e71042308",
  "params": {},
  "query": {}
}
2025-02-27 15:30:31 [[34MDEBUG[39M]: Game state retrieved {
  "service": "poker-game-api",
  "gameId": "5e3bb546-d86e-4e63-9ce5-bcce27d30a28",
  "playerId": "5a9ab908-7032-4611-83a1-a91e71042308",
  "gamePhase": "preflop",
  "isGameOver": false
}
2025-02-27 15:30:31 [[32MHTTP[39M]: GET /api/game/state/5a9ab908-7032-4611-83a1-a91e71042308 200 1.079 ms {
  "service": "poker-game-api"
}
2025-02-27 15:30:33 [[34MDEBUG[39M]: Request Details {
  "service": "poker-game-api",
  "method": "GET",
  "url": "/api/game/games",
  "params": {},
  "query": {}
}
2025-02-27 15:30:33 [[32MHTTP[39M]: GET /api/game/games 200 0.693 ms {
  "service": "poker-game-api"
}
2025-02-27 15:30:33 [[34MDEBUG[39M]: Request Details {
  "service": "poker-game-api",
  "method": "GET",
  "url": "/api/game/state/5a9ab908-7032-4611-83a1-a91e71042308",
  "params": {},
  "query": {}
}
2025-02-27 15:30:33 [[34MDEBUG[39M]: Game state retrieved {
  "service": "poker-game-api",
  "gameId": "5e3bb546-d86e-4e63-9ce5-bcce27d30a28",
  "playerId": "5a9ab908-7032-4611-83a1-a91e71042308",
  "gamePhase": "preflop",
  "isGameOver": false
}
2025-02-27 15:30:33 [[32MHTTP[39M]: GET /api/game/state/5a9ab908-7032-4611-83a1-a91e71042308 200 0.963 ms {
  "service": "poker-game-api"
}
2025-02-27 15:30:35 [[34MDEBUG[39M]: Request Details {
  "service": "poker-game-api",
  "method": "GET",
  "url": "/api/game/state/5a9ab908-7032-4611-83a1-a91e71042308",
  "params": {},
  "query": {}
}
2025-02-27 15:30:35 [[34MDEBUG[39M]: Game state retrieved {
  "service": "poker-game-api",
  "gameId": "5e3bb546-d86e-4e63-9ce5-bcce27d30a28",
  "playerId": "5a9ab908-7032-4611-83a1-a91e71042308",
  "gamePhase": "preflop",
  "isGameOver": false
}
2025-02-27 15:30:35 [[32MHTTP[39M]: GET /api/game/state/5a9ab908-7032-4611-83a1-a91e71042308 200 1.006 ms {
  "service": "poker-game-api"
}
2025-02-27 15:30:37 [[34MDEBUG[39M]: Request Details {
  "service": "poker-game-api",
  "method": "GET",
  "url": "/api/game/state/5a9ab908-7032-4611-83a1-a91e71042308",
  "params": {},
  "query": {}
}
2025-02-27 15:30:37 [[34MDEBUG[39M]: Game state retrieved {
  "service": "poker-game-api",
  "gameId": "5e3bb546-d86e-4e63-9ce5-bcce27d30a28",
  "playerId": "5a9ab908-7032-4611-83a1-a91e71042308",
  "gamePhase": "preflop",
  "isGameOver": false
}
2025-02-27 15:30:37 [[32MHTTP[39M]: GET /api/game/state/5a9ab908-7032-4611-83a1-a91e71042308 200 1.047 ms {
  "service": "poker-game-api"
}
2025-02-27 15:30:38 [[34MDEBUG[39M]: Request Details {
  "service": "poker-game-api",
  "method": "GET",
  "url": "/api/game/games",
  "params": {},
  "query": {}
}
2025-02-27 15:30:38 [[32MHTTP[39M]: GET /api/game/games 200 0.662 ms {
  "service": "poker-game-api"
}
2025-02-27 15:30:39 [[34MDEBUG[39M]: Request Details {
  "service": "poker-game-api",
  "method": "GET",
  "url": "/api/game/state/5a9ab908-7032-4611-83a1-a91e71042308",
  "params": {},
  "query": {}
}
2025-02-27 15:30:39 [[34MDEBUG[39M]: Game state retrieved {
  "service": "poker-game-api",
  "gameId": "5e3bb546-d86e-4e63-9ce5-bcce27d30a28",
  "playerId": "5a9ab908-7032-4611-83a1-a91e71042308",
  "gamePhase": "preflop",
  "isGameOver": false
}
2025-02-27 15:30:39 [[32MHTTP[39M]: GET /api/game/state/5a9ab908-7032-4611-83a1-a91e71042308 200 1.072 ms {
  "service": "poker-game-api"
}
2025-02-27 15:30:41 [[34MDEBUG[39M]: Request Details {
  "service": "poker-game-api",
  "method": "GET",
  "url": "/api/game/state/5a9ab908-7032-4611-83a1-a91e71042308",
  "params": {},
  "query": {}
}
2025-02-27 15:30:41 [[34MDEBUG[39M]: Game state retrieved {
  "service": "poker-game-api",
  "gameId": "5e3bb546-d86e-4e63-9ce5-bcce27d30a28",
  "playerId": "5a9ab908-7032-4611-83a1-a91e71042308",
  "gamePhase": "preflop",
  "isGameOver": false
}
2025-02-27 15:30:41 [[32MHTTP[39M]: GET /api/game/state/5a9ab908-7032-4611-83a1-a91e71042308 200 0.993 ms {
  "service": "poker-game-api"
}
2025-02-27 15:30:43 [[34MDEBUG[39M]: Request Details {
  "service": "poker-game-api",
  "method": "GET",
  "url": "/api/game/games",
  "params": {},
  "query": {}
}
2025-02-27 15:30:43 [[32MHTTP[39M]: GET /api/game/games 200 0.693 ms {
  "service": "poker-game-api"
}
2025-02-27 15:30:43 [[34MDEBUG[39M]: Request Details {
  "service": "poker-game-api",
  "method": "GET",
  "url": "/api/game/state/5a9ab908-7032-4611-83a1-a91e71042308",
  "params": {},
  "query": {}
}
2025-02-27 15:30:43 [[34MDEBUG[39M]: Game state retrieved {
  "service": "poker-game-api",
  "gameId": "5e3bb546-d86e-4e63-9ce5-bcce27d30a28",
  "playerId": "5a9ab908-7032-4611-83a1-a91e71042308",
  "gamePhase": "preflop",
  "isGameOver": false
}
2025-02-27 15:30:43 [[32MHTTP[39M]: GET /api/game/state/5a9ab908-7032-4611-83a1-a91e71042308 200 1.048 ms {
  "service": "poker-game-api"
}
2025-02-27 15:30:45 [[34MDEBUG[39M]: Request Details {
  "service": "poker-game-api",
  "method": "GET",
  "url": "/api/game/state/5a9ab908-7032-4611-83a1-a91e71042308",
  "params": {},
  "query": {}
}
2025-02-27 15:30:45 [[34MDEBUG[39M]: Game state retrieved {
  "service": "poker-game-api",
  "gameId": "5e3bb546-d86e-4e63-9ce5-bcce27d30a28",
  "playerId": "5a9ab908-7032-4611-83a1-a91e71042308",
  "gamePhase": "preflop",
  "isGameOver": false
}
2025-02-27 15:30:45 [[32MHTTP[39M]: GET /api/game/state/5a9ab908-7032-4611-83a1-a91e71042308 200 0.429 ms {
  "service": "poker-game-api"
}
2025-02-27 15:30:47 [[34MDEBUG[39M]: Request Details {
  "service": "poker-game-api",
  "method": "GET",
  "url": "/api/game/state/5a9ab908-7032-4611-83a1-a91e71042308",
  "params": {},
  "query": {}
}
2025-02-27 15:30:47 [[34MDEBUG[39M]: Game state retrieved {
  "service": "poker-game-api",
  "gameId": "5e3bb546-d86e-4e63-9ce5-bcce27d30a28",
  "playerId": "5a9ab908-7032-4611-83a1-a91e71042308",
  "gamePhase": "preflop",
  "isGameOver": false
}
2025-02-27 15:30:47 [[32MHTTP[39M]: GET /api/game/state/5a9ab908-7032-4611-83a1-a91e71042308 200 0.668 ms {
  "service": "poker-game-api"
}
2025-02-27 15:30:48 [[34MDEBUG[39M]: Request Details {
  "service": "poker-game-api",
  "method": "GET",
  "url": "/api/game/games",
  "params": {},
  "query": {}
}
2025-02-27 15:30:48 [[32MHTTP[39M]: GET /api/game/games 200 0.633 ms {
  "service": "poker-game-api"
}
2025-02-27 15:30:49 [[34MDEBUG[39M]: Request Details {
  "service": "poker-game-api",
  "method": "GET",
  "url": "/api/game/state/5a9ab908-7032-4611-83a1-a91e71042308",
  "params": {},
  "query": {}
}
2025-02-27 15:30:49 [[34MDEBUG[39M]: Game state retrieved {
  "service": "poker-game-api",
  "gameId": "5e3bb546-d86e-4e63-9ce5-bcce27d30a28",
  "playerId": "5a9ab908-7032-4611-83a1-a91e71042308",
  "gamePhase": "preflop",
  "isGameOver": false
}
2025-02-27 15:30:49 [[32MHTTP[39M]: GET /api/game/state/5a9ab908-7032-4611-83a1-a91e71042308 200 0.797 ms {
  "service": "poker-game-api"
}
2025-02-27 15:30:51 [[34MDEBUG[39M]: Request Details {
  "service": "poker-game-api",
  "method": "GET",
  "url": "/api/game/state/5a9ab908-7032-4611-83a1-a91e71042308",
  "params": {},
  "query": {}
}
2025-02-27 15:30:51 [[34MDEBUG[39M]: Game state retrieved {
  "service": "poker-game-api",
  "gameId": "5e3bb546-d86e-4e63-9ce5-bcce27d30a28",
  "playerId": "5a9ab908-7032-4611-83a1-a91e71042308",
  "gamePhase": "preflop",
  "isGameOver": false
}
2025-02-27 15:30:51 [[32MHTTP[39M]: GET /api/game/state/5a9ab908-7032-4611-83a1-a91e71042308 200 1.061 ms {
  "service": "poker-game-api"
}
2025-02-27 15:30:53 [[34MDEBUG[39M]: Request Details {
  "service": "poker-game-api",
  "method": "GET",
  "url": "/api/game/games",
  "params": {},
  "query": {}
}
2025-02-27 15:30:53 [[32MHTTP[39M]: GET /api/game/games 200 0.838 ms {
  "service": "poker-game-api"
}
2025-02-27 15:30:53 [[34MDEBUG[39M]: Request Details {
  "service": "poker-game-api",
  "method": "GET",
  "url": "/api/game/state/5a9ab908-7032-4611-83a1-a91e71042308",
  "params": {},
  "query": {}
}
2025-02-27 15:30:53 [[34MDEBUG[39M]: Game state retrieved {
  "service": "poker-game-api",
  "gameId": "5e3bb546-d86e-4e63-9ce5-bcce27d30a28",
  "playerId": "5a9ab908-7032-4611-83a1-a91e71042308",
  "gamePhase": "preflop",
  "isGameOver": false
}
2025-02-27 15:30:53 [[32MHTTP[39M]: GET /api/game/state/5a9ab908-7032-4611-83a1-a91e71042308 200 0.846 ms {
  "service": "poker-game-api"
}
2025-02-27 15:30:55 [[34MDEBUG[39M]: Request Details {
  "service": "poker-game-api",
  "method": "GET",
  "url": "/api/game/state/5a9ab908-7032-4611-83a1-a91e71042308",
  "params": {},
  "query": {}
}
2025-02-27 15:30:55 [[34MDEBUG[39M]: Game state retrieved {
  "service": "poker-game-api",
  "gameId": "5e3bb546-d86e-4e63-9ce5-bcce27d30a28",
  "playerId": "5a9ab908-7032-4611-83a1-a91e71042308",
  "gamePhase": "preflop",
  "isGameOver": false
}
2025-02-27 15:30:55 [[32MHTTP[39M]: GET /api/game/state/5a9ab908-7032-4611-83a1-a91e71042308 200 1.212 ms {
  "service": "poker-game-api"
}
2025-02-27 15:30:57 [[34MDEBUG[39M]: Request Details {
  "service": "poker-game-api",
  "method": "GET",
  "url": "/api/game/state/5a9ab908-7032-4611-83a1-a91e71042308",
  "params": {},
  "query": {}
}
2025-02-27 15:30:57 [[34MDEBUG[39M]: Game state retrieved {
  "service": "poker-game-api",
  "gameId": "5e3bb546-d86e-4e63-9ce5-bcce27d30a28",
  "playerId": "5a9ab908-7032-4611-83a1-a91e71042308",
  "gamePhase": "preflop",
  "isGameOver": false
}
2025-02-27 15:30:57 [[32MHTTP[39M]: GET /api/game/state/5a9ab908-7032-4611-83a1-a91e71042308 200 0.508 ms {
  "service": "poker-game-api"
}
2025-02-27 15:30:58 [[34MDEBUG[39M]: Request Details {
  "service": "poker-game-api",
  "method": "GET",
  "url": "/api/game/games",
  "params": {},
  "query": {}
}
2025-02-27 15:30:58 [[32MHTTP[39M]: GET /api/game/games 200 0.509 ms {
  "service": "poker-game-api"
}
2025-02-27 15:30:59 [[34MDEBUG[39M]: Request Details {
  "service": "poker-game-api",
  "method": "GET",
  "url": "/api/game/state/5a9ab908-7032-4611-83a1-a91e71042308",
  "params": {},
  "query": {}
}
2025-02-27 15:30:59 [[34MDEBUG[39M]: Game state retrieved {
  "service": "poker-game-api",
  "gameId": "5e3bb546-d86e-4e63-9ce5-bcce27d30a28",
  "playerId": "5a9ab908-7032-4611-83a1-a91e71042308",
  "gamePhase": "preflop",
  "isGameOver": false
}
2025-02-27 15:30:59 [[32MHTTP[39M]: GET /api/game/state/5a9ab908-7032-4611-83a1-a91e71042308 200 0.826 ms {
  "service": "poker-game-api"
}
2025-02-27 15:31:01 [[34MDEBUG[39M]: Request Details {
  "service": "poker-game-api",
  "method": "GET",
  "url": "/api/game/state/5a9ab908-7032-4611-83a1-a91e71042308",
  "params": {},
  "query": {}
}
2025-02-27 15:31:01 [[34MDEBUG[39M]: Game state retrieved {
  "service": "poker-game-api",
  "gameId": "5e3bb546-d86e-4e63-9ce5-bcce27d30a28",
  "playerId": "5a9ab908-7032-4611-83a1-a91e71042308",
  "gamePhase": "preflop",
  "isGameOver": false
}
2025-02-27 15:31:01 [[32MHTTP[39M]: GET /api/game/state/5a9ab908-7032-4611-83a1-a91e71042308 200 0.959 ms {
  "service": "poker-game-api"
}
2025-02-27 15:31:03 [[34MDEBUG[39M]: Request Details {
  "service": "poker-game-api",
  "method": "GET",
  "url": "/api/game/games",
  "params": {},
  "query": {}
}
2025-02-27 15:31:03 [[32MHTTP[39M]: GET /api/game/games 200 0.635 ms {
  "service": "poker-game-api"
}
2025-02-27 15:31:03 [[34MDEBUG[39M]: Request Details {
  "service": "poker-game-api",
  "method": "GET",
  "url": "/api/game/state/5a9ab908-7032-4611-83a1-a91e71042308",
  "params": {},
  "query": {}
}
2025-02-27 15:31:03 [[34MDEBUG[39M]: Game state retrieved {
  "service": "poker-game-api",
  "gameId": "5e3bb546-d86e-4e63-9ce5-bcce27d30a28",
  "playerId": "5a9ab908-7032-4611-83a1-a91e71042308",
  "gamePhase": "preflop",
  "isGameOver": false
}
2025-02-27 15:31:03 [[32MHTTP[39M]: GET /api/game/state/5a9ab908-7032-4611-83a1-a91e71042308 200 0.621 ms {
  "service": "poker-game-api"
}
2025-02-27 15:31:05 [[34MDEBUG[39M]: Request Details {
  "service": "poker-game-api",
  "method": "GET",
  "url": "/api/game/state/5a9ab908-7032-4611-83a1-a91e71042308",
  "params": {},
  "query": {}
}
2025-02-27 15:31:05 [[34MDEBUG[39M]: Game state retrieved {
  "service": "poker-game-api",
  "gameId": "5e3bb546-d86e-4e63-9ce5-bcce27d30a28",
  "playerId": "5a9ab908-7032-4611-83a1-a91e71042308",
  "gamePhase": "preflop",
  "isGameOver": false
}
2025-02-27 15:31:05 [[32MHTTP[39M]: GET /api/game/state/5a9ab908-7032-4611-83a1-a91e71042308 200 0.966 ms {
  "service": "poker-game-api"
}
2025-02-27 15:31:07 [[34MDEBUG[39M]: Request Details {
  "service": "poker-game-api",
  "method": "GET",
  "url": "/api/game/state/5a9ab908-7032-4611-83a1-a91e71042308",
  "params": {},
  "query": {}
}
2025-02-27 15:31:07 [[34MDEBUG[39M]: Game state retrieved {
  "service": "poker-game-api",
  "gameId": "5e3bb546-d86e-4e63-9ce5-bcce27d30a28",
  "playerId": "5a9ab908-7032-4611-83a1-a91e71042308",
  "gamePhase": "preflop",
  "isGameOver": false
}
2025-02-27 15:31:07 [[32MHTTP[39M]: GET /api/game/state/5a9ab908-7032-4611-83a1-a91e71042308 200 1.157 ms {
  "service": "poker-game-api"
}
2025-02-27 15:31:08 [[34MDEBUG[39M]: Request Details {
  "service": "poker-game-api",
  "method": "GET",
  "url": "/api/game/games",
  "params": {},
  "query": {}
}
2025-02-27 15:31:08 [[32MHTTP[39M]: GET /api/game/games 200 0.624 ms {
  "service": "poker-game-api"
}
2025-02-27 15:31:09 [[34MDEBUG[39M]: Request Details {
  "service": "poker-game-api",
  "method": "GET",
  "url": "/api/game/state/5a9ab908-7032-4611-83a1-a91e71042308",
  "params": {},
  "query": {}
}
2025-02-27 15:31:09 [[34MDEBUG[39M]: Game state retrieved {
  "service": "poker-game-api",
  "gameId": "5e3bb546-d86e-4e63-9ce5-bcce27d30a28",
  "playerId": "5a9ab908-7032-4611-83a1-a91e71042308",
  "gamePhase": "preflop",
  "isGameOver": false
}
2025-02-27 15:31:09 [[32MHTTP[39M]: GET /api/game/state/5a9ab908-7032-4611-83a1-a91e71042308 200 1.486 ms {
  "service": "poker-game-api"
}
2025-02-27 15:31:11 [[34MDEBUG[39M]: Request Details {
  "service": "poker-game-api",
  "method": "GET",
  "url": "/api/game/state/5a9ab908-7032-4611-83a1-a91e71042308",
  "params": {},
  "query": {}
}
2025-02-27 15:31:11 [[34MDEBUG[39M]: Game state retrieved {
  "service": "poker-game-api",
  "gameId": "5e3bb546-d86e-4e63-9ce5-bcce27d30a28",
  "playerId": "5a9ab908-7032-4611-83a1-a91e71042308",
  "gamePhase": "preflop",
  "isGameOver": false
}
2025-02-27 15:31:11 [[32MHTTP[39M]: GET /api/game/state/5a9ab908-7032-4611-83a1-a91e71042308 200 1.037 ms {
  "service": "poker-game-api"
}
2025-02-27 15:31:13 [[34MDEBUG[39M]: Request Details {
  "service": "poker-game-api",
  "method": "GET",
  "url": "/api/game/games",
  "params": {},
  "query": {}
}
2025-02-27 15:31:13 [[32MHTTP[39M]: GET /api/game/games 200 0.905 ms {
  "service": "poker-game-api"
}
2025-02-27 15:31:13 [[34MDEBUG[39M]: Request Details {
  "service": "poker-game-api",
  "method": "GET",
  "url": "/api/game/state/5a9ab908-7032-4611-83a1-a91e71042308",
  "params": {},
  "query": {}
}
2025-02-27 15:31:13 [[34MDEBUG[39M]: Game state retrieved {
  "service": "poker-game-api",
  "gameId": "5e3bb546-d86e-4e63-9ce5-bcce27d30a28",
  "playerId": "5a9ab908-7032-4611-83a1-a91e71042308",
  "gamePhase": "preflop",
  "isGameOver": false
}
2025-02-27 15:31:13 [[32MHTTP[39M]: GET /api/game/state/5a9ab908-7032-4611-83a1-a91e71042308 200 0.588 ms {
  "service": "poker-game-api"
}
2025-02-27 15:31:15 [[34MDEBUG[39M]: Request Details {
  "service": "poker-game-api",
  "method": "GET",
  "url": "/api/game/state/5a9ab908-7032-4611-83a1-a91e71042308",
  "params": {},
  "query": {}
}
2025-02-27 15:31:15 [[34MDEBUG[39M]: Game state retrieved {
  "service": "poker-game-api",
  "gameId": "5e3bb546-d86e-4e63-9ce5-bcce27d30a28",
  "playerId": "5a9ab908-7032-4611-83a1-a91e71042308",
  "gamePhase": "preflop",
  "isGameOver": false
}
2025-02-27 15:31:15 [[32MHTTP[39M]: GET /api/game/state/5a9ab908-7032-4611-83a1-a91e71042308 200 0.829 ms {
  "service": "poker-game-api"
}
2025-02-27 15:31:17 [[34MDEBUG[39M]: Request Details {
  "service": "poker-game-api",
  "method": "GET",
  "url": "/api/game/state/5a9ab908-7032-4611-83a1-a91e71042308",
  "params": {},
  "query": {}
}
2025-02-27 15:31:17 [[34MDEBUG[39M]: Game state retrieved {
  "service": "poker-game-api",
  "gameId": "5e3bb546-d86e-4e63-9ce5-bcce27d30a28",
  "playerId": "5a9ab908-7032-4611-83a1-a91e71042308",
  "gamePhase": "preflop",
  "isGameOver": false
}
2025-02-27 15:31:17 [[32MHTTP[39M]: GET /api/game/state/5a9ab908-7032-4611-83a1-a91e71042308 200 0.792 ms {
  "service": "poker-game-api"
}
2025-02-27 15:31:18 [[34MDEBUG[39M]: Request Details {
  "service": "poker-game-api",
  "method": "GET",
  "url": "/api/game/games",
  "params": {},
  "query": {}
}
2025-02-27 15:31:18 [[32MHTTP[39M]: GET /api/game/games 200 0.720 ms {
  "service": "poker-game-api"
}
2025-02-27 15:31:19 [[34MDEBUG[39M]: Request Details {
  "service": "poker-game-api",
  "method": "GET",
  "url": "/api/game/state/5a9ab908-7032-4611-83a1-a91e71042308",
  "params": {},
  "query": {}
}
2025-02-27 15:31:19 [[34MDEBUG[39M]: Game state retrieved {
  "service": "poker-game-api",
  "gameId": "5e3bb546-d86e-4e63-9ce5-bcce27d30a28",
  "playerId": "5a9ab908-7032-4611-83a1-a91e71042308",
  "gamePhase": "preflop",
  "isGameOver": false
}
2025-02-27 15:31:19 [[32MHTTP[39M]: GET /api/game/state/5a9ab908-7032-4611-83a1-a91e71042308 200 0.809 ms {
  "service": "poker-game-api"
}
2025-02-27 15:31:21 [[34MDEBUG[39M]: Request Details {
  "service": "poker-game-api",
  "method": "GET",
  "url": "/api/game/state/5a9ab908-7032-4611-83a1-a91e71042308",
  "params": {},
  "query": {}
}
2025-02-27 15:31:21 [[34MDEBUG[39M]: Game state retrieved {
  "service": "poker-game-api",
  "gameId": "5e3bb546-d86e-4e63-9ce5-bcce27d30a28",
  "playerId": "5a9ab908-7032-4611-83a1-a91e71042308",
  "gamePhase": "preflop",
  "isGameOver": false
}
2025-02-27 15:31:21 [[32MHTTP[39M]: GET /api/game/state/5a9ab908-7032-4611-83a1-a91e71042308 200 0.788 ms {
  "service": "poker-game-api"
}
2025-02-27 15:31:23 [[34MDEBUG[39M]: Request Details {
  "service": "poker-game-api",
  "method": "GET",
  "url": "/api/game/games",
  "params": {},
  "query": {}
}
2025-02-27 15:31:23 [[32MHTTP[39M]: GET /api/game/games 200 0.631 ms {
  "service": "poker-game-api"
}
2025-02-27 15:31:23 [[34MDEBUG[39M]: Request Details {
  "service": "poker-game-api",
  "method": "GET",
  "url": "/api/game/state/5a9ab908-7032-4611-83a1-a91e71042308",
  "params": {},
  "query": {}
}
2025-02-27 15:31:23 [[34MDEBUG[39M]: Game state retrieved {
  "service": "poker-game-api",
  "gameId": "5e3bb546-d86e-4e63-9ce5-bcce27d30a28",
  "playerId": "5a9ab908-7032-4611-83a1-a91e71042308",
  "gamePhase": "preflop",
  "isGameOver": false
}
2025-02-27 15:31:23 [[32MHTTP[39M]: GET /api/game/state/5a9ab908-7032-4611-83a1-a91e71042308 200 0.932 ms {
  "service": "poker-game-api"
}
2025-02-27 15:31:25 [[34MDEBUG[39M]: Request Details {
  "service": "poker-game-api",
  "method": "GET",
  "url": "/api/game/state/5a9ab908-7032-4611-83a1-a91e71042308",
  "params": {},
  "query": {}
}
2025-02-27 15:31:25 [[34MDEBUG[39M]: Game state retrieved {
  "service": "poker-game-api",
  "gameId": "5e3bb546-d86e-4e63-9ce5-bcce27d30a28",
  "playerId": "5a9ab908-7032-4611-83a1-a91e71042308",
  "gamePhase": "preflop",
  "isGameOver": false
}
2025-02-27 15:31:25 [[32MHTTP[39M]: GET /api/game/state/5a9ab908-7032-4611-83a1-a91e71042308 200 1.312 ms {
  "service": "poker-game-api"
}
2025-02-27 15:31:27 [[34MDEBUG[39M]: Request Details {
  "service": "poker-game-api",
  "method": "GET",
  "url": "/api/game/state/5a9ab908-7032-4611-83a1-a91e71042308",
  "params": {},
  "query": {}
}
2025-02-27 15:31:27 [[34MDEBUG[39M]: Game state retrieved {
  "service": "poker-game-api",
  "gameId": "5e3bb546-d86e-4e63-9ce5-bcce27d30a28",
  "playerId": "5a9ab908-7032-4611-83a1-a91e71042308",
  "gamePhase": "preflop",
  "isGameOver": false
}
2025-02-27 15:31:27 [[32MHTTP[39M]: GET /api/game/state/5a9ab908-7032-4611-83a1-a91e71042308 200 0.971 ms {
  "service": "poker-game-api"
}
2025-02-27 15:31:28 [[34MDEBUG[39M]: Request Details {
  "service": "poker-game-api",
  "method": "GET",
  "url": "/api/game/games",
  "params": {},
  "query": {}
}
2025-02-27 15:31:28 [[32MHTTP[39M]: GET /api/game/games 200 0.691 ms {
  "service": "poker-game-api"
}
2025-02-27 15:31:29 [[34MDEBUG[39M]: Request Details {
  "service": "poker-game-api",
  "method": "GET",
  "url": "/api/game/state/5a9ab908-7032-4611-83a1-a91e71042308",
  "params": {},
  "query": {}
}
2025-02-27 15:31:29 [[34MDEBUG[39M]: Game state retrieved {
  "service": "poker-game-api",
  "gameId": "5e3bb546-d86e-4e63-9ce5-bcce27d30a28",
  "playerId": "5a9ab908-7032-4611-83a1-a91e71042308",
  "gamePhase": "preflop",
  "isGameOver": false
}
2025-02-27 15:31:29 [[32MHTTP[39M]: GET /api/game/state/5a9ab908-7032-4611-83a1-a91e71042308 200 0.917 ms {
  "service": "poker-game-api"
}
2025-02-27 15:31:31 [[34MDEBUG[39M]: Request Details {
  "service": "poker-game-api",
  "method": "GET",
  "url": "/api/game/state/5a9ab908-7032-4611-83a1-a91e71042308",
  "params": {},
  "query": {}
}
2025-02-27 15:31:31 [[34MDEBUG[39M]: Game state retrieved {
  "service": "poker-game-api",
  "gameId": "5e3bb546-d86e-4e63-9ce5-bcce27d30a28",
  "playerId": "5a9ab908-7032-4611-83a1-a91e71042308",
  "gamePhase": "preflop",
  "isGameOver": false
}
2025-02-27 15:31:31 [[32MHTTP[39M]: GET /api/game/state/5a9ab908-7032-4611-83a1-a91e71042308 200 0.996 ms {
  "service": "poker-game-api"
}
2025-02-27 15:31:33 [[34MDEBUG[39M]: Request Details {
  "service": "poker-game-api",
  "method": "GET",
  "url": "/api/game/games",
  "params": {},
  "query": {}
}
2025-02-27 15:31:33 [[32MHTTP[39M]: GET /api/game/games 200 0.613 ms {
  "service": "poker-game-api"
}
2025-02-27 15:31:33 [[34MDEBUG[39M]: Request Details {
  "service": "poker-game-api",
  "method": "GET",
  "url": "/api/game/state/5a9ab908-7032-4611-83a1-a91e71042308",
  "params": {},
  "query": {}
}
2025-02-27 15:31:33 [[34MDEBUG[39M]: Game state retrieved {
  "service": "poker-game-api",
  "gameId": "5e3bb546-d86e-4e63-9ce5-bcce27d30a28",
  "playerId": "5a9ab908-7032-4611-83a1-a91e71042308",
  "gamePhase": "preflop",
  "isGameOver": false
}
2025-02-27 15:31:33 [[32MHTTP[39M]: GET /api/game/state/5a9ab908-7032-4611-83a1-a91e71042308 200 0.640 ms {
  "service": "poker-game-api"
}
2025-02-27 15:31:35 [[34MDEBUG[39M]: Request Details {
  "service": "poker-game-api",
  "method": "GET",
  "url": "/api/game/state/5a9ab908-7032-4611-83a1-a91e71042308",
  "params": {},
  "query": {}
}
2025-02-27 15:31:35 [[34MDEBUG[39M]: Game state retrieved {
  "service": "poker-game-api",
  "gameId": "5e3bb546-d86e-4e63-9ce5-bcce27d30a28",
  "playerId": "5a9ab908-7032-4611-83a1-a91e71042308",
  "gamePhase": "preflop",
  "isGameOver": false
}
2025-02-27 15:31:35 [[32MHTTP[39M]: GET /api/game/state/5a9ab908-7032-4611-83a1-a91e71042308 200 0.598 ms {
  "service": "poker-game-api"
}
2025-02-27 15:31:37 [[34MDEBUG[39M]: Request Details {
  "service": "poker-game-api",
  "method": "GET",
  "url": "/api/game/state/5a9ab908-7032-4611-83a1-a91e71042308",
  "params": {},
  "query": {}
}
2025-02-27 15:31:37 [[34MDEBUG[39M]: Game state retrieved {
  "service": "poker-game-api",
  "gameId": "5e3bb546-d86e-4e63-9ce5-bcce27d30a28",
  "playerId": "5a9ab908-7032-4611-83a1-a91e71042308",
  "gamePhase": "preflop",
  "isGameOver": false
}
2025-02-27 15:31:37 [[32MHTTP[39M]: GET /api/game/state/5a9ab908-7032-4611-83a1-a91e71042308 200 0.415 ms {
  "service": "poker-game-api"
}
2025-02-27 15:31:38 [[34MDEBUG[39M]: Request Details {
  "service": "poker-game-api",
  "method": "GET",
  "url": "/api/game/games",
  "params": {},
  "query": {}
}
2025-02-27 15:31:38 [[32MHTTP[39M]: GET /api/game/games 200 0.340 ms {
  "service": "poker-game-api"
}
2025-02-27 15:31:39 [[34MDEBUG[39M]: Request Details {
  "service": "poker-game-api",
  "method": "GET",
  "url": "/api/game/state/5a9ab908-7032-4611-83a1-a91e71042308",
  "params": {},
  "query": {}
}
2025-02-27 15:31:39 [[34MDEBUG[39M]: Game state retrieved {
  "service": "poker-game-api",
  "gameId": "5e3bb546-d86e-4e63-9ce5-bcce27d30a28",
  "playerId": "5a9ab908-7032-4611-83a1-a91e71042308",
  "gamePhase": "preflop",
  "isGameOver": false
}
2025-02-27 15:31:40 [[32MHTTP[39M]: GET /api/game/state/5a9ab908-7032-4611-83a1-a91e71042308 200 0.911 ms {
  "service": "poker-game-api"
}
2025-02-27 15:31:42 [[34MDEBUG[39M]: Request Details {
  "service": "poker-game-api",
  "method": "GET",
  "url": "/api/game/state/5a9ab908-7032-4611-83a1-a91e71042308",
  "params": {},
  "query": {}
}
2025-02-27 15:31:42 [[34MDEBUG[39M]: Game state retrieved {
  "service": "poker-game-api",
  "gameId": "5e3bb546-d86e-4e63-9ce5-bcce27d30a28",
  "playerId": "5a9ab908-7032-4611-83a1-a91e71042308",
  "gamePhase": "preflop",
  "isGameOver": false
}
2025-02-27 15:31:42 [[32MHTTP[39M]: GET /api/game/state/5a9ab908-7032-4611-83a1-a91e71042308 200 0.841 ms {
  "service": "poker-game-api"
}
2025-02-27 15:31:43 [[34MDEBUG[39M]: Request Details {
  "service": "poker-game-api",
  "method": "GET",
  "url": "/api/game/games",
  "params": {},
  "query": {}
}
2025-02-27 15:31:43 [[32MHTTP[39M]: GET /api/game/games 200 1.294 ms {
  "service": "poker-game-api"
}
2025-02-27 15:31:44 [[34MDEBUG[39M]: Request Details {
  "service": "poker-game-api",
  "method": "GET",
  "url": "/api/game/state/5a9ab908-7032-4611-83a1-a91e71042308",
  "params": {},
  "query": {}
}
2025-02-27 15:31:44 [[34MDEBUG[39M]: Game state retrieved {
  "service": "poker-game-api",
  "gameId": "5e3bb546-d86e-4e63-9ce5-bcce27d30a28",
  "playerId": "5a9ab908-7032-4611-83a1-a91e71042308",
  "gamePhase": "preflop",
  "isGameOver": false
}
2025-02-27 15:31:44 [[32MHTTP[39M]: GET /api/game/state/5a9ab908-7032-4611-83a1-a91e71042308 200 0.886 ms {
  "service": "poker-game-api"
}
2025-02-27 15:31:46 [[34MDEBUG[39M]: Request Details {
  "service": "poker-game-api",
  "method": "GET",
  "url": "/api/game/state/5a9ab908-7032-4611-83a1-a91e71042308",
  "params": {},
  "query": {}
}
2025-02-27 15:31:46 [[34MDEBUG[39M]: Game state retrieved {
  "service": "poker-game-api",
  "gameId": "5e3bb546-d86e-4e63-9ce5-bcce27d30a28",
  "playerId": "5a9ab908-7032-4611-83a1-a91e71042308",
  "gamePhase": "preflop",
  "isGameOver": false
}
2025-02-27 15:31:46 [[32MHTTP[39M]: GET /api/game/state/5a9ab908-7032-4611-83a1-a91e71042308 200 1.529 ms {
  "service": "poker-game-api"
}
2025-02-27 15:31:48 [[34MDEBUG[39M]: Request Details {
  "service": "poker-game-api",
  "method": "GET",
  "url": "/api/game/state/5a9ab908-7032-4611-83a1-a91e71042308",
  "params": {},
  "query": {}
}
2025-02-27 15:31:48 [[34MDEBUG[39M]: Game state retrieved {
  "service": "poker-game-api",
  "gameId": "5e3bb546-d86e-4e63-9ce5-bcce27d30a28",
  "playerId": "5a9ab908-7032-4611-83a1-a91e71042308",
  "gamePhase": "preflop",
  "isGameOver": false
}
2025-02-27 15:31:48 [[32MHTTP[39M]: GET /api/game/state/5a9ab908-7032-4611-83a1-a91e71042308 200 1.058 ms {
  "service": "poker-game-api"
}
2025-02-27 15:31:48 [[34MDEBUG[39M]: Request Details {
  "service": "poker-game-api",
  "method": "GET",
  "url": "/api/game/games",
  "params": {},
  "query": {}
}
2025-02-27 15:31:48 [[32MHTTP[39M]: GET /api/game/games 200 0.623 ms {
  "service": "poker-game-api"
}
2025-02-27 15:31:50 [[34MDEBUG[39M]: Request Details {
  "service": "poker-game-api",
  "method": "GET",
  "url": "/api/game/state/5a9ab908-7032-4611-83a1-a91e71042308",
  "params": {},
  "query": {}
}
2025-02-27 15:31:50 [[34MDEBUG[39M]: Game state retrieved {
  "service": "poker-game-api",
  "gameId": "5e3bb546-d86e-4e63-9ce5-bcce27d30a28",
  "playerId": "5a9ab908-7032-4611-83a1-a91e71042308",
  "gamePhase": "preflop",
  "isGameOver": false
}
2025-02-27 15:31:50 [[32MHTTP[39M]: GET /api/game/state/5a9ab908-7032-4611-83a1-a91e71042308 200 1.363 ms {
  "service": "poker-game-api"
}
2025-02-27 15:31:52 [[34MDEBUG[39M]: Request Details {
  "service": "poker-game-api",
  "method": "GET",
  "url": "/api/game/state/5a9ab908-7032-4611-83a1-a91e71042308",
  "params": {},
  "query": {}
}
2025-02-27 15:31:52 [[34MDEBUG[39M]: Game state retrieved {
  "service": "poker-game-api",
  "gameId": "5e3bb546-d86e-4e63-9ce5-bcce27d30a28",
  "playerId": "5a9ab908-7032-4611-83a1-a91e71042308",
  "gamePhase": "preflop",
  "isGameOver": false
}
2025-02-27 15:31:52 [[32MHTTP[39M]: GET /api/game/state/5a9ab908-7032-4611-83a1-a91e71042308 200 0.850 ms {
  "service": "poker-game-api"
}
2025-02-27 15:31:53 [[34MDEBUG[39M]: Request Details {
  "service": "poker-game-api",
  "method": "GET",
  "url": "/api/game/games",
  "params": {},
  "query": {}
}
2025-02-27 15:31:53 [[32MHTTP[39M]: GET /api/game/games 200 0.890 ms {
  "service": "poker-game-api"
}
2025-02-27 15:31:54 [[34MDEBUG[39M]: Request Details {
  "service": "poker-game-api",
  "method": "GET",
  "url": "/api/game/state/5a9ab908-7032-4611-83a1-a91e71042308",
  "params": {},
  "query": {}
}
2025-02-27 15:31:54 [[34MDEBUG[39M]: Game state retrieved {
  "service": "poker-game-api",
  "gameId": "5e3bb546-d86e-4e63-9ce5-bcce27d30a28",
  "playerId": "5a9ab908-7032-4611-83a1-a91e71042308",
  "gamePhase": "preflop",
  "isGameOver": false
}
2025-02-27 15:31:54 [[32MHTTP[39M]: GET /api/game/state/5a9ab908-7032-4611-83a1-a91e71042308 200 0.690 ms {
  "service": "poker-game-api"
}
2025-02-27 15:31:56 [[34MDEBUG[39M]: Request Details {
  "service": "poker-game-api",
  "method": "GET",
  "url": "/api/game/state/5a9ab908-7032-4611-83a1-a91e71042308",
  "params": {},
  "query": {}
}
2025-02-27 15:31:56 [[34MDEBUG[39M]: Game state retrieved {
  "service": "poker-game-api",
  "gameId": "5e3bb546-d86e-4e63-9ce5-bcce27d30a28",
  "playerId": "5a9ab908-7032-4611-83a1-a91e71042308",
  "gamePhase": "preflop",
  "isGameOver": false
}
2025-02-27 15:31:56 [[32MHTTP[39M]: GET /api/game/state/5a9ab908-7032-4611-83a1-a91e71042308 200 0.769 ms {
  "service": "poker-game-api"
}
2025-02-27 15:31:58 [[34MDEBUG[39M]: Request Details {
  "service": "poker-game-api",
  "method": "GET",
  "url": "/api/game/state/5a9ab908-7032-4611-83a1-a91e71042308",
  "params": {},
  "query": {}
}
2025-02-27 15:31:58 [[34MDEBUG[39M]: Game state retrieved {
  "service": "poker-game-api",
  "gameId": "5e3bb546-d86e-4e63-9ce5-bcce27d30a28",
  "playerId": "5a9ab908-7032-4611-83a1-a91e71042308",
  "gamePhase": "preflop",
  "isGameOver": false
}
2025-02-27 15:31:58 [[32MHTTP[39M]: GET /api/game/state/5a9ab908-7032-4611-83a1-a91e71042308 200 0.774 ms {
  "service": "poker-game-api"
}
2025-02-27 15:31:58 [[34MDEBUG[39M]: Request Details {
  "service": "poker-game-api",
  "method": "GET",
  "url": "/api/game/games",
  "params": {},
  "query": {}
}
2025-02-27 15:31:58 [[32MHTTP[39M]: GET /api/game/games 200 0.609 ms {
  "service": "poker-game-api"
}
2025-02-27 15:32:00 [[34MDEBUG[39M]: Request Details {
  "service": "poker-game-api",
  "method": "GET",
  "url": "/api/game/state/5a9ab908-7032-4611-83a1-a91e71042308",
  "params": {},
  "query": {}
}
2025-02-27 15:32:00 [[34MDEBUG[39M]: Game state retrieved {
  "service": "poker-game-api",
  "gameId": "5e3bb546-d86e-4e63-9ce5-bcce27d30a28",
  "playerId": "5a9ab908-7032-4611-83a1-a91e71042308",
  "gamePhase": "preflop",
  "isGameOver": false
}
2025-02-27 15:32:00 [[32MHTTP[39M]: GET /api/game/state/5a9ab908-7032-4611-83a1-a91e71042308 200 1.507 ms {
  "service": "poker-game-api"
}
2025-02-27 15:32:02 [[34MDEBUG[39M]: Request Details {
  "service": "poker-game-api",
  "method": "GET",
  "url": "/api/game/state/5a9ab908-7032-4611-83a1-a91e71042308",
  "params": {},
  "query": {}
}
2025-02-27 15:32:02 [[34MDEBUG[39M]: Game state retrieved {
  "service": "poker-game-api",
  "gameId": "5e3bb546-d86e-4e63-9ce5-bcce27d30a28",
  "playerId": "5a9ab908-7032-4611-83a1-a91e71042308",
  "gamePhase": "preflop",
  "isGameOver": false
}
2025-02-27 15:32:02 [[32MHTTP[39M]: GET /api/game/state/5a9ab908-7032-4611-83a1-a91e71042308 200 0.703 ms {
  "service": "poker-game-api"
}
2025-02-27 15:32:03 [[34MDEBUG[39M]: Request Details {
  "service": "poker-game-api",
  "method": "GET",
  "url": "/api/game/games",
  "params": {},
  "query": {}
}
2025-02-27 15:32:03 [[32MHTTP[39M]: GET /api/game/games 200 0.454 ms {
  "service": "poker-game-api"
}
2025-02-27 15:32:04 [[34MDEBUG[39M]: Request Details {
  "service": "poker-game-api",
  "method": "GET",
  "url": "/api/game/state/5a9ab908-7032-4611-83a1-a91e71042308",
  "params": {},
  "query": {}
}
2025-02-27 15:32:04 [[34MDEBUG[39M]: Game state retrieved {
  "service": "poker-game-api",
  "gameId": "5e3bb546-d86e-4e63-9ce5-bcce27d30a28",
  "playerId": "5a9ab908-7032-4611-83a1-a91e71042308",
  "gamePhase": "preflop",
  "isGameOver": false
}
2025-02-27 15:32:04 [[32MHTTP[39M]: GET /api/game/state/5a9ab908-7032-4611-83a1-a91e71042308 200 0.769 ms {
  "service": "poker-game-api"
}
2025-02-27 15:32:06 [[34MDEBUG[39M]: Request Details {
  "service": "poker-game-api",
  "method": "GET",
  "url": "/api/game/state/5a9ab908-7032-4611-83a1-a91e71042308",
  "params": {},
  "query": {}
}
2025-02-27 15:32:06 [[34MDEBUG[39M]: Game state retrieved {
  "service": "poker-game-api",
  "gameId": "5e3bb546-d86e-4e63-9ce5-bcce27d30a28",
  "playerId": "5a9ab908-7032-4611-83a1-a91e71042308",
  "gamePhase": "preflop",
  "isGameOver": false
}
2025-02-27 15:32:06 [[32MHTTP[39M]: GET /api/game/state/5a9ab908-7032-4611-83a1-a91e71042308 200 0.680 ms {
  "service": "poker-game-api"
}
2025-02-27 15:32:08 [[34MDEBUG[39M]: Request Details {
  "service": "poker-game-api",
  "method": "GET",
  "url": "/api/game/state/5a9ab908-7032-4611-83a1-a91e71042308",
  "params": {},
  "query": {}
}
2025-02-27 15:32:08 [[34MDEBUG[39M]: Game state retrieved {
  "service": "poker-game-api",
  "gameId": "5e3bb546-d86e-4e63-9ce5-bcce27d30a28",
  "playerId": "5a9ab908-7032-4611-83a1-a91e71042308",
  "gamePhase": "preflop",
  "isGameOver": false
}
2025-02-27 15:32:08 [[32MHTTP[39M]: GET /api/game/state/5a9ab908-7032-4611-83a1-a91e71042308 200 0.565 ms {
  "service": "poker-game-api"
}
2025-02-27 15:32:08 [[34MDEBUG[39M]: Request Details {
  "service": "poker-game-api",
  "method": "GET",
  "url": "/api/game/games",
  "params": {},
  "query": {}
}
2025-02-27 15:32:08 [[32MHTTP[39M]: GET /api/game/games 200 0.384 ms {
  "service": "poker-game-api"
}
2025-02-27 15:32:10 [[34MDEBUG[39M]: Request Details {
  "service": "poker-game-api",
  "method": "GET",
  "url": "/api/game/state/5a9ab908-7032-4611-83a1-a91e71042308",
  "params": {},
  "query": {}
}
2025-02-27 15:32:10 [[34MDEBUG[39M]: Game state retrieved {
  "service": "poker-game-api",
  "gameId": "5e3bb546-d86e-4e63-9ce5-bcce27d30a28",
  "playerId": "5a9ab908-7032-4611-83a1-a91e71042308",
  "gamePhase": "preflop",
  "isGameOver": false
}
2025-02-27 15:32:10 [[32MHTTP[39M]: GET /api/game/state/5a9ab908-7032-4611-83a1-a91e71042308 200 0.812 ms {
  "service": "poker-game-api"
}
2025-02-27 15:32:12 [[34MDEBUG[39M]: Request Details {
  "service": "poker-game-api",
  "method": "GET",
  "url": "/api/game/state/5a9ab908-7032-4611-83a1-a91e71042308",
  "params": {},
  "query": {}
}
2025-02-27 15:32:12 [[34MDEBUG[39M]: Game state retrieved {
  "service": "poker-game-api",
  "gameId": "5e3bb546-d86e-4e63-9ce5-bcce27d30a28",
  "playerId": "5a9ab908-7032-4611-83a1-a91e71042308",
  "gamePhase": "preflop",
  "isGameOver": false
}
2025-02-27 15:32:12 [[32MHTTP[39M]: GET /api/game/state/5a9ab908-7032-4611-83a1-a91e71042308 200 2.414 ms {
  "service": "poker-game-api"
}
2025-02-27 15:32:13 [[34MDEBUG[39M]: Request Details {
  "service": "poker-game-api",
  "method": "GET",
  "url": "/api/game/games",
  "params": {},
  "query": {}
}
2025-02-27 15:32:13 [[32MHTTP[39M]: GET /api/game/games 200 0.886 ms {
  "service": "poker-game-api"
}
2025-02-27 15:32:14 [[34MDEBUG[39M]: Request Details {
  "service": "poker-game-api",
  "method": "GET",
  "url": "/api/game/state/5a9ab908-7032-4611-83a1-a91e71042308",
  "params": {},
  "query": {}
}
2025-02-27 15:32:14 [[34MDEBUG[39M]: Game state retrieved {
  "service": "poker-game-api",
  "gameId": "5e3bb546-d86e-4e63-9ce5-bcce27d30a28",
  "playerId": "5a9ab908-7032-4611-83a1-a91e71042308",
  "gamePhase": "preflop",
  "isGameOver": false
}
2025-02-27 15:32:14 [[32MHTTP[39M]: GET /api/game/state/5a9ab908-7032-4611-83a1-a91e71042308 200 1.411 ms {
  "service": "poker-game-api"
}
2025-02-27 15:32:16 [[34MDEBUG[39M]: Request Details {
  "service": "poker-game-api",
  "method": "GET",
  "url": "/api/game/state/5a9ab908-7032-4611-83a1-a91e71042308",
  "params": {},
  "query": {}
}
2025-02-27 15:32:16 [[34MDEBUG[39M]: Game state retrieved {
  "service": "poker-game-api",
  "gameId": "5e3bb546-d86e-4e63-9ce5-bcce27d30a28",
  "playerId": "5a9ab908-7032-4611-83a1-a91e71042308",
  "gamePhase": "preflop",
  "isGameOver": false
}
2025-02-27 15:32:16 [[32MHTTP[39M]: GET /api/game/state/5a9ab908-7032-4611-83a1-a91e71042308 200 0.744 ms {
  "service": "poker-game-api"
}
2025-02-27 15:32:18 [[34MDEBUG[39M]: Request Details {
  "service": "poker-game-api",
  "method": "GET",
  "url": "/api/game/state/5a9ab908-7032-4611-83a1-a91e71042308",
  "params": {},
  "query": {}
}
2025-02-27 15:32:18 [[34MDEBUG[39M]: Game state retrieved {
  "service": "poker-game-api",
  "gameId": "5e3bb546-d86e-4e63-9ce5-bcce27d30a28",
  "playerId": "5a9ab908-7032-4611-83a1-a91e71042308",
  "gamePhase": "preflop",
  "isGameOver": false
}
2025-02-27 15:32:18 [[32MHTTP[39M]: GET /api/game/state/5a9ab908-7032-4611-83a1-a91e71042308 200 1.731 ms {
  "service": "poker-game-api"
}
2025-02-27 15:32:18 [[34MDEBUG[39M]: Request Details {
  "service": "poker-game-api",
  "method": "GET",
  "url": "/api/game/games",
  "params": {},
  "query": {}
}
2025-02-27 15:32:18 [[32MHTTP[39M]: GET /api/game/games 200 1.205 ms {
  "service": "poker-game-api"
}
2025-02-27 15:32:20 [[34MDEBUG[39M]: Request Details {
  "service": "poker-game-api",
  "method": "GET",
  "url": "/api/game/state/5a9ab908-7032-4611-83a1-a91e71042308",
  "params": {},
  "query": {}
}
2025-02-27 15:32:20 [[34MDEBUG[39M]: Game state retrieved {
  "service": "poker-game-api",
  "gameId": "5e3bb546-d86e-4e63-9ce5-bcce27d30a28",
  "playerId": "5a9ab908-7032-4611-83a1-a91e71042308",
  "gamePhase": "preflop",
  "isGameOver": false
}
2025-02-27 15:32:20 [[32MHTTP[39M]: GET /api/game/state/5a9ab908-7032-4611-83a1-a91e71042308 200 1.754 ms {
  "service": "poker-game-api"
}
2025-02-27 15:32:22 [[34MDEBUG[39M]: Request Details {
  "service": "poker-game-api",
  "method": "GET",
  "url": "/api/game/state/5a9ab908-7032-4611-83a1-a91e71042308",
  "params": {},
  "query": {}
}
2025-02-27 15:32:22 [[34MDEBUG[39M]: Game state retrieved {
  "service": "poker-game-api",
  "gameId": "5e3bb546-d86e-4e63-9ce5-bcce27d30a28",
  "playerId": "5a9ab908-7032-4611-83a1-a91e71042308",
  "gamePhase": "preflop",
  "isGameOver": false
}
2025-02-27 15:32:22 [[32MHTTP[39M]: GET /api/game/state/5a9ab908-7032-4611-83a1-a91e71042308 200 1.547 ms {
  "service": "poker-game-api"
}
2025-02-27 15:32:23 [[34MDEBUG[39M]: Request Details {
  "service": "poker-game-api",
  "method": "GET",
  "url": "/api/game/games",
  "params": {},
  "query": {}
}
2025-02-27 15:32:23 [[32MHTTP[39M]: GET /api/game/games 200 1.315 ms {
  "service": "poker-game-api"
}
2025-02-27 15:32:24 [[34MDEBUG[39M]: Request Details {
  "service": "poker-game-api",
  "method": "GET",
  "url": "/api/game/state/5a9ab908-7032-4611-83a1-a91e71042308",
  "params": {},
  "query": {}
}
2025-02-27 15:32:24 [[34MDEBUG[39M]: Game state retrieved {
  "service": "poker-game-api",
  "gameId": "5e3bb546-d86e-4e63-9ce5-bcce27d30a28",
  "playerId": "5a9ab908-7032-4611-83a1-a91e71042308",
  "gamePhase": "preflop",
  "isGameOver": false
}
2025-02-27 15:32:24 [[32MHTTP[39M]: GET /api/game/state/5a9ab908-7032-4611-83a1-a91e71042308 200 0.913 ms {
  "service": "poker-game-api"
}
2025-02-27 15:32:26 [[34MDEBUG[39M]: Request Details {
  "service": "poker-game-api",
  "method": "GET",
  "url": "/api/game/state/5a9ab908-7032-4611-83a1-a91e71042308",
  "params": {},
  "query": {}
}
2025-02-27 15:32:26 [[34MDEBUG[39M]: Game state retrieved {
  "service": "poker-game-api",
  "gameId": "5e3bb546-d86e-4e63-9ce5-bcce27d30a28",
  "playerId": "5a9ab908-7032-4611-83a1-a91e71042308",
  "gamePhase": "preflop",
  "isGameOver": false
}
2025-02-27 15:32:26 [[32MHTTP[39M]: GET /api/game/state/5a9ab908-7032-4611-83a1-a91e71042308 200 1.648 ms {
  "service": "poker-game-api"
}
2025-02-27 15:32:28 [[34MDEBUG[39M]: Request Details {
  "service": "poker-game-api",
  "method": "GET",
  "url": "/api/game/state/5a9ab908-7032-4611-83a1-a91e71042308",
  "params": {},
  "query": {}
}
2025-02-27 15:32:28 [[34MDEBUG[39M]: Game state retrieved {
  "service": "poker-game-api",
  "gameId": "5e3bb546-d86e-4e63-9ce5-bcce27d30a28",
  "playerId": "5a9ab908-7032-4611-83a1-a91e71042308",
  "gamePhase": "preflop",
  "isGameOver": false
}
2025-02-27 15:32:28 [[32MHTTP[39M]: GET /api/game/state/5a9ab908-7032-4611-83a1-a91e71042308 200 1.218 ms {
  "service": "poker-game-api"
}
2025-02-27 15:32:28 [[34MDEBUG[39M]: Request Details {
  "service": "poker-game-api",
  "method": "GET",
  "url": "/api/game/games",
  "params": {},
  "query": {}
}
2025-02-27 15:32:28 [[32MHTTP[39M]: GET /api/game/games 200 1.280 ms {
  "service": "poker-game-api"
}
2025-02-27 15:32:30 [[34MDEBUG[39M]: Request Details {
  "service": "poker-game-api",
  "method": "GET",
  "url": "/api/game/state/5a9ab908-7032-4611-83a1-a91e71042308",
  "params": {},
  "query": {}
}
2025-02-27 15:32:30 [[34MDEBUG[39M]: Game state retrieved {
  "service": "poker-game-api",
  "gameId": "5e3bb546-d86e-4e63-9ce5-bcce27d30a28",
  "playerId": "5a9ab908-7032-4611-83a1-a91e71042308",
  "gamePhase": "preflop",
  "isGameOver": false
}
2025-02-27 15:32:30 [[32MHTTP[39M]: GET /api/game/state/5a9ab908-7032-4611-83a1-a91e71042308 200 1.888 ms {
  "service": "poker-game-api"
}
2025-02-27 15:32:32 [[34MDEBUG[39M]: Request Details {
  "service": "poker-game-api",
  "method": "GET",
  "url": "/api/game/state/5a9ab908-7032-4611-83a1-a91e71042308",
  "params": {},
  "query": {}
}
2025-02-27 15:32:32 [[34MDEBUG[39M]: Game state retrieved {
  "service": "poker-game-api",
  "gameId": "5e3bb546-d86e-4e63-9ce5-bcce27d30a28",
  "playerId": "5a9ab908-7032-4611-83a1-a91e71042308",
  "gamePhase": "preflop",
  "isGameOver": false
}
2025-02-27 15:32:32 [[32MHTTP[39M]: GET /api/game/state/5a9ab908-7032-4611-83a1-a91e71042308 200 1.524 ms {
  "service": "poker-game-api"
}
2025-02-27 15:32:33 [[34MDEBUG[39M]: Request Details {
  "service": "poker-game-api",
  "method": "GET",
  "url": "/api/game/games",
  "params": {},
  "query": {}
}
2025-02-27 15:32:33 [[32MHTTP[39M]: GET /api/game/games 200 2.386 ms {
  "service": "poker-game-api"
}
2025-02-27 15:32:34 [[34MDEBUG[39M]: Request Details {
  "service": "poker-game-api",
  "method": "GET",
  "url": "/api/game/state/5a9ab908-7032-4611-83a1-a91e71042308",
  "params": {},
  "query": {}
}
2025-02-27 15:32:34 [[34MDEBUG[39M]: Game state retrieved {
  "service": "poker-game-api",
  "gameId": "5e3bb546-d86e-4e63-9ce5-bcce27d30a28",
  "playerId": "5a9ab908-7032-4611-83a1-a91e71042308",
  "gamePhase": "preflop",
  "isGameOver": false
}
2025-02-27 15:32:34 [[32MHTTP[39M]: GET /api/game/state/5a9ab908-7032-4611-83a1-a91e71042308 200 1.356 ms {
  "service": "poker-game-api"
}
2025-02-27 15:32:36 [[34MDEBUG[39M]: Request Details {
  "service": "poker-game-api",
  "method": "GET",
  "url": "/api/game/state/5a9ab908-7032-4611-83a1-a91e71042308",
  "params": {},
  "query": {}
}
2025-02-27 15:32:36 [[34MDEBUG[39M]: Game state retrieved {
  "service": "poker-game-api",
  "gameId": "5e3bb546-d86e-4e63-9ce5-bcce27d30a28",
  "playerId": "5a9ab908-7032-4611-83a1-a91e71042308",
  "gamePhase": "preflop",
  "isGameOver": false
}
2025-02-27 15:32:36 [[32MHTTP[39M]: GET /api/game/state/5a9ab908-7032-4611-83a1-a91e71042308 200 1.478 ms {
  "service": "poker-game-api"
}
2025-02-27 15:32:38 [[34MDEBUG[39M]: Request Details {
  "service": "poker-game-api",
  "method": "GET",
  "url": "/api/game/state/5a9ab908-7032-4611-83a1-a91e71042308",
  "params": {},
  "query": {}
}
2025-02-27 15:32:38 [[34MDEBUG[39M]: Game state retrieved {
  "service": "poker-game-api",
  "gameId": "5e3bb546-d86e-4e63-9ce5-bcce27d30a28",
  "playerId": "5a9ab908-7032-4611-83a1-a91e71042308",
  "gamePhase": "preflop",
  "isGameOver": false
}
2025-02-27 15:32:38 [[32MHTTP[39M]: GET /api/game/state/5a9ab908-7032-4611-83a1-a91e71042308 200 1.544 ms {
  "service": "poker-game-api"
}
2025-02-27 15:32:38 [[34MDEBUG[39M]: Request Details {
  "service": "poker-game-api",
  "method": "GET",
  "url": "/api/game/games",
  "params": {},
  "query": {}
}
2025-02-27 15:32:38 [[32MHTTP[39M]: GET /api/game/games 200 1.045 ms {
  "service": "poker-game-api"
}
2025-02-27 15:32:40 [[34MDEBUG[39M]: Request Details {
  "service": "poker-game-api",
  "method": "GET",
  "url": "/api/game/state/5a9ab908-7032-4611-83a1-a91e71042308",
  "params": {},
  "query": {}
}
2025-02-27 15:32:40 [[34MDEBUG[39M]: Game state retrieved {
  "service": "poker-game-api",
  "gameId": "5e3bb546-d86e-4e63-9ce5-bcce27d30a28",
  "playerId": "5a9ab908-7032-4611-83a1-a91e71042308",
  "gamePhase": "preflop",
  "isGameOver": false
}
2025-02-27 15:32:40 [[32MHTTP[39M]: GET /api/game/state/5a9ab908-7032-4611-83a1-a91e71042308 200 1.571 ms {
  "service": "poker-game-api"
}
2025-02-27 15:32:42 [[34MDEBUG[39M]: Request Details {
  "service": "poker-game-api",
  "method": "GET",
  "url": "/api/game/state/5a9ab908-7032-4611-83a1-a91e71042308",
  "params": {},
  "query": {}
}
2025-02-27 15:32:42 [[34MDEBUG[39M]: Game state retrieved {
  "service": "poker-game-api",
  "gameId": "5e3bb546-d86e-4e63-9ce5-bcce27d30a28",
  "playerId": "5a9ab908-7032-4611-83a1-a91e71042308",
  "gamePhase": "preflop",
  "isGameOver": false
}
2025-02-27 15:32:42 [[32MHTTP[39M]: GET /api/game/state/5a9ab908-7032-4611-83a1-a91e71042308 200 1.524 ms {
  "service": "poker-game-api"
}
2025-02-27 15:32:43 [[34MDEBUG[39M]: Request Details {
  "service": "poker-game-api",
  "method": "GET",
  "url": "/api/game/games",
  "params": {},
  "query": {}
}
2025-02-27 15:32:43 [[32MHTTP[39M]: GET /api/game/games 200 1.110 ms {
  "service": "poker-game-api"
}
2025-02-27 15:32:44 [[34MDEBUG[39M]: Request Details {
  "service": "poker-game-api",
  "method": "GET",
  "url": "/api/game/state/5a9ab908-7032-4611-83a1-a91e71042308",
  "params": {},
  "query": {}
}
2025-02-27 15:32:44 [[34MDEBUG[39M]: Game state retrieved {
  "service": "poker-game-api",
  "gameId": "5e3bb546-d86e-4e63-9ce5-bcce27d30a28",
  "playerId": "5a9ab908-7032-4611-83a1-a91e71042308",
  "gamePhase": "preflop",
  "isGameOver": false
}
2025-02-27 15:32:44 [[32MHTTP[39M]: GET /api/game/state/5a9ab908-7032-4611-83a1-a91e71042308 200 1.923 ms {
  "service": "poker-game-api"
}
2025-02-27 15:32:46 [[34MDEBUG[39M]: Request Details {
  "service": "poker-game-api",
  "method": "GET",
  "url": "/api/game/state/5a9ab908-7032-4611-83a1-a91e71042308",
  "params": {},
  "query": {}
}
2025-02-27 15:32:46 [[34MDEBUG[39M]: Game state retrieved {
  "service": "poker-game-api",
  "gameId": "5e3bb546-d86e-4e63-9ce5-bcce27d30a28",
  "playerId": "5a9ab908-7032-4611-83a1-a91e71042308",
  "gamePhase": "preflop",
  "isGameOver": false
}
2025-02-27 15:32:46 [[32MHTTP[39M]: GET /api/game/state/5a9ab908-7032-4611-83a1-a91e71042308 200 1.586 ms {
  "service": "poker-game-api"
}
2025-02-27 15:32:48 [[34MDEBUG[39M]: Request Details {
  "service": "poker-game-api",
  "method": "GET",
  "url": "/api/game/state/5a9ab908-7032-4611-83a1-a91e71042308",
  "params": {},
  "query": {}
}
2025-02-27 15:32:48 [[34MDEBUG[39M]: Game state retrieved {
  "service": "poker-game-api",
  "gameId": "5e3bb546-d86e-4e63-9ce5-bcce27d30a28",
  "playerId": "5a9ab908-7032-4611-83a1-a91e71042308",
  "gamePhase": "preflop",
  "isGameOver": false
}
2025-02-27 15:32:48 [[32MHTTP[39M]: GET /api/game/state/5a9ab908-7032-4611-83a1-a91e71042308 200 1.898 ms {
  "service": "poker-game-api"
}
2025-02-27 15:32:48 [[34MDEBUG[39M]: Request Details {
  "service": "poker-game-api",
  "method": "GET",
  "url": "/api/game/games",
  "params": {},
  "query": {}
}
2025-02-27 15:32:48 [[32MHTTP[39M]: GET /api/game/games 200 1.051 ms {
  "service": "poker-game-api"
}
2025-02-27 15:32:50 [[34MDEBUG[39M]: Request Details {
  "service": "poker-game-api",
  "method": "GET",
  "url": "/api/game/state/5a9ab908-7032-4611-83a1-a91e71042308",
  "params": {},
  "query": {}
}
2025-02-27 15:32:50 [[34MDEBUG[39M]: Game state retrieved {
  "service": "poker-game-api",
  "gameId": "5e3bb546-d86e-4e63-9ce5-bcce27d30a28",
  "playerId": "5a9ab908-7032-4611-83a1-a91e71042308",
  "gamePhase": "preflop",
  "isGameOver": false
}
2025-02-27 15:32:50 [[32MHTTP[39M]: GET /api/game/state/5a9ab908-7032-4611-83a1-a91e71042308 200 1.684 ms {
  "service": "poker-game-api"
}
2025-02-27 15:32:52 [[34MDEBUG[39M]: Request Details {
  "service": "poker-game-api",
  "method": "GET",
  "url": "/api/game/state/5a9ab908-7032-4611-83a1-a91e71042308",
  "params": {},
  "query": {}
}
2025-02-27 15:32:52 [[34MDEBUG[39M]: Game state retrieved {
  "service": "poker-game-api",
  "gameId": "5e3bb546-d86e-4e63-9ce5-bcce27d30a28",
  "playerId": "5a9ab908-7032-4611-83a1-a91e71042308",
  "gamePhase": "preflop",
  "isGameOver": false
}
2025-02-27 15:32:52 [[32MHTTP[39M]: GET /api/game/state/5a9ab908-7032-4611-83a1-a91e71042308 200 2.478 ms {
  "service": "poker-game-api"
}
2025-02-27 15:32:53 [[34MDEBUG[39M]: Request Details {
  "service": "poker-game-api",
  "method": "GET",
  "url": "/api/game/games",
  "params": {},
  "query": {}
}
2025-02-27 15:32:53 [[32MHTTP[39M]: GET /api/game/games 200 1.087 ms {
  "service": "poker-game-api"
}
2025-02-27 15:32:54 [[34MDEBUG[39M]: Request Details {
  "service": "poker-game-api",
  "method": "GET",
  "url": "/api/game/state/5a9ab908-7032-4611-83a1-a91e71042308",
  "params": {},
  "query": {}
}
2025-02-27 15:32:54 [[34MDEBUG[39M]: Game state retrieved {
  "service": "poker-game-api",
  "gameId": "5e3bb546-d86e-4e63-9ce5-bcce27d30a28",
  "playerId": "5a9ab908-7032-4611-83a1-a91e71042308",
  "gamePhase": "preflop",
  "isGameOver": false
}
2025-02-27 15:32:54 [[32MHTTP[39M]: GET /api/game/state/5a9ab908-7032-4611-83a1-a91e71042308 200 1.366 ms {
  "service": "poker-game-api"
}
2025-02-27 15:32:56 [[34MDEBUG[39M]: Request Details {
  "service": "poker-game-api",
  "method": "GET",
  "url": "/api/game/state/5a9ab908-7032-4611-83a1-a91e71042308",
  "params": {},
  "query": {}
}
2025-02-27 15:32:56 [[34MDEBUG[39M]: Game state retrieved {
  "service": "poker-game-api",
  "gameId": "5e3bb546-d86e-4e63-9ce5-bcce27d30a28",
  "playerId": "5a9ab908-7032-4611-83a1-a91e71042308",
  "gamePhase": "preflop",
  "isGameOver": false
}
2025-02-27 15:32:56 [[32MHTTP[39M]: GET /api/game/state/5a9ab908-7032-4611-83a1-a91e71042308 200 1.757 ms {
  "service": "poker-game-api"
}
2025-02-27 15:32:58 [[34MDEBUG[39M]: Request Details {
  "service": "poker-game-api",
  "method": "GET",
  "url": "/api/game/state/5a9ab908-7032-4611-83a1-a91e71042308",
  "params": {},
  "query": {}
}
2025-02-27 15:32:58 [[34MDEBUG[39M]: Game state retrieved {
  "service": "poker-game-api",
  "gameId": "5e3bb546-d86e-4e63-9ce5-bcce27d30a28",
  "playerId": "5a9ab908-7032-4611-83a1-a91e71042308",
  "gamePhase": "preflop",
  "isGameOver": false
}
2025-02-27 15:32:58 [[32MHTTP[39M]: GET /api/game/state/5a9ab908-7032-4611-83a1-a91e71042308 200 1.340 ms {
  "service": "poker-game-api"
}
2025-02-27 15:32:58 [[34MDEBUG[39M]: Request Details {
  "service": "poker-game-api",
  "method": "GET",
  "url": "/api/game/games",
  "params": {},
  "query": {}
}
2025-02-27 15:32:58 [[32MHTTP[39M]: GET /api/game/games 200 1.777 ms {
  "service": "poker-game-api"
}
2025-02-27 15:33:00 [[34MDEBUG[39M]: Request Details {
  "service": "poker-game-api",
  "method": "GET",
  "url": "/api/game/state/5a9ab908-7032-4611-83a1-a91e71042308",
  "params": {},
  "query": {}
}
2025-02-27 15:33:00 [[34MDEBUG[39M]: Game state retrieved {
  "service": "poker-game-api",
  "gameId": "5e3bb546-d86e-4e63-9ce5-bcce27d30a28",
  "playerId": "5a9ab908-7032-4611-83a1-a91e71042308",
  "gamePhase": "preflop",
  "isGameOver": false
}
2025-02-27 15:33:00 [[32MHTTP[39M]: GET /api/game/state/5a9ab908-7032-4611-83a1-a91e71042308 200 2.012 ms {
  "service": "poker-game-api"
}
2025-02-27 15:33:02 [[34MDEBUG[39M]: Request Details {
  "service": "poker-game-api",
  "method": "GET",
  "url": "/api/game/state/5a9ab908-7032-4611-83a1-a91e71042308",
  "params": {},
  "query": {}
}
2025-02-27 15:33:02 [[34MDEBUG[39M]: Game state retrieved {
  "service": "poker-game-api",
  "gameId": "5e3bb546-d86e-4e63-9ce5-bcce27d30a28",
  "playerId": "5a9ab908-7032-4611-83a1-a91e71042308",
  "gamePhase": "preflop",
  "isGameOver": false
}
2025-02-27 15:33:02 [[32MHTTP[39M]: GET /api/game/state/5a9ab908-7032-4611-83a1-a91e71042308 200 1.708 ms {
  "service": "poker-game-api"
}
2025-02-27 15:33:03 [[34MDEBUG[39M]: Request Details {
  "service": "poker-game-api",
  "method": "GET",
  "url": "/api/game/games",
  "params": {},
  "query": {}
}
2025-02-27 15:33:03 [[32MHTTP[39M]: GET /api/game/games 200 1.049 ms {
  "service": "poker-game-api"
}
2025-02-27 15:33:04 [[34MDEBUG[39M]: Request Details {
  "service": "poker-game-api",
  "method": "GET",
  "url": "/api/game/state/5a9ab908-7032-4611-83a1-a91e71042308",
  "params": {},
  "query": {}
}
2025-02-27 15:33:04 [[34MDEBUG[39M]: Game state retrieved {
  "service": "poker-game-api",
  "gameId": "5e3bb546-d86e-4e63-9ce5-bcce27d30a28",
  "playerId": "5a9ab908-7032-4611-83a1-a91e71042308",
  "gamePhase": "preflop",
  "isGameOver": false
}
2025-02-27 15:33:04 [[32MHTTP[39M]: GET /api/game/state/5a9ab908-7032-4611-83a1-a91e71042308 200 1.331 ms {
  "service": "poker-game-api"
}
2025-02-27 15:33:06 [[34MDEBUG[39M]: Request Details {
  "service": "poker-game-api",
  "method": "GET",
  "url": "/api/game/state/5a9ab908-7032-4611-83a1-a91e71042308",
  "params": {},
  "query": {}
}
2025-02-27 15:33:06 [[34MDEBUG[39M]: Game state retrieved {
  "service": "poker-game-api",
  "gameId": "5e3bb546-d86e-4e63-9ce5-bcce27d30a28",
  "playerId": "5a9ab908-7032-4611-83a1-a91e71042308",
  "gamePhase": "preflop",
  "isGameOver": false
}
2025-02-27 15:33:06 [[32MHTTP[39M]: GET /api/game/state/5a9ab908-7032-4611-83a1-a91e71042308 200 1.728 ms {
  "service": "poker-game-api"
}
2025-02-27 15:33:08 [[34MDEBUG[39M]: Request Details {
  "service": "poker-game-api",
  "method": "GET",
  "url": "/api/game/state/5a9ab908-7032-4611-83a1-a91e71042308",
  "params": {},
  "query": {}
}
2025-02-27 15:33:08 [[34MDEBUG[39M]: Game state retrieved {
  "service": "poker-game-api",
  "gameId": "5e3bb546-d86e-4e63-9ce5-bcce27d30a28",
  "playerId": "5a9ab908-7032-4611-83a1-a91e71042308",
  "gamePhase": "preflop",
  "isGameOver": false
}
2025-02-27 15:33:08 [[32MHTTP[39M]: GET /api/game/state/5a9ab908-7032-4611-83a1-a91e71042308 200 1.599 ms {
  "service": "poker-game-api"
}
2025-02-27 15:33:08 [[34MDEBUG[39M]: Request Details {
  "service": "poker-game-api",
  "method": "GET",
  "url": "/api/game/games",
  "params": {},
  "query": {}
}
2025-02-27 15:33:08 [[32MHTTP[39M]: GET /api/game/games 200 1.184 ms {
  "service": "poker-game-api"
}
2025-02-27 15:33:10 [[34MDEBUG[39M]: Request Details {
  "service": "poker-game-api",
  "method": "GET",
  "url": "/api/game/state/5a9ab908-7032-4611-83a1-a91e71042308",
  "params": {},
  "query": {}
}
2025-02-27 15:33:10 [[34MDEBUG[39M]: Game state retrieved {
  "service": "poker-game-api",
  "gameId": "5e3bb546-d86e-4e63-9ce5-bcce27d30a28",
  "playerId": "5a9ab908-7032-4611-83a1-a91e71042308",
  "gamePhase": "preflop",
  "isGameOver": false
}
2025-02-27 15:33:10 [[32MHTTP[39M]: GET /api/game/state/5a9ab908-7032-4611-83a1-a91e71042308 200 1.553 ms {
  "service": "poker-game-api"
}
2025-02-27 15:33:12 [[34MDEBUG[39M]: Request Details {
  "service": "poker-game-api",
  "method": "GET",
  "url": "/api/game/state/5a9ab908-7032-4611-83a1-a91e71042308",
  "params": {},
  "query": {}
}
2025-02-27 15:33:12 [[34MDEBUG[39M]: Game state retrieved {
  "service": "poker-game-api",
  "gameId": "5e3bb546-d86e-4e63-9ce5-bcce27d30a28",
  "playerId": "5a9ab908-7032-4611-83a1-a91e71042308",
  "gamePhase": "preflop",
  "isGameOver": false
}
2025-02-27 15:33:12 [[32MHTTP[39M]: GET /api/game/state/5a9ab908-7032-4611-83a1-a91e71042308 200 1.644 ms {
  "service": "poker-game-api"
}
2025-02-27 15:33:13 [[34MDEBUG[39M]: Request Details {
  "service": "poker-game-api",
  "method": "GET",
  "url": "/api/game/games",
  "params": {},
  "query": {}
}
2025-02-27 15:33:13 [[32MHTTP[39M]: GET /api/game/games 200 0.539 ms {
  "service": "poker-game-api"
}
2025-02-27 15:33:14 [[34MDEBUG[39M]: Request Details {
  "service": "poker-game-api",
  "method": "GET",
  "url": "/api/game/state/5a9ab908-7032-4611-83a1-a91e71042308",
  "params": {},
  "query": {}
}
2025-02-27 15:33:14 [[34MDEBUG[39M]: Game state retrieved {
  "service": "poker-game-api",
  "gameId": "5e3bb546-d86e-4e63-9ce5-bcce27d30a28",
  "playerId": "5a9ab908-7032-4611-83a1-a91e71042308",
  "gamePhase": "preflop",
  "isGameOver": false
}
2025-02-27 15:33:14 [[32MHTTP[39M]: GET /api/game/state/5a9ab908-7032-4611-83a1-a91e71042308 200 1.634 ms {
  "service": "poker-game-api"
}
2025-02-27 15:33:16 [[34MDEBUG[39M]: Request Details {
  "service": "poker-game-api",
  "method": "GET",
  "url": "/api/game/state/5a9ab908-7032-4611-83a1-a91e71042308",
  "params": {},
  "query": {}
}
2025-02-27 15:33:16 [[34MDEBUG[39M]: Game state retrieved {
  "service": "poker-game-api",
  "gameId": "5e3bb546-d86e-4e63-9ce5-bcce27d30a28",
  "playerId": "5a9ab908-7032-4611-83a1-a91e71042308",
  "gamePhase": "preflop",
  "isGameOver": false
}
2025-02-27 15:33:16 [[32MHTTP[39M]: GET /api/game/state/5a9ab908-7032-4611-83a1-a91e71042308 200 1.630 ms {
  "service": "poker-game-api"
}
2025-02-27 15:33:18 [[34MDEBUG[39M]: Request Details {
  "service": "poker-game-api",
  "method": "GET",
  "url": "/api/game/state/5a9ab908-7032-4611-83a1-a91e71042308",
  "params": {},
  "query": {}
}
2025-02-27 15:33:18 [[34MDEBUG[39M]: Game state retrieved {
  "service": "poker-game-api",
  "gameId": "5e3bb546-d86e-4e63-9ce5-bcce27d30a28",
  "playerId": "5a9ab908-7032-4611-83a1-a91e71042308",
  "gamePhase": "preflop",
  "isGameOver": false
}
2025-02-27 15:33:18 [[32MHTTP[39M]: GET /api/game/state/5a9ab908-7032-4611-83a1-a91e71042308 200 1.558 ms {
  "service": "poker-game-api"
}
2025-02-27 15:33:20 [[34MDEBUG[39M]: Request Details {
  "service": "poker-game-api",
  "method": "GET",
  "url": "/api/game/state/5a9ab908-7032-4611-83a1-a91e71042308",
  "params": {},
  "query": {}
}
2025-02-27 15:33:20 [[34MDEBUG[39M]: Game state retrieved {
  "service": "poker-game-api",
  "gameId": "5e3bb546-d86e-4e63-9ce5-bcce27d30a28",
  "playerId": "5a9ab908-7032-4611-83a1-a91e71042308",
  "gamePhase": "preflop",
  "isGameOver": false
}
2025-02-27 15:33:20 [[32MHTTP[39M]: GET /api/game/state/5a9ab908-7032-4611-83a1-a91e71042308 200 1.578 ms {
  "service": "poker-game-api"
}
2025-02-27 15:33:22 [[34MDEBUG[39M]: Request Details {
  "service": "poker-game-api",
  "method": "GET",
  "url": "/api/game/state/5a9ab908-7032-4611-83a1-a91e71042308",
  "params": {},
  "query": {}
}
2025-02-27 15:33:22 [[34MDEBUG[39M]: Game state retrieved {
  "service": "poker-game-api",
  "gameId": "5e3bb546-d86e-4e63-9ce5-bcce27d30a28",
  "playerId": "5a9ab908-7032-4611-83a1-a91e71042308",
  "gamePhase": "preflop",
  "isGameOver": false
}
2025-02-27 15:33:22 [[32MHTTP[39M]: GET /api/game/state/5a9ab908-7032-4611-83a1-a91e71042308 200 1.397 ms {
  "service": "poker-game-api"
}
2025-02-27 15:33:24 [[34MDEBUG[39M]: Request Details {
  "service": "poker-game-api",
  "method": "GET",
  "url": "/api/game/state/5a9ab908-7032-4611-83a1-a91e71042308",
  "params": {},
  "query": {}
}
2025-02-27 15:33:24 [[34MDEBUG[39M]: Game state retrieved {
  "service": "poker-game-api",
  "gameId": "5e3bb546-d86e-4e63-9ce5-bcce27d30a28",
  "playerId": "5a9ab908-7032-4611-83a1-a91e71042308",
  "gamePhase": "preflop",
  "isGameOver": false
}
2025-02-27 15:33:24 [[32MHTTP[39M]: GET /api/game/state/5a9ab908-7032-4611-83a1-a91e71042308 200 1.550 ms {
  "service": "poker-game-api"
}
2025-02-27 15:33:26 [[34MDEBUG[39M]: Request Details {
  "service": "poker-game-api",
  "method": "GET",
  "url": "/api/game/state/5a9ab908-7032-4611-83a1-a91e71042308",
  "params": {},
  "query": {}
}
2025-02-27 15:33:26 [[34MDEBUG[39M]: Game state retrieved {
  "service": "poker-game-api",
  "gameId": "5e3bb546-d86e-4e63-9ce5-bcce27d30a28",
  "playerId": "5a9ab908-7032-4611-83a1-a91e71042308",
  "gamePhase": "preflop",
  "isGameOver": false
}
2025-02-27 15:33:26 [[32MHTTP[39M]: GET /api/game/state/5a9ab908-7032-4611-83a1-a91e71042308 200 1.538 ms {
  "service": "poker-game-api"
}
2025-02-27 15:33:28 [[34MDEBUG[39M]: Request Details {
  "service": "poker-game-api",
  "method": "GET",
  "url": "/api/game/state/5a9ab908-7032-4611-83a1-a91e71042308",
  "params": {},
  "query": {}
}
2025-02-27 15:33:28 [[34MDEBUG[39M]: Game state retrieved {
  "service": "poker-game-api",
  "gameId": "5e3bb546-d86e-4e63-9ce5-bcce27d30a28",
  "playerId": "5a9ab908-7032-4611-83a1-a91e71042308",
  "gamePhase": "preflop",
  "isGameOver": false
}
2025-02-27 15:33:28 [[32MHTTP[39M]: GET /api/game/state/5a9ab908-7032-4611-83a1-a91e71042308 200 1.443 ms {
  "service": "poker-game-api"
}
2025-02-27 15:33:30 [[34MDEBUG[39M]: Request Details {
  "service": "poker-game-api",
  "method": "GET",
  "url": "/api/game/state/5a9ab908-7032-4611-83a1-a91e71042308",
  "params": {},
  "query": {}
}
2025-02-27 15:33:30 [[34MDEBUG[39M]: Game state retrieved {
  "service": "poker-game-api",
  "gameId": "5e3bb546-d86e-4e63-9ce5-bcce27d30a28",
  "playerId": "5a9ab908-7032-4611-83a1-a91e71042308",
  "gamePhase": "preflop",
  "isGameOver": false
}
2025-02-27 15:33:30 [[32MHTTP[39M]: GET /api/game/state/5a9ab908-7032-4611-83a1-a91e71042308 200 1.876 ms {
  "service": "poker-game-api"
}
2025-02-27 15:33:32 [[34MDEBUG[39M]: Request Details {
  "service": "poker-game-api",
  "method": "GET",
  "url": "/api/game/state/5a9ab908-7032-4611-83a1-a91e71042308",
  "params": {},
  "query": {}
}
2025-02-27 15:33:32 [[34MDEBUG[39M]: Game state retrieved {
  "service": "poker-game-api",
  "gameId": "5e3bb546-d86e-4e63-9ce5-bcce27d30a28",
  "playerId": "5a9ab908-7032-4611-83a1-a91e71042308",
  "gamePhase": "preflop",
  "isGameOver": false
}
2025-02-27 15:33:32 [[32MHTTP[39M]: GET /api/game/state/5a9ab908-7032-4611-83a1-a91e71042308 200 1.594 ms {
  "service": "poker-game-api"
}
2025-02-27 15:33:34 [[34MDEBUG[39M]: Request Details {
  "service": "poker-game-api",
  "method": "GET",
  "url": "/api/game/state/5a9ab908-7032-4611-83a1-a91e71042308",
  "params": {},
  "query": {}
}
2025-02-27 15:33:34 [[34MDEBUG[39M]: Game state retrieved {
  "service": "poker-game-api",
  "gameId": "5e3bb546-d86e-4e63-9ce5-bcce27d30a28",
  "playerId": "5a9ab908-7032-4611-83a1-a91e71042308",
  "gamePhase": "preflop",
  "isGameOver": false
}
2025-02-27 15:33:34 [[32MHTTP[39M]: GET /api/game/state/5a9ab908-7032-4611-83a1-a91e71042308 200 1.510 ms {
  "service": "poker-game-api"
}
2025-02-27 15:33:36 [[34MDEBUG[39M]: Request Details {
  "service": "poker-game-api",
  "method": "GET",
  "url": "/api/game/state/5a9ab908-7032-4611-83a1-a91e71042308",
  "params": {},
  "query": {}
}
2025-02-27 15:33:36 [[34MDEBUG[39M]: Game state retrieved {
  "service": "poker-game-api",
  "gameId": "5e3bb546-d86e-4e63-9ce5-bcce27d30a28",
  "playerId": "5a9ab908-7032-4611-83a1-a91e71042308",
  "gamePhase": "preflop",
  "isGameOver": false
}
2025-02-27 15:33:36 [[32MHTTP[39M]: GET /api/game/state/5a9ab908-7032-4611-83a1-a91e71042308 200 1.577 ms {
  "service": "poker-game-api"
}
2025-02-27 15:33:38 [[34MDEBUG[39M]: Request Details {
  "service": "poker-game-api",
  "method": "GET",
  "url": "/api/game/state/5a9ab908-7032-4611-83a1-a91e71042308",
  "params": {},
  "query": {}
}
2025-02-27 15:33:38 [[34MDEBUG[39M]: Game state retrieved {
  "service": "poker-game-api",
  "gameId": "5e3bb546-d86e-4e63-9ce5-bcce27d30a28",
  "playerId": "5a9ab908-7032-4611-83a1-a91e71042308",
  "gamePhase": "preflop",
  "isGameOver": false
}
2025-02-27 15:33:38 [[32MHTTP[39M]: GET /api/game/state/5a9ab908-7032-4611-83a1-a91e71042308 200 1.490 ms {
  "service": "poker-game-api"
}
2025-02-27 15:33:40 [[34MDEBUG[39M]: Request Details {
  "service": "poker-game-api",
  "method": "GET",
  "url": "/api/game/state/5a9ab908-7032-4611-83a1-a91e71042308",
  "params": {},
  "query": {}
}
2025-02-27 15:33:40 [[34MDEBUG[39M]: Game state retrieved {
  "service": "poker-game-api",
  "gameId": "5e3bb546-d86e-4e63-9ce5-bcce27d30a28",
  "playerId": "5a9ab908-7032-4611-83a1-a91e71042308",
  "gamePhase": "preflop",
  "isGameOver": false
}
2025-02-27 15:33:40 [[32MHTTP[39M]: GET /api/game/state/5a9ab908-7032-4611-83a1-a91e71042308 200 1.420 ms {
  "service": "poker-game-api"
}
2025-02-27 15:33:42 [[34MDEBUG[39M]: Request Details {
  "service": "poker-game-api",
  "method": "GET",
  "url": "/api/game/state/5a9ab908-7032-4611-83a1-a91e71042308",
  "params": {},
  "query": {}
}
2025-02-27 15:33:42 [[34MDEBUG[39M]: Game state retrieved {
  "service": "poker-game-api",
  "gameId": "5e3bb546-d86e-4e63-9ce5-bcce27d30a28",
  "playerId": "5a9ab908-7032-4611-83a1-a91e71042308",
  "gamePhase": "preflop",
  "isGameOver": false
}
2025-02-27 15:33:42 [[32MHTTP[39M]: GET /api/game/state/5a9ab908-7032-4611-83a1-a91e71042308 200 1.806 ms {
  "service": "poker-game-api"
}
2025-02-27 15:33:44 [[34MDEBUG[39M]: Request Details {
  "service": "poker-game-api",
  "method": "GET",
  "url": "/api/game/state/5a9ab908-7032-4611-83a1-a91e71042308",
  "params": {},
  "query": {}
}
2025-02-27 15:33:44 [[34MDEBUG[39M]: Game state retrieved {
  "service": "poker-game-api",
  "gameId": "5e3bb546-d86e-4e63-9ce5-bcce27d30a28",
  "playerId": "5a9ab908-7032-4611-83a1-a91e71042308",
  "gamePhase": "preflop",
  "isGameOver": false
}
2025-02-27 15:33:44 [[32MHTTP[39M]: GET /api/game/state/5a9ab908-7032-4611-83a1-a91e71042308 200 1.321 ms {
  "service": "poker-game-api"
}
2025-02-27 15:33:46 [[34MDEBUG[39M]: Request Details {
  "service": "poker-game-api",
  "method": "GET",
  "url": "/api/game/state/5a9ab908-7032-4611-83a1-a91e71042308",
  "params": {},
  "query": {}
}
2025-02-27 15:33:46 [[34MDEBUG[39M]: Game state retrieved {
  "service": "poker-game-api",
  "gameId": "5e3bb546-d86e-4e63-9ce5-bcce27d30a28",
  "playerId": "5a9ab908-7032-4611-83a1-a91e71042308",
  "gamePhase": "preflop",
  "isGameOver": false
}
2025-02-27 15:33:46 [[32MHTTP[39M]: GET /api/game/state/5a9ab908-7032-4611-83a1-a91e71042308 200 1.385 ms {
  "service": "poker-game-api"
}
2025-02-27 15:33:48 [[34MDEBUG[39M]: Request Details {
  "service": "poker-game-api",
  "method": "GET",
  "url": "/api/game/state/5a9ab908-7032-4611-83a1-a91e71042308",
  "params": {},
  "query": {}
}
2025-02-27 15:33:48 [[34MDEBUG[39M]: Game state retrieved {
  "service": "poker-game-api",
  "gameId": "5e3bb546-d86e-4e63-9ce5-bcce27d30a28",
  "playerId": "5a9ab908-7032-4611-83a1-a91e71042308",
  "gamePhase": "preflop",
  "isGameOver": false
}
2025-02-27 15:33:48 [[32MHTTP[39M]: GET /api/game/state/5a9ab908-7032-4611-83a1-a91e71042308 200 1.207 ms {
  "service": "poker-game-api"
}
2025-02-27 15:33:50 [[34MDEBUG[39M]: Request Details {
  "service": "poker-game-api",
  "method": "GET",
  "url": "/api/game/state/5a9ab908-7032-4611-83a1-a91e71042308",
  "params": {},
  "query": {}
}
2025-02-27 15:33:50 [[34MDEBUG[39M]: Game state retrieved {
  "service": "poker-game-api",
  "gameId": "5e3bb546-d86e-4e63-9ce5-bcce27d30a28",
  "playerId": "5a9ab908-7032-4611-83a1-a91e71042308",
  "gamePhase": "preflop",
  "isGameOver": false
}
2025-02-27 15:33:50 [[32MHTTP[39M]: GET /api/game/state/5a9ab908-7032-4611-83a1-a91e71042308 200 1.522 ms {
  "service": "poker-game-api"
}
2025-02-27 15:33:52 [[34MDEBUG[39M]: Request Details {
  "service": "poker-game-api",
  "method": "GET",
  "url": "/api/game/state/5a9ab908-7032-4611-83a1-a91e71042308",
  "params": {},
  "query": {}
}
2025-02-27 15:33:52 [[34MDEBUG[39M]: Game state retrieved {
  "service": "poker-game-api",
  "gameId": "5e3bb546-d86e-4e63-9ce5-bcce27d30a28",
  "playerId": "5a9ab908-7032-4611-83a1-a91e71042308",
  "gamePhase": "preflop",
  "isGameOver": false
}
2025-02-27 15:33:52 [[32MHTTP[39M]: GET /api/game/state/5a9ab908-7032-4611-83a1-a91e71042308 200 8.676 ms {
  "service": "poker-game-api"
}
2025-02-27 15:33:54 [[34MDEBUG[39M]: Request Details {
  "service": "poker-game-api",
  "method": "GET",
  "url": "/api/game/state/5a9ab908-7032-4611-83a1-a91e71042308",
  "params": {},
  "query": {}
}
2025-02-27 15:33:54 [[34MDEBUG[39M]: Game state retrieved {
  "service": "poker-game-api",
  "gameId": "5e3bb546-d86e-4e63-9ce5-bcce27d30a28",
  "playerId": "5a9ab908-7032-4611-83a1-a91e71042308",
  "gamePhase": "preflop",
  "isGameOver": false
}
2025-02-27 15:33:54 [[32MHTTP[39M]: GET /api/game/state/5a9ab908-7032-4611-83a1-a91e71042308 200 1.337 ms {
  "service": "poker-game-api"
}
2025-02-27 15:33:56 [[34MDEBUG[39M]: Request Details {
  "service": "poker-game-api",
  "method": "GET",
  "url": "/api/game/state/5a9ab908-7032-4611-83a1-a91e71042308",
  "params": {},
  "query": {}
}
2025-02-27 15:33:56 [[34MDEBUG[39M]: Game state retrieved {
  "service": "poker-game-api",
  "gameId": "5e3bb546-d86e-4e63-9ce5-bcce27d30a28",
  "playerId": "5a9ab908-7032-4611-83a1-a91e71042308",
  "gamePhase": "preflop",
  "isGameOver": false
}
2025-02-27 15:33:56 [[32MHTTP[39M]: GET /api/game/state/5a9ab908-7032-4611-83a1-a91e71042308 200 1.536 ms {
  "service": "poker-game-api"
}
2025-02-27 15:33:58 [[34MDEBUG[39M]: Request Details {
  "service": "poker-game-api",
  "method": "GET",
  "url": "/api/game/state/5a9ab908-7032-4611-83a1-a91e71042308",
  "params": {},
  "query": {}
}
2025-02-27 15:33:58 [[34MDEBUG[39M]: Game state retrieved {
  "service": "poker-game-api",
  "gameId": "5e3bb546-d86e-4e63-9ce5-bcce27d30a28",
  "playerId": "5a9ab908-7032-4611-83a1-a91e71042308",
  "gamePhase": "preflop",
  "isGameOver": false
}
2025-02-27 15:33:58 [[32MHTTP[39M]: GET /api/game/state/5a9ab908-7032-4611-83a1-a91e71042308 200 1.460 ms {
  "service": "poker-game-api"
}
2025-02-27 15:34:00 [[34MDEBUG[39M]: Request Details {
  "service": "poker-game-api",
  "method": "GET",
  "url": "/api/game/state/5a9ab908-7032-4611-83a1-a91e71042308",
  "params": {},
  "query": {}
}
2025-02-27 15:34:00 [[34MDEBUG[39M]: Game state retrieved {
  "service": "poker-game-api",
  "gameId": "5e3bb546-d86e-4e63-9ce5-bcce27d30a28",
  "playerId": "5a9ab908-7032-4611-83a1-a91e71042308",
  "gamePhase": "preflop",
  "isGameOver": false
}
2025-02-27 15:34:00 [[32MHTTP[39M]: GET /api/game/state/5a9ab908-7032-4611-83a1-a91e71042308 200 1.563 ms {
  "service": "poker-game-api"
}
2025-02-27 15:34:02 [[34MDEBUG[39M]: Request Details {
  "service": "poker-game-api",
  "method": "GET",
  "url": "/api/game/state/5a9ab908-7032-4611-83a1-a91e71042308",
  "params": {},
  "query": {}
}
2025-02-27 15:34:02 [[34MDEBUG[39M]: Game state retrieved {
  "service": "poker-game-api",
  "gameId": "5e3bb546-d86e-4e63-9ce5-bcce27d30a28",
  "playerId": "5a9ab908-7032-4611-83a1-a91e71042308",
  "gamePhase": "preflop",
  "isGameOver": false
}
2025-02-27 15:34:02 [[32MHTTP[39M]: GET /api/game/state/5a9ab908-7032-4611-83a1-a91e71042308 200 1.683 ms {
  "service": "poker-game-api"
}
2025-02-27 15:34:04 [[34MDEBUG[39M]: Request Details {
  "service": "poker-game-api",
  "method": "GET",
  "url": "/api/game/state/5a9ab908-7032-4611-83a1-a91e71042308",
  "params": {},
  "query": {}
}
2025-02-27 15:34:04 [[34MDEBUG[39M]: Game state retrieved {
  "service": "poker-game-api",
  "gameId": "5e3bb546-d86e-4e63-9ce5-bcce27d30a28",
  "playerId": "5a9ab908-7032-4611-83a1-a91e71042308",
  "gamePhase": "preflop",
  "isGameOver": false
}
2025-02-27 15:34:04 [[32MHTTP[39M]: GET /api/game/state/5a9ab908-7032-4611-83a1-a91e71042308 200 1.128 ms {
  "service": "poker-game-api"
}
2025-02-27 15:34:06 [[34MDEBUG[39M]: Request Details {
  "service": "poker-game-api",
  "method": "GET",
  "url": "/api/game/state/5a9ab908-7032-4611-83a1-a91e71042308",
  "params": {},
  "query": {}
}
2025-02-27 15:34:06 [[34MDEBUG[39M]: Game state retrieved {
  "service": "poker-game-api",
  "gameId": "5e3bb546-d86e-4e63-9ce5-bcce27d30a28",
  "playerId": "5a9ab908-7032-4611-83a1-a91e71042308",
  "gamePhase": "preflop",
  "isGameOver": false
}
2025-02-27 15:34:06 [[32MHTTP[39M]: GET /api/game/state/5a9ab908-7032-4611-83a1-a91e71042308 200 1.558 ms {
  "service": "poker-game-api"
}
2025-02-27 15:34:08 [[34MDEBUG[39M]: Request Details {
  "service": "poker-game-api",
  "method": "GET",
  "url": "/api/game/state/5a9ab908-7032-4611-83a1-a91e71042308",
  "params": {},
  "query": {}
}
2025-02-27 15:34:08 [[34MDEBUG[39M]: Game state retrieved {
  "service": "poker-game-api",
  "gameId": "5e3bb546-d86e-4e63-9ce5-bcce27d30a28",
  "playerId": "5a9ab908-7032-4611-83a1-a91e71042308",
  "gamePhase": "preflop",
  "isGameOver": false
}
2025-02-27 15:34:08 [[32MHTTP[39M]: GET /api/game/state/5a9ab908-7032-4611-83a1-a91e71042308 200 1.654 ms {
  "service": "poker-game-api"
}
2025-02-27 15:34:10 [[34MDEBUG[39M]: Request Details {
  "service": "poker-game-api",
  "method": "GET",
  "url": "/api/game/state/5a9ab908-7032-4611-83a1-a91e71042308",
  "params": {},
  "query": {}
}
2025-02-27 15:34:10 [[34MDEBUG[39M]: Game state retrieved {
  "service": "poker-game-api",
  "gameId": "5e3bb546-d86e-4e63-9ce5-bcce27d30a28",
  "playerId": "5a9ab908-7032-4611-83a1-a91e71042308",
  "gamePhase": "preflop",
  "isGameOver": false
}
2025-02-27 15:34:10 [[32MHTTP[39M]: GET /api/game/state/5a9ab908-7032-4611-83a1-a91e71042308 200 1.737 ms {
  "service": "poker-game-api"
}
2025-02-27 15:34:12 [[34MDEBUG[39M]: Request Details {
  "service": "poker-game-api",
  "method": "GET",
  "url": "/api/game/state/5a9ab908-7032-4611-83a1-a91e71042308",
  "params": {},
  "query": {}
}
2025-02-27 15:34:12 [[34MDEBUG[39M]: Game state retrieved {
  "service": "poker-game-api",
  "gameId": "5e3bb546-d86e-4e63-9ce5-bcce27d30a28",
  "playerId": "5a9ab908-7032-4611-83a1-a91e71042308",
  "gamePhase": "preflop",
  "isGameOver": false
}
2025-02-27 15:34:12 [[32MHTTP[39M]: GET /api/game/state/5a9ab908-7032-4611-83a1-a91e71042308 200 1.690 ms {
  "service": "poker-game-api"
}
2025-02-27 15:34:13 [[34MDEBUG[39M]: Request Details {
  "service": "poker-game-api",
  "method": "GET",
  "url": "/api/game/games",
  "params": {},
  "query": {}
}
2025-02-27 15:34:13 [[32MHTTP[39M]: GET /api/game/games 200 1.516 ms {
  "service": "poker-game-api"
}
2025-02-27 15:34:14 [[34MDEBUG[39M]: Request Details {
  "service": "poker-game-api",
  "method": "GET",
  "url": "/api/game/state/5a9ab908-7032-4611-83a1-a91e71042308",
  "params": {},
  "query": {}
}
2025-02-27 15:34:14 [[34MDEBUG[39M]: Game state retrieved {
  "service": "poker-game-api",
  "gameId": "5e3bb546-d86e-4e63-9ce5-bcce27d30a28",
  "playerId": "5a9ab908-7032-4611-83a1-a91e71042308",
  "gamePhase": "preflop",
  "isGameOver": false
}
2025-02-27 15:34:14 [[32MHTTP[39M]: GET /api/game/state/5a9ab908-7032-4611-83a1-a91e71042308 200 1.156 ms {
  "service": "poker-game-api"
}
2025-02-27 15:34:16 [[34MDEBUG[39M]: Request Details {
  "service": "poker-game-api",
  "method": "GET",
  "url": "/api/game/state/5a9ab908-7032-4611-83a1-a91e71042308",
  "params": {},
  "query": {}
}
2025-02-27 15:34:16 [[34MDEBUG[39M]: Game state retrieved {
  "service": "poker-game-api",
  "gameId": "5e3bb546-d86e-4e63-9ce5-bcce27d30a28",
  "playerId": "5a9ab908-7032-4611-83a1-a91e71042308",
  "gamePhase": "preflop",
  "isGameOver": false
}
2025-02-27 15:34:16 [[32MHTTP[39M]: GET /api/game/state/5a9ab908-7032-4611-83a1-a91e71042308 200 1.599 ms {
  "service": "poker-game-api"
}
2025-02-27 15:34:18 [[34MDEBUG[39M]: Request Details {
  "service": "poker-game-api",
  "method": "GET",
  "url": "/api/game/state/5a9ab908-7032-4611-83a1-a91e71042308",
  "params": {},
  "query": {}
}
2025-02-27 15:34:18 [[34MDEBUG[39M]: Game state retrieved {
  "service": "poker-game-api",
  "gameId": "5e3bb546-d86e-4e63-9ce5-bcce27d30a28",
  "playerId": "5a9ab908-7032-4611-83a1-a91e71042308",
  "gamePhase": "preflop",
  "isGameOver": false
}
2025-02-27 15:34:18 [[32MHTTP[39M]: GET /api/game/state/5a9ab908-7032-4611-83a1-a91e71042308 200 1.366 ms {
  "service": "poker-game-api"
}
2025-02-27 15:34:20 [[34MDEBUG[39M]: Request Details {
  "service": "poker-game-api",
  "method": "GET",
  "url": "/api/game/state/5a9ab908-7032-4611-83a1-a91e71042308",
  "params": {},
  "query": {}
}
2025-02-27 15:34:20 [[34MDEBUG[39M]: Game state retrieved {
  "service": "poker-game-api",
  "gameId": "5e3bb546-d86e-4e63-9ce5-bcce27d30a28",
  "playerId": "5a9ab908-7032-4611-83a1-a91e71042308",
  "gamePhase": "preflop",
  "isGameOver": false
}
2025-02-27 15:34:20 [[32MHTTP[39M]: GET /api/game/state/5a9ab908-7032-4611-83a1-a91e71042308 200 1.544 ms {
  "service": "poker-game-api"
}
2025-02-27 15:34:22 [[34MDEBUG[39M]: Request Details {
  "service": "poker-game-api",
  "method": "GET",
  "url": "/api/game/state/5a9ab908-7032-4611-83a1-a91e71042308",
  "params": {},
  "query": {}
}
2025-02-27 15:34:22 [[34MDEBUG[39M]: Game state retrieved {
  "service": "poker-game-api",
  "gameId": "5e3bb546-d86e-4e63-9ce5-bcce27d30a28",
  "playerId": "5a9ab908-7032-4611-83a1-a91e71042308",
  "gamePhase": "preflop",
  "isGameOver": false
}
2025-02-27 15:34:22 [[32MHTTP[39M]: GET /api/game/state/5a9ab908-7032-4611-83a1-a91e71042308 200 1.389 ms {
  "service": "poker-game-api"
}
2025-02-27 15:34:24 [[34MDEBUG[39M]: Request Details {
  "service": "poker-game-api",
  "method": "GET",
  "url": "/api/game/state/5a9ab908-7032-4611-83a1-a91e71042308",
  "params": {},
  "query": {}
}
2025-02-27 15:34:24 [[34MDEBUG[39M]: Game state retrieved {
  "service": "poker-game-api",
  "gameId": "5e3bb546-d86e-4e63-9ce5-bcce27d30a28",
  "playerId": "5a9ab908-7032-4611-83a1-a91e71042308",
  "gamePhase": "preflop",
  "isGameOver": false
}
2025-02-27 15:34:24 [[32MHTTP[39M]: GET /api/game/state/5a9ab908-7032-4611-83a1-a91e71042308 200 1.394 ms {
  "service": "poker-game-api"
}
2025-02-27 15:34:26 [[34MDEBUG[39M]: Request Details {
  "service": "poker-game-api",
  "method": "GET",
  "url": "/api/game/state/5a9ab908-7032-4611-83a1-a91e71042308",
  "params": {},
  "query": {}
}
2025-02-27 15:34:26 [[34MDEBUG[39M]: Game state retrieved {
  "service": "poker-game-api",
  "gameId": "5e3bb546-d86e-4e63-9ce5-bcce27d30a28",
  "playerId": "5a9ab908-7032-4611-83a1-a91e71042308",
  "gamePhase": "preflop",
  "isGameOver": false
}
2025-02-27 15:34:26 [[32MHTTP[39M]: GET /api/game/state/5a9ab908-7032-4611-83a1-a91e71042308 200 1.835 ms {
  "service": "poker-game-api"
}
2025-02-27 15:34:28 [[34MDEBUG[39M]: Request Details {
  "service": "poker-game-api",
  "method": "GET",
  "url": "/api/game/state/5a9ab908-7032-4611-83a1-a91e71042308",
  "params": {},
  "query": {}
}
2025-02-27 15:34:28 [[34MDEBUG[39M]: Game state retrieved {
  "service": "poker-game-api",
  "gameId": "5e3bb546-d86e-4e63-9ce5-bcce27d30a28",
  "playerId": "5a9ab908-7032-4611-83a1-a91e71042308",
  "gamePhase": "preflop",
  "isGameOver": false
}
2025-02-27 15:34:28 [[32MHTTP[39M]: GET /api/game/state/5a9ab908-7032-4611-83a1-a91e71042308 200 1.364 ms {
  "service": "poker-game-api"
}
2025-02-27 15:34:30 [[34MDEBUG[39M]: Request Details {
  "service": "poker-game-api",
  "method": "GET",
  "url": "/api/game/state/5a9ab908-7032-4611-83a1-a91e71042308",
  "params": {},
  "query": {}
}
2025-02-27 15:34:30 [[34MDEBUG[39M]: Game state retrieved {
  "service": "poker-game-api",
  "gameId": "5e3bb546-d86e-4e63-9ce5-bcce27d30a28",
  "playerId": "5a9ab908-7032-4611-83a1-a91e71042308",
  "gamePhase": "preflop",
  "isGameOver": false
}
2025-02-27 15:34:30 [[32MHTTP[39M]: GET /api/game/state/5a9ab908-7032-4611-83a1-a91e71042308 200 1.361 ms {
  "service": "poker-game-api"
}
2025-02-27 15:34:32 [[34MDEBUG[39M]: Request Details {
  "service": "poker-game-api",
  "method": "GET",
  "url": "/api/game/state/5a9ab908-7032-4611-83a1-a91e71042308",
  "params": {},
  "query": {}
}
2025-02-27 15:34:32 [[34MDEBUG[39M]: Game state retrieved {
  "service": "poker-game-api",
  "gameId": "5e3bb546-d86e-4e63-9ce5-bcce27d30a28",
  "playerId": "5a9ab908-7032-4611-83a1-a91e71042308",
  "gamePhase": "preflop",
  "isGameOver": false
}
2025-02-27 15:34:32 [[32MHTTP[39M]: GET /api/game/state/5a9ab908-7032-4611-83a1-a91e71042308 200 1.397 ms {
  "service": "poker-game-api"
}
2025-02-27 15:34:34 [[34MDEBUG[39M]: Request Details {
  "service": "poker-game-api",
  "method": "GET",
  "url": "/api/game/state/5a9ab908-7032-4611-83a1-a91e71042308",
  "params": {},
  "query": {}
}
2025-02-27 15:34:34 [[34MDEBUG[39M]: Game state retrieved {
  "service": "poker-game-api",
  "gameId": "5e3bb546-d86e-4e63-9ce5-bcce27d30a28",
  "playerId": "5a9ab908-7032-4611-83a1-a91e71042308",
  "gamePhase": "preflop",
  "isGameOver": false
}
2025-02-27 15:34:34 [[32MHTTP[39M]: GET /api/game/state/5a9ab908-7032-4611-83a1-a91e71042308 200 1.174 ms {
  "service": "poker-game-api"
}
2025-02-27 15:34:36 [[34MDEBUG[39M]: Request Details {
  "service": "poker-game-api",
  "method": "GET",
  "url": "/api/game/state/5a9ab908-7032-4611-83a1-a91e71042308",
  "params": {},
  "query": {}
}
2025-02-27 15:34:36 [[34MDEBUG[39M]: Game state retrieved {
  "service": "poker-game-api",
  "gameId": "5e3bb546-d86e-4e63-9ce5-bcce27d30a28",
  "playerId": "5a9ab908-7032-4611-83a1-a91e71042308",
  "gamePhase": "preflop",
  "isGameOver": false
}
2025-02-27 15:34:36 [[32MHTTP[39M]: GET /api/game/state/5a9ab908-7032-4611-83a1-a91e71042308 200 1.311 ms {
  "service": "poker-game-api"
}
2025-02-27 15:34:38 [[34MDEBUG[39M]: Request Details {
  "service": "poker-game-api",
  "method": "GET",
  "url": "/api/game/state/5a9ab908-7032-4611-83a1-a91e71042308",
  "params": {},
  "query": {}
}
2025-02-27 15:34:38 [[34MDEBUG[39M]: Game state retrieved {
  "service": "poker-game-api",
  "gameId": "5e3bb546-d86e-4e63-9ce5-bcce27d30a28",
  "playerId": "5a9ab908-7032-4611-83a1-a91e71042308",
  "gamePhase": "preflop",
  "isGameOver": false
}
2025-02-27 15:34:38 [[32MHTTP[39M]: GET /api/game/state/5a9ab908-7032-4611-83a1-a91e71042308 200 1.423 ms {
  "service": "poker-game-api"
}
2025-02-27 15:34:40 [[34MDEBUG[39M]: Request Details {
  "service": "poker-game-api",
  "method": "GET",
  "url": "/api/game/state/5a9ab908-7032-4611-83a1-a91e71042308",
  "params": {},
  "query": {}
}
2025-02-27 15:34:40 [[34MDEBUG[39M]: Game state retrieved {
  "service": "poker-game-api",
  "gameId": "5e3bb546-d86e-4e63-9ce5-bcce27d30a28",
  "playerId": "5a9ab908-7032-4611-83a1-a91e71042308",
  "gamePhase": "preflop",
  "isGameOver": false
}
2025-02-27 15:34:40 [[32MHTTP[39M]: GET /api/game/state/5a9ab908-7032-4611-83a1-a91e71042308 200 1.554 ms {
  "service": "poker-game-api"
}
2025-02-27 15:34:42 [[34MDEBUG[39M]: Request Details {
  "service": "poker-game-api",
  "method": "GET",
  "url": "/api/game/state/5a9ab908-7032-4611-83a1-a91e71042308",
  "params": {},
  "query": {}
}
2025-02-27 15:34:42 [[34MDEBUG[39M]: Game state retrieved {
  "service": "poker-game-api",
  "gameId": "5e3bb546-d86e-4e63-9ce5-bcce27d30a28",
  "playerId": "5a9ab908-7032-4611-83a1-a91e71042308",
  "gamePhase": "preflop",
  "isGameOver": false
}
2025-02-27 15:34:42 [[32MHTTP[39M]: GET /api/game/state/5a9ab908-7032-4611-83a1-a91e71042308 200 1.586 ms {
  "service": "poker-game-api"
}
2025-02-27 15:34:44 [[34MDEBUG[39M]: Request Details {
  "service": "poker-game-api",
  "method": "GET",
  "url": "/api/game/state/5a9ab908-7032-4611-83a1-a91e71042308",
  "params": {},
  "query": {}
}
2025-02-27 15:34:44 [[34MDEBUG[39M]: Game state retrieved {
  "service": "poker-game-api",
  "gameId": "5e3bb546-d86e-4e63-9ce5-bcce27d30a28",
  "playerId": "5a9ab908-7032-4611-83a1-a91e71042308",
  "gamePhase": "preflop",
  "isGameOver": false
}
2025-02-27 15:34:44 [[32MHTTP[39M]: GET /api/game/state/5a9ab908-7032-4611-83a1-a91e71042308 200 1.240 ms {
  "service": "poker-game-api"
}
2025-02-27 15:34:46 [[34MDEBUG[39M]: Request Details {
  "service": "poker-game-api",
  "method": "GET",
  "url": "/api/game/state/5a9ab908-7032-4611-83a1-a91e71042308",
  "params": {},
  "query": {}
}
2025-02-27 15:34:46 [[34MDEBUG[39M]: Game state retrieved {
  "service": "poker-game-api",
  "gameId": "5e3bb546-d86e-4e63-9ce5-bcce27d30a28",
  "playerId": "5a9ab908-7032-4611-83a1-a91e71042308",
  "gamePhase": "preflop",
  "isGameOver": false
}
2025-02-27 15:34:46 [[32MHTTP[39M]: GET /api/game/state/5a9ab908-7032-4611-83a1-a91e71042308 200 1.552 ms {
  "service": "poker-game-api"
}
2025-02-27 15:34:48 [[34MDEBUG[39M]: Request Details {
  "service": "poker-game-api",
  "method": "GET",
  "url": "/api/game/state/5a9ab908-7032-4611-83a1-a91e71042308",
  "params": {},
  "query": {}
}
2025-02-27 15:34:48 [[34MDEBUG[39M]: Game state retrieved {
  "service": "poker-game-api",
  "gameId": "5e3bb546-d86e-4e63-9ce5-bcce27d30a28",
  "playerId": "5a9ab908-7032-4611-83a1-a91e71042308",
  "gamePhase": "preflop",
  "isGameOver": false
}
2025-02-27 15:34:48 [[32MHTTP[39M]: GET /api/game/state/5a9ab908-7032-4611-83a1-a91e71042308 200 1.461 ms {
  "service": "poker-game-api"
}
2025-02-27 15:34:50 [[34MDEBUG[39M]: Request Details {
  "service": "poker-game-api",
  "method": "GET",
  "url": "/api/game/state/5a9ab908-7032-4611-83a1-a91e71042308",
  "params": {},
  "query": {}
}
2025-02-27 15:34:50 [[34MDEBUG[39M]: Game state retrieved {
  "service": "poker-game-api",
  "gameId": "5e3bb546-d86e-4e63-9ce5-bcce27d30a28",
  "playerId": "5a9ab908-7032-4611-83a1-a91e71042308",
  "gamePhase": "preflop",
  "isGameOver": false
}
2025-02-27 15:34:50 [[32MHTTP[39M]: GET /api/game/state/5a9ab908-7032-4611-83a1-a91e71042308 200 1.830 ms {
  "service": "poker-game-api"
}
2025-02-27 15:34:52 [[34MDEBUG[39M]: Request Details {
  "service": "poker-game-api",
  "method": "GET",
  "url": "/api/game/state/5a9ab908-7032-4611-83a1-a91e71042308",
  "params": {},
  "query": {}
}
2025-02-27 15:34:52 [[34MDEBUG[39M]: Game state retrieved {
  "service": "poker-game-api",
  "gameId": "5e3bb546-d86e-4e63-9ce5-bcce27d30a28",
  "playerId": "5a9ab908-7032-4611-83a1-a91e71042308",
  "gamePhase": "preflop",
  "isGameOver": false
}
2025-02-27 15:34:52 [[32MHTTP[39M]: GET /api/game/state/5a9ab908-7032-4611-83a1-a91e71042308 200 1.418 ms {
  "service": "poker-game-api"
}
2025-02-27 15:34:54 [[34MDEBUG[39M]: Request Details {
  "service": "poker-game-api",
  "method": "GET",
  "url": "/api/game/state/5a9ab908-7032-4611-83a1-a91e71042308",
  "params": {},
  "query": {}
}
2025-02-27 15:34:54 [[34MDEBUG[39M]: Game state retrieved {
  "service": "poker-game-api",
  "gameId": "5e3bb546-d86e-4e63-9ce5-bcce27d30a28",
  "playerId": "5a9ab908-7032-4611-83a1-a91e71042308",
  "gamePhase": "preflop",
  "isGameOver": false
}
2025-02-27 15:34:54 [[32MHTTP[39M]: GET /api/game/state/5a9ab908-7032-4611-83a1-a91e71042308 200 1.158 ms {
  "service": "poker-game-api"
}
2025-02-27 15:34:56 [[34MDEBUG[39M]: Request Details {
  "service": "poker-game-api",
  "method": "GET",
  "url": "/api/game/state/5a9ab908-7032-4611-83a1-a91e71042308",
  "params": {},
  "query": {}
}
2025-02-27 15:34:56 [[34MDEBUG[39M]: Game state retrieved {
  "service": "poker-game-api",
  "gameId": "5e3bb546-d86e-4e63-9ce5-bcce27d30a28",
  "playerId": "5a9ab908-7032-4611-83a1-a91e71042308",
  "gamePhase": "preflop",
  "isGameOver": false
}
2025-02-27 15:34:56 [[32MHTTP[39M]: GET /api/game/state/5a9ab908-7032-4611-83a1-a91e71042308 200 1.419 ms {
  "service": "poker-game-api"
}
2025-02-27 15:34:58 [[34MDEBUG[39M]: Request Details {
  "service": "poker-game-api",
  "method": "GET",
  "url": "/api/game/state/5a9ab908-7032-4611-83a1-a91e71042308",
  "params": {},
  "query": {}
}
2025-02-27 15:34:58 [[34MDEBUG[39M]: Game state retrieved {
  "service": "poker-game-api",
  "gameId": "5e3bb546-d86e-4e63-9ce5-bcce27d30a28",
  "playerId": "5a9ab908-7032-4611-83a1-a91e71042308",
  "gamePhase": "preflop",
  "isGameOver": false
}
2025-02-27 15:34:58 [[32MHTTP[39M]: GET /api/game/state/5a9ab908-7032-4611-83a1-a91e71042308 200 1.452 ms {
  "service": "poker-game-api"
}
2025-02-27 15:35:00 [[34MDEBUG[39M]: Request Details {
  "service": "poker-game-api",
  "method": "GET",
  "url": "/api/game/state/5a9ab908-7032-4611-83a1-a91e71042308",
  "params": {},
  "query": {}
}
2025-02-27 15:35:00 [[34MDEBUG[39M]: Game state retrieved {
  "service": "poker-game-api",
  "gameId": "5e3bb546-d86e-4e63-9ce5-bcce27d30a28",
  "playerId": "5a9ab908-7032-4611-83a1-a91e71042308",
  "gamePhase": "preflop",
  "isGameOver": false
}
2025-02-27 15:35:00 [[32MHTTP[39M]: GET /api/game/state/5a9ab908-7032-4611-83a1-a91e71042308 200 1.389 ms {
  "service": "poker-game-api"
}
2025-02-27 15:35:02 [[34MDEBUG[39M]: Request Details {
  "service": "poker-game-api",
  "method": "GET",
  "url": "/api/game/state/5a9ab908-7032-4611-83a1-a91e71042308",
  "params": {},
  "query": {}
}
2025-02-27 15:35:02 [[34MDEBUG[39M]: Game state retrieved {
  "service": "poker-game-api",
  "gameId": "5e3bb546-d86e-4e63-9ce5-bcce27d30a28",
  "playerId": "5a9ab908-7032-4611-83a1-a91e71042308",
  "gamePhase": "preflop",
  "isGameOver": false
}
2025-02-27 15:35:02 [[32MHTTP[39M]: GET /api/game/state/5a9ab908-7032-4611-83a1-a91e71042308 200 1.530 ms {
  "service": "poker-game-api"
}
2025-02-27 15:35:04 [[34MDEBUG[39M]: Request Details {
  "service": "poker-game-api",
  "method": "GET",
  "url": "/api/game/state/5a9ab908-7032-4611-83a1-a91e71042308",
  "params": {},
  "query": {}
}
2025-02-27 15:35:04 [[34MDEBUG[39M]: Game state retrieved {
  "service": "poker-game-api",
  "gameId": "5e3bb546-d86e-4e63-9ce5-bcce27d30a28",
  "playerId": "5a9ab908-7032-4611-83a1-a91e71042308",
  "gamePhase": "preflop",
  "isGameOver": false
}
2025-02-27 15:35:04 [[32MHTTP[39M]: GET /api/game/state/5a9ab908-7032-4611-83a1-a91e71042308 200 1.280 ms {
  "service": "poker-game-api"
}
2025-02-27 15:35:06 [[34MDEBUG[39M]: Request Details {
  "service": "poker-game-api",
  "method": "GET",
  "url": "/api/game/state/5a9ab908-7032-4611-83a1-a91e71042308",
  "params": {},
  "query": {}
}
2025-02-27 15:35:06 [[34MDEBUG[39M]: Game state retrieved {
  "service": "poker-game-api",
  "gameId": "5e3bb546-d86e-4e63-9ce5-bcce27d30a28",
  "playerId": "5a9ab908-7032-4611-83a1-a91e71042308",
  "gamePhase": "preflop",
  "isGameOver": false
}
2025-02-27 15:35:06 [[32MHTTP[39M]: GET /api/game/state/5a9ab908-7032-4611-83a1-a91e71042308 200 1.496 ms {
  "service": "poker-game-api"
}
2025-02-27 15:35:08 [[34MDEBUG[39M]: Request Details {
  "service": "poker-game-api",
  "method": "GET",
  "url": "/api/game/state/5a9ab908-7032-4611-83a1-a91e71042308",
  "params": {},
  "query": {}
}
2025-02-27 15:35:08 [[34MDEBUG[39M]: Game state retrieved {
  "service": "poker-game-api",
  "gameId": "5e3bb546-d86e-4e63-9ce5-bcce27d30a28",
  "playerId": "5a9ab908-7032-4611-83a1-a91e71042308",
  "gamePhase": "preflop",
  "isGameOver": false
}
2025-02-27 15:35:08 [[32MHTTP[39M]: GET /api/game/state/5a9ab908-7032-4611-83a1-a91e71042308 200 1.489 ms {
  "service": "poker-game-api"
}
2025-02-27 15:35:10 [[34MDEBUG[39M]: Request Details {
  "service": "poker-game-api",
  "method": "GET",
  "url": "/api/game/state/5a9ab908-7032-4611-83a1-a91e71042308",
  "params": {},
  "query": {}
}
2025-02-27 15:35:10 [[34MDEBUG[39M]: Game state retrieved {
  "service": "poker-game-api",
  "gameId": "5e3bb546-d86e-4e63-9ce5-bcce27d30a28",
  "playerId": "5a9ab908-7032-4611-83a1-a91e71042308",
  "gamePhase": "preflop",
  "isGameOver": false
}
2025-02-27 15:35:10 [[32MHTTP[39M]: GET /api/game/state/5a9ab908-7032-4611-83a1-a91e71042308 200 1.838 ms {
  "service": "poker-game-api"
}
2025-02-27 15:35:12 [[34MDEBUG[39M]: Request Details {
  "service": "poker-game-api",
  "method": "GET",
  "url": "/api/game/state/5a9ab908-7032-4611-83a1-a91e71042308",
  "params": {},
  "query": {}
}
2025-02-27 15:35:12 [[34MDEBUG[39M]: Game state retrieved {
  "service": "poker-game-api",
  "gameId": "5e3bb546-d86e-4e63-9ce5-bcce27d30a28",
  "playerId": "5a9ab908-7032-4611-83a1-a91e71042308",
  "gamePhase": "preflop",
  "isGameOver": false
}
2025-02-27 15:35:12 [[32MHTTP[39M]: GET /api/game/state/5a9ab908-7032-4611-83a1-a91e71042308 200 1.675 ms {
  "service": "poker-game-api"
}
2025-02-27 15:35:13 [[34MDEBUG[39M]: Request Details {
  "service": "poker-game-api",
  "method": "GET",
  "url": "/api/game/games",
  "params": {},
  "query": {}
}
2025-02-27 15:35:13 [[32MHTTP[39M]: GET /api/game/games 200 0.428 ms {
  "service": "poker-game-api"
}
2025-02-27 15:35:14 [[34MDEBUG[39M]: Request Details {
  "service": "poker-game-api",
  "method": "GET",
  "url": "/api/game/state/5a9ab908-7032-4611-83a1-a91e71042308",
  "params": {},
  "query": {}
}
2025-02-27 15:35:14 [[34MDEBUG[39M]: Game state retrieved {
  "service": "poker-game-api",
  "gameId": "5e3bb546-d86e-4e63-9ce5-bcce27d30a28",
  "playerId": "5a9ab908-7032-4611-83a1-a91e71042308",
  "gamePhase": "preflop",
  "isGameOver": false
}
2025-02-27 15:35:14 [[32MHTTP[39M]: GET /api/game/state/5a9ab908-7032-4611-83a1-a91e71042308 200 1.010 ms {
  "service": "poker-game-api"
}
2025-02-27 15:35:16 [[34MDEBUG[39M]: Request Details {
  "service": "poker-game-api",
  "method": "GET",
  "url": "/api/game/state/5a9ab908-7032-4611-83a1-a91e71042308",
  "params": {},
  "query": {}
}
2025-02-27 15:35:16 [[34MDEBUG[39M]: Game state retrieved {
  "service": "poker-game-api",
  "gameId": "5e3bb546-d86e-4e63-9ce5-bcce27d30a28",
  "playerId": "5a9ab908-7032-4611-83a1-a91e71042308",
  "gamePhase": "preflop",
  "isGameOver": false
}
2025-02-27 15:35:16 [[32MHTTP[39M]: GET /api/game/state/5a9ab908-7032-4611-83a1-a91e71042308 200 1.471 ms {
  "service": "poker-game-api"
}
2025-02-27 15:35:18 [[34MDEBUG[39M]: Request Details {
  "service": "poker-game-api",
  "method": "GET",
  "url": "/api/game/state/5a9ab908-7032-4611-83a1-a91e71042308",
  "params": {},
  "query": {}
}
2025-02-27 15:35:18 [[34MDEBUG[39M]: Game state retrieved {
  "service": "poker-game-api",
  "gameId": "5e3bb546-d86e-4e63-9ce5-bcce27d30a28",
  "playerId": "5a9ab908-7032-4611-83a1-a91e71042308",
  "gamePhase": "preflop",
  "isGameOver": false
}
2025-02-27 15:35:18 [[32MHTTP[39M]: GET /api/game/state/5a9ab908-7032-4611-83a1-a91e71042308 200 1.909 ms {
  "service": "poker-game-api"
}
2025-02-27 15:35:20 [[34MDEBUG[39M]: Request Details {
  "service": "poker-game-api",
  "method": "GET",
  "url": "/api/game/state/5a9ab908-7032-4611-83a1-a91e71042308",
  "params": {},
  "query": {}
}
2025-02-27 15:35:20 [[34MDEBUG[39M]: Game state retrieved {
  "service": "poker-game-api",
  "gameId": "5e3bb546-d86e-4e63-9ce5-bcce27d30a28",
  "playerId": "5a9ab908-7032-4611-83a1-a91e71042308",
  "gamePhase": "preflop",
  "isGameOver": false
}
2025-02-27 15:35:20 [[32MHTTP[39M]: GET /api/game/state/5a9ab908-7032-4611-83a1-a91e71042308 200 1.503 ms {
  "service": "poker-game-api"
}
2025-02-27 15:35:22 [[34MDEBUG[39M]: Request Details {
  "service": "poker-game-api",
  "method": "GET",
  "url": "/api/game/state/5a9ab908-7032-4611-83a1-a91e71042308",
  "params": {},
  "query": {}
}
2025-02-27 15:35:22 [[34MDEBUG[39M]: Game state retrieved {
  "service": "poker-game-api",
  "gameId": "5e3bb546-d86e-4e63-9ce5-bcce27d30a28",
  "playerId": "5a9ab908-7032-4611-83a1-a91e71042308",
  "gamePhase": "preflop",
  "isGameOver": false
}
2025-02-27 15:35:22 [[32MHTTP[39M]: GET /api/game/state/5a9ab908-7032-4611-83a1-a91e71042308 200 1.154 ms {
  "service": "poker-game-api"
}
2025-02-27 15:35:24 [[34MDEBUG[39M]: Request Details {
  "service": "poker-game-api",
  "method": "GET",
  "url": "/api/game/state/5a9ab908-7032-4611-83a1-a91e71042308",
  "params": {},
  "query": {}
}
2025-02-27 15:35:24 [[34MDEBUG[39M]: Game state retrieved {
  "service": "poker-game-api",
  "gameId": "5e3bb546-d86e-4e63-9ce5-bcce27d30a28",
  "playerId": "5a9ab908-7032-4611-83a1-a91e71042308",
  "gamePhase": "preflop",
  "isGameOver": false
}
2025-02-27 15:35:24 [[32MHTTP[39M]: GET /api/game/state/5a9ab908-7032-4611-83a1-a91e71042308 200 0.670 ms {
  "service": "poker-game-api"
}
2025-02-27 15:35:26 [[34MDEBUG[39M]: Request Details {
  "service": "poker-game-api",
  "method": "GET",
  "url": "/api/game/state/5a9ab908-7032-4611-83a1-a91e71042308",
  "params": {},
  "query": {}
}
2025-02-27 15:35:26 [[34MDEBUG[39M]: Game state retrieved {
  "service": "poker-game-api",
  "gameId": "5e3bb546-d86e-4e63-9ce5-bcce27d30a28",
  "playerId": "5a9ab908-7032-4611-83a1-a91e71042308",
  "gamePhase": "preflop",
  "isGameOver": false
}
2025-02-27 15:35:26 [[32MHTTP[39M]: GET /api/game/state/5a9ab908-7032-4611-83a1-a91e71042308 200 1.502 ms {
  "service": "poker-game-api"
}
2025-02-27 15:35:28 [[34MDEBUG[39M]: Request Details {
  "service": "poker-game-api",
  "method": "GET",
  "url": "/api/game/state/5a9ab908-7032-4611-83a1-a91e71042308",
  "params": {},
  "query": {}
}
2025-02-27 15:35:28 [[34MDEBUG[39M]: Game state retrieved {
  "service": "poker-game-api",
  "gameId": "5e3bb546-d86e-4e63-9ce5-bcce27d30a28",
  "playerId": "5a9ab908-7032-4611-83a1-a91e71042308",
  "gamePhase": "preflop",
  "isGameOver": false
}
2025-02-27 15:35:28 [[32MHTTP[39M]: GET /api/game/state/5a9ab908-7032-4611-83a1-a91e71042308 200 1.490 ms {
  "service": "poker-game-api"
}
2025-02-27 15:35:30 [[34MDEBUG[39M]: Request Details {
  "service": "poker-game-api",
  "method": "GET",
  "url": "/api/game/state/5a9ab908-7032-4611-83a1-a91e71042308",
  "params": {},
  "query": {}
}
2025-02-27 15:35:30 [[34MDEBUG[39M]: Game state retrieved {
  "service": "poker-game-api",
  "gameId": "5e3bb546-d86e-4e63-9ce5-bcce27d30a28",
  "playerId": "5a9ab908-7032-4611-83a1-a91e71042308",
  "gamePhase": "preflop",
  "isGameOver": false
}
2025-02-27 15:35:30 [[32MHTTP[39M]: GET /api/game/state/5a9ab908-7032-4611-83a1-a91e71042308 200 0.547 ms {
  "service": "poker-game-api"
}
2025-02-27 15:36:13 [[34MDEBUG[39M]: Request Details {
  "service": "poker-game-api",
  "method": "GET",
  "url": "/api/game/games",
  "params": {},
  "query": {}
}
2025-02-27 15:36:13 [[32MHTTP[39M]: GET /api/game/games 200 0.803 ms {
  "service": "poker-game-api"
}
2025-02-27 15:37:13 [[34MDEBUG[39M]: Request Details {
  "service": "poker-game-api",
  "method": "GET",
  "url": "/api/game/games",
  "params": {},
  "query": {}
}
2025-02-27 15:37:13 [[32MHTTP[39M]: GET /api/game/games 200 1.772 ms {
  "service": "poker-game-api"
}
2025-02-27 15:38:13 [[34MDEBUG[39M]: Request Details {
  "service": "poker-game-api",
  "method": "GET",
  "url": "/api/game/games",
  "params": {},
  "query": {}
}
2025-02-27 15:38:13 [[32MHTTP[39M]: GET /api/game/games 200 2.941 ms {
  "service": "poker-game-api"
}
2025-02-27 15:39:13 [[34MDEBUG[39M]: Request Details {
  "service": "poker-game-api",
  "method": "GET",
  "url": "/api/game/games",
  "params": {},
  "query": {}
}
2025-02-27 15:39:13 [[32MHTTP[39M]: GET /api/game/games 200 1.991 ms {
  "service": "poker-game-api"
}
2025-02-27 15:40:13 [[34MDEBUG[39M]: Request Details {
  "service": "poker-game-api",
  "method": "GET",
  "url": "/api/game/games",
  "params": {},
  "query": {}
}
2025-02-27 15:40:13 [[32MHTTP[39M]: GET /api/game/games 200 0.510 ms {
  "service": "poker-game-api"
}
2025-02-27 15:41:13 [[34MDEBUG[39M]: Request Details {
  "service": "poker-game-api",
  "method": "GET",
  "url": "/api/game/games",
  "params": {},
  "query": {}
}
2025-02-27 15:41:13 [[32MHTTP[39M]: GET /api/game/games 200 4.091 ms {
  "service": "poker-game-api"
}
2025-02-27 15:42:13 [[34MDEBUG[39M]: Request Details {
  "service": "poker-game-api",
  "method": "GET",
  "url": "/api/game/games",
  "params": {},
  "query": {}
}
2025-02-27 15:42:13 [[32MHTTP[39M]: GET /api/game/games 200 0.496 ms {
  "service": "poker-game-api"
}
2025-02-27 15:43:13 [[34MDEBUG[39M]: Request Details {
  "service": "poker-game-api",
  "method": "GET",
  "url": "/api/game/games",
  "params": {},
  "query": {}
}
2025-02-27 15:43:13 [[32MHTTP[39M]: GET /api/game/games 200 0.728 ms {
  "service": "poker-game-api"
}
2025-02-27 15:44:13 [[34MDEBUG[39M]: Request Details {
  "service": "poker-game-api",
  "method": "GET",
  "url": "/api/game/games",
  "params": {},
  "query": {}
}
2025-02-27 15:44:13 [[32MHTTP[39M]: GET /api/game/games 200 0.454 ms {
  "service": "poker-game-api"
}
2025-02-27 15:45:13 [[34MDEBUG[39M]: Request Details {
  "service": "poker-game-api",
  "method": "GET",
  "url": "/api/game/games",
  "params": {},
  "query": {}
}
2025-02-27 15:45:13 [[32MHTTP[39M]: GET /api/game/games 200 0.686 ms {
  "service": "poker-game-api"
}
2025-02-27 15:46:13 [[34MDEBUG[39M]: Request Details {
  "service": "poker-game-api",
  "method": "GET",
  "url": "/api/game/games",
  "params": {},
  "query": {}
}
2025-02-27 15:46:13 [[32MHTTP[39M]: GET /api/game/games 200 0.792 ms {
  "service": "poker-game-api"
}
2025-02-27 15:47:13 [[34MDEBUG[39M]: Request Details {
  "service": "poker-game-api",
  "method": "GET",
  "url": "/api/game/games",
  "params": {},
  "query": {}
}
2025-02-27 15:47:13 [[32MHTTP[39M]: GET /api/game/games 200 0.847 ms {
  "service": "poker-game-api"
}
2025-02-27 15:48:13 [[34MDEBUG[39M]: Request Details {
  "service": "poker-game-api",
  "method": "GET",
  "url": "/api/game/games",
  "params": {},
  "query": {}
}
2025-02-27 15:48:13 [[32MHTTP[39M]: GET /api/game/games 200 1.096 ms {
  "service": "poker-game-api"
}
2025-02-27 15:49:13 [[34MDEBUG[39M]: Request Details {
  "service": "poker-game-api",
  "method": "GET",
  "url": "/api/game/games",
  "params": {},
  "query": {}
}
2025-02-27 15:49:13 [[32MHTTP[39M]: GET /api/game/games 200 1.962 ms {
  "service": "poker-game-api"
}
2025-02-27 15:50:13 [[34MDEBUG[39M]: Request Details {
  "service": "poker-game-api",
  "method": "GET",
  "url": "/api/game/games",
  "params": {},
  "query": {}
}
2025-02-27 15:50:13 [[32MHTTP[39M]: GET /api/game/games 200 0.429 ms {
  "service": "poker-game-api"
}
2025-02-27 15:51:13 [[34MDEBUG[39M]: Request Details {
  "service": "poker-game-api",
  "method": "GET",
  "url": "/api/game/games",
  "params": {},
  "query": {}
}
2025-02-27 15:51:13 [[32MHTTP[39M]: GET /api/game/games 200 1.379 ms {
  "service": "poker-game-api"
}
2025-02-27 15:52:13 [[34MDEBUG[39M]: Request Details {
  "service": "poker-game-api",
  "method": "GET",
  "url": "/api/game/games",
  "params": {},
  "query": {}
}
2025-02-27 15:52:13 [[32MHTTP[39M]: GET /api/game/games 200 3.145 ms {
  "service": "poker-game-api"
}
2025-02-27 15:53:13 [[34MDEBUG[39M]: Request Details {
  "service": "poker-game-api",
  "method": "GET",
  "url": "/api/game/games",
  "params": {},
  "query": {}
}
2025-02-27 15:53:13 [[32MHTTP[39M]: GET /api/game/games 200 2.075 ms {
  "service": "poker-game-api"
}
2025-02-27 15:54:13 [[34MDEBUG[39M]: Request Details {
  "service": "poker-game-api",
  "method": "GET",
  "url": "/api/game/games",
  "params": {},
  "query": {}
}
2025-02-27 15:54:13 [[32MHTTP[39M]: GET /api/game/games 200 3.869 ms {
  "service": "poker-game-api"
}
2025-02-27 15:55:13 [[34MDEBUG[39M]: Request Details {
  "service": "poker-game-api",
  "method": "GET",
  "url": "/api/game/games",
  "params": {},
  "query": {}
}
2025-02-27 15:55:13 [[32MHTTP[39M]: GET /api/game/games 200 1.528 ms {
  "service": "poker-game-api"
}
2025-02-27 15:56:13 [[34MDEBUG[39M]: Request Details {
  "service": "poker-game-api",
  "method": "GET",
  "url": "/api/game/games",
  "params": {},
  "query": {}
}
2025-02-27 15:56:13 [[32MHTTP[39M]: GET /api/game/games 200 7.162 ms {
  "service": "poker-game-api"
}
2025-02-27 15:57:13 [[34MDEBUG[39M]: Request Details {
  "service": "poker-game-api",
  "method": "GET",
  "url": "/api/game/games",
  "params": {},
  "query": {}
}
2025-02-27 15:57:13 [[32MHTTP[39M]: GET /api/game/games 200 1.227 ms {
  "service": "poker-game-api"
}
2025-02-27 15:58:13 [[34MDEBUG[39M]: Request Details {
  "service": "poker-game-api",
  "method": "GET",
  "url": "/api/game/games",
  "params": {},
  "query": {}
}
2025-02-27 15:58:13 [[32MHTTP[39M]: GET /api/game/games 200 2.748 ms {
  "service": "poker-game-api"
}
2025-02-27 15:59:13 [[34MDEBUG[39M]: Request Details {
  "service": "poker-game-api",
  "method": "GET",
  "url": "/api/game/games",
  "params": {},
  "query": {}
}
2025-02-27 15:59:13 [[32MHTTP[39M]: GET /api/game/games 200 1.384 ms {
  "service": "poker-game-api"
}
2025-02-27 16:00:13 [[34MDEBUG[39M]: Request Details {
  "service": "poker-game-api",
  "method": "GET",
  "url": "/api/game/games",
  "params": {},
  "query": {}
}
2025-02-27 16:00:13 [[32MHTTP[39M]: GET /api/game/games 200 1.175 ms {
  "service": "poker-game-api"
}
2025-02-27 16:01:13 [[34MDEBUG[39M]: Request Details {
  "service": "poker-game-api",
  "method": "GET",
  "url": "/api/game/games",
  "params": {},
  "query": {}
}
2025-02-27 16:01:13 [[32MHTTP[39M]: GET /api/game/games 200 1.991 ms {
  "service": "poker-game-api"
}
2025-02-27 16:02:13 [[34MDEBUG[39M]: Request Details {
  "service": "poker-game-api",
  "method": "GET",
  "url": "/api/game/games",
  "params": {},
  "query": {}
}
2025-02-27 16:02:13 [[32MHTTP[39M]: GET /api/game/games 200 1.963 ms {
  "service": "poker-game-api"
}
2025-02-27 16:03:13 [[34MDEBUG[39M]: Request Details {
  "service": "poker-game-api",
  "method": "GET",
  "url": "/api/game/games",
  "params": {},
  "query": {}
}
2025-02-27 16:03:13 [[32MHTTP[39M]: GET /api/game/games 200 1.641 ms {
  "service": "poker-game-api"
}
